chr	pos	map	cMperMb	DSB	deltaDSB	oNCO	sex	cn	len	d_p	d_q	d_fus	d_cen	cls	k	end_id
chr1	500000	0.2178785609617106	1.319383	0.8979019038468424	0.6169344710656492	0.0011685116851168	pat	1	248956422	0.5	248.456422		122.9	end_p	0.0	chr1p
chr1	1500000	0.2043358082101091	2.025987	0.8578629728404364	0.4410291060719664	0.0020295202952029	pat	1	248956422	1.5	247.456422		121.9	end_p	1.0	chr1p
chr1	2500000	0.2027099036410209	4.045639	0.8917523945640836	0.1230945752406703	0.0035055350553505	pat	1	248956422	2.5	246.456422		120.9	end_p	2.0	chr1p
chr1	3500000	0.1068078615497993	3.945682	0.5061450861991972	-0.1820878878272735	0.0029520295202952	pat	1	248956422	3.5	245.456422		119.9	end_p	3.0	chr1p
chr1	4500000	0.0736511113223041	3.989745	0.3743993452892164	-0.3588281635871662	0.0022755227552275	pat	1	248956422	4.5	244.456422		118.9	end_p	4.0	chr1p
chr1	5500000	0.0667462421662709	1.978482	0.3065546086650836	-0.0739270136364252	0.0017220172201722	pat	1	248956422	5.5	243.456422		117.9	end_p	5.0	chr1p
chr1	6500000	0.0751792435300365	1.847886	0.3376746941201459	0.0195677587754003	0.001660516605166	pat	1	248956422	6.5	242.456422		116.9	end_p	6.0	chr1p
chr1	7500000	0.0946293636705593	1.244081	0.4033990746822372	0.3207107748415941	0.0017220172201722	pat	1	248956422	7.5	241.456422		115.9	end_p	7.0	chr1p
chr1	8500000	0.0615679710118192	1.306085	0.2723935840472767	0.0929386617281865	0.0011685116851168	pat	1	248956422	8.5	240.456422		114.9	end_p	8.0	chr1p
chr1	9500000	0.0508502606251011	1.211168	0.2276244025004044	0.0352891828313323	0.0008610086100861	pat	1	248956422	9.5	239.456422		113.9	end_p	9.0	chr1p
chr1	10500000	0.0414693386270724	1.268972	0.1912567945082896	-0.0897305941541442	0.0007380073800738	pat	1	248956422	10.5	238.456422		112.9	end_p	10.0	chr1p
chr1	11500000	0.0271694356193139	1.22428	0.1331633424772556	-0.2761194336457179	0.000430504305043	pat	1	248956422	11.5	237.456422		111.9	end_p	11.0	chr1p
chr1	12500000	0.0237982764437933	1.07185	0.1166301057751732	-0.2758943460945681	0.0003690036900369	pat	1	248956422	12.5	236.456422		110.9	end_p	12.0	chr1p
chr1	13500000	0.0285699789635023	1.642403	0.1471279758540092	-0.3844305108859931	0.0005535055350553	pat	1	248956422	13.5	235.456422		109.9	end_p	13.0	chr1p
chr1	14500000	0.0536169895038386	1.904463	0.2525572180153544	-0.1630449673765314	0.0012915129151291	pat	1	248956422	14.5	234.456422		108.9	end_p	14.0	chr1p
chr1	15500000	0.0538149411152437	1.604513	0.2473500244609748	-0.0768290552463388	0.0011685116851168	pat	1	248956422	15.5	233.456422		107.9	end_p	15.0	chr1p
chr1	16500000	0.0541718875857473	1.184814	0.2403838303429892	0.0777845090074294	0.001230012300123	pat	1	248956422	16.5	232.456422		106.9	end_p	16.0	chr1p
chr1	17500000	0.0414774775717723	1.380741	0.1935247302870892	-0.1313183129155888	0.0009840098400984	pat	1	248956422	17.5	231.456422		105.9	end_p	17.0	chr1p
chr1	18500000	0.0562895213819088	1.844366	0.2620454055276352	-0.1235256931293014	0.0015990159901599	pat	1	248956422	18.5	230.456422		104.9	end_p	18.0	chr1p
chr1	19500000	0.0588893146614548	1.617067	0.2678985986458192	-0.0358080509135006	0.0015990159901599	pat	1	248956422	19.5	229.456422		103.9	end_p	19.0	chr1p
chr1	20500000	0.0628774476305632	0.961265	0.2707350905222528	0.2514875522040707	0.0014760147601476	pat	1	248956422	20.5	228.456422		102.9	interior		
chr1	21500000	0.0501827500037737	0.859437	0.2179197400150948	0.1975947732367434	0.0011685116851168	pat	1	248956422	21.5	227.456422		101.9	interior		
chr1	22500000	0.0478163284193161	0.872839	0.2087220936772644	0.1667671565732296	0.0009225092250922	pat	1	248956422	22.5	226.456422		100.9	interior		
chr1	23500000	0.0288901139802237	1.070984	0.1369801359208948	-0.1837735797480778	0.0006150061500615	pat	1	248956422	23.5	225.456422		99.9	interior		
chr1	24500000	0.0239333810091612	0.891655	0.1135666240366448	-0.1861742465878567	0.0003690036900369	pat	1	248956422	24.5	224.456422		98.9	interior		
chr1	25500000	0.0215743137207052	0.737257	0.1010423948828208	-0.1441735306795094	0.0003075030750307	pat	1	248956422	25.5	223.456422		97.9	interior		
chr1	26500000	0.0274974795010597	0.414936	0.1182886380042387	0.2575816603581325	0.0003075030750307	pat	1	248956422	26.5	222.456422		96.9	interior		
chr1	27500000	0.0218147326321809	0.28511	0.0929611305287236	0.3233526202689164	0.0001845018450184	pat	1	248956422	27.5	221.456422		95.9	interior		
chr1	28500000	0.0257315450956183	0.451537	0.1119569203824732	0.185875480368442	0.0003690036900369	pat	1	248956422	28.5	220.456422		94.9	interior		
chr1	29500000	0.0289724912144541	0.82198	0.1323295648578164	-0.0521059482274948	0.0007380073800738	pat	1	248956422	29.5	219.456422		93.9	interior		
chr1	30500000	0.0292050756758513	0.841324	0.1336467827034052	-0.0597145819150986	0.0007995079950799	pat	1	248956422	30.5	218.456422		92.9	interior		
chr1	31500000	0.0284179956153687	0.669119	0.1270543624614748	0.0410387233008605	0.0006150061500615	pat	1	248956422	31.5	217.456422		91.9	interior		
chr1	32500000	0.0142343396397137	0.53141	0.0675655585588548	-0.1871738622682242	0.0001230012300123	pat	1	248956422	32.5	216.456422		90.9	interior		
chr1	33500000	0.0199628405558384	0.713693	0.0941252222233536	-0.1662024852467548	0.0003690036900369	pat	1	248956422	33.5	215.456422		89.9	interior		
chr1	34500000	0.0190729885153108	0.660925	0.0895104540612432	-0.1509888240626718	0.0003690036900369	pat	1	248956422	34.5	214.456422		88.9	interior		
chr1	35500000	0.027865221166877	0.656798	0.124596844667508	0.0405106895829081	0.0005535055350553	pat	1	248956422	35.5	213.456422		87.9	interior		
chr1	36500000	0.026779543492948	0.645016	0.120018493971792	0.0297042941619584	0.000430504305043	pat	1	248956422	36.5	212.456422		86.9	interior		
chr1	37500000	0.0281529288178075	1.074953	0.13411077527123	-0.1980085298140175	0.0005535055350553	pat	1	248956422	37.5	211.456422		85.9	interior		
chr1	38500000	0.027006706922658	0.95011	0.127029027690632	-0.1583704836659723	0.0004920049200492	pat	1	248956422	38.5	210.456422		84.9	interior		
chr1	39500000	0.0248790015131576	0.890756	0.1173311260526304	-0.1669151896647793	0.000430504305043	pat	1	248956422	39.5	209.456422		83.9	interior		
chr1	40500000	0.0241136393821847	0.57716	0.1079977575287388	0.0328486799399556	0.000430504305043	pat	1	248956422	40.5	208.456422		82.9	interior		
chr1	41500000	0.0195806953570109	0.552081	0.0893644014280436	-0.0490045784823277	0.000430504305043	pat	1	248956422	41.5	207.456422		81.9	interior		
chr1	42500000	0.0334029878973558	0.458496	0.1427818715894232	0.3012359477934257	0.0007995079950799	pat	1	248956422	42.5	206.456422		80.9	interior		
chr1	43500000	0.0329729754414676	0.478327	0.1414584417658704	0.2758903057407565	0.0007380073800738	pat	1	248956422	43.5	205.456422		79.9	interior		
chr1	44500000	0.0330394906850298	0.381425	0.1397864627401192	0.3777444800548486	0.0006765067650676	pat	1	248956422	44.5	204.456422		78.9	interior		
chr1	45500000	0.0188219715604356	0.400806	0.0833040062417424	0.091052251323099	0.0003075030750307	pat	1	248956422	45.5	203.456422		77.9	interior		
chr1	46500000	0.0183931989198778	0.432671	0.0822262156795111	0.0415092589603591	0.0003075030750307	pat	1	248956422	46.5	202.456422		76.9	interior		
chr1	47500000	0.0273066803019457	0.587767	0.1209820612077828	0.0857209383960124	0.0005535055350553	pat	1	248956422	47.5	201.456422		75.9	interior		
chr1	48500000	0.0266149618264985	0.433321	0.115126267305994	0.221781335389548	0.0004920049200492	pat	1	248956422	48.5	200.456422		74.9	interior		
chr1	49500000	0.0272194581736182	0.346922	0.1158162726944728	0.3345540356822966	0.000430504305043	pat	1	248956422	49.5	199.456422		73.9	interior		
chr1	50500000	0.0208521223096018	0.22392	0.0878868892384072	0.4083378950605834	0.0001845018450184	pat	1	248956422	50.5	198.456422		72.9	interior		
chr1	51500000	0.0265358352539961	0.409825	0.1143398410159843	0.2467173594727843	0.0003075030750307	pat	1	248956422	51.5	197.456422		71.9	interior		
chr1	52500000	0.0243099346169426	0.544473	0.1081291984677704	0.0659688749016554	0.0003690036900369	pat	1	248956422	52.5	196.456422		70.9	interior		
chr1	53500000	0.0281720635748761	0.833757	0.1293633942995044	-0.0731432722486508	0.0006765067650676	pat	1	248956422	53.5	195.456422		69.9	interior		
chr1	54500000	0.0211132533424804	0.820182	0.1008566533699216	-0.2062783889898752	0.0006765067650676	pat	1	248956422	54.5	194.456422		68.9	interior		
chr1	55500000	0.0184857469243831	1.186171	0.0976664076975324	-0.430256514152862	0.0006765067650676	pat	1	248956422	55.5	193.456422		67.9	interior		
chr1	56500000	0.014453907804185	1.14461	0.08070783121674	-0.5119698881230245	0.000430504305043	pat	1	248956422	56.5	192.456422		66.9	interior		
chr1	57500000	0.0220822276125577	1.376008	0.1158490704502308	-0.4182366479167211	0.0007380073800738	pat	1	248956422	57.5	191.456422		65.9	interior		
chr1	58500000	0.032203371517266	1.207249	0.152958466069064	-0.1891762648796273	0.0009840098400984	pat	1	248956422	58.5	190.456422		64.9	interior		
chr1	59500000	0.0433550575136007	1.14628	0.1963458300544028	-0.0168938587667436	0.0011070110701107	pat	1	248956422	59.5	189.456422		63.900000000000006	interior		
chr1	60500000	0.0551376153561482	1.264416	0.2458387814245928	0.054211510361959	0.001230012300123	pat	1	248956422	60.5	188.456422		62.900000000000006	interior		
chr1	61500000	0.0455331805261641	1.080312	0.2037389621046564	0.0372322987813377	0.0010455104551045	pat	1	248956422	61.5	187.456422		61.900000000000006	interior		
chr1	62500000	0.040764084061064	1.101156	0.185079456244256	-0.027618731952109	0.0010455104551045	pat	1	248956422	62.5	186.456422		60.900000000000006	interior		
chr1	63500000	0.0202863575928361	0.945847	0.1000623703713444	-0.2918018152463529	0.0004920049200492	pat	1	248956422	63.5	185.456422		59.900000000000006	interior		
chr1	64500000	0.0153246957577171	1.032047	0.0819397230308684	-0.4497489121678282	0.0003690036900369	pat	1	248956422	64.5	184.456422		58.900000000000006	interior		
chr1	65500000	0.01761301365712	1.084984	0.09215173462848	-0.4134867644182536	0.000430504305043	pat	1	248956422	65.5	183.456422		57.900000000000006	interior		
chr1	66500000	0.0170315326521004	0.948879	0.0871037106084016	-0.3709946005399372	0.000430504305043	pat	1	248956422	66.5	182.456422		56.900000000000006	interior		
chr1	67500000	0.02308362442262	0.842832	0.10919113769048	-0.1764252160320704	0.0006150061500615	pat	1	248956422	67.5	181.456422		55.900000000000006	interior		
chr1	68500000	0.0208663452461832	0.675592	0.0969772209847328	-0.1176470982768105	0.0005535055350553	pat	1	248956422	68.5	180.456422		54.900000000000006	interior		
chr1	69500000	0.0261381092736797	0.652292	0.1175982770947188	0.0119819065803213	0.0006765067650676	pat	1	248956422	69.5	179.456422		53.900000000000006	interior		
chr1	70500000	0.0219462723680414	0.528869	0.0983624694721655	0.0294511989349915	0.0004920049200492	pat	1	248956422	70.5	178.456422		52.900000000000006	interior		
chr1	71500000	0.0159117322720278	0.494098	0.0735288890881112	-0.0970011667540878	0.0002460024600246	pat	1	248956422	71.5	177.456422		51.900000000000006	interior		
chr1	72500000	0.0138726562596149	0.410387	0.0636983650384596	-0.0729292850208221	0.0002460024600246	pat	1	248956422	72.5	176.456422		50.900000000000006	interior		
chr1	73500000	0.0175276568232854	0.589889	0.0819084072931416	-0.1366848431693618	0.0003690036900369	pat	1	248956422	73.5	175.456422		49.900000000000006	interior		
chr1	74500000	0.0154807935748696	0.517127	0.0722657142994784	-0.133019733107762	0.0003690036900369	pat	1	248956422	74.5	174.456422		48.900000000000006	interior		
chr1	75500000	0.0140140613297545	0.712823	0.070312705319018	-0.3310922812856124	0.0003075030750307	pat	1	248956422	75.5	173.456422		47.900000000000006	interior		
chr1	76500000	0.0199392506759054	0.643591	0.0926288227036216	-0.1161288734029501	0.0004920049200492	pat	1	248956422	76.5	172.456422		46.900000000000006	interior		
chr1	77500000	0.0291483379575821	0.75206	0.1316345518303284	-0.0046776229065123	0.0007995079950799	pat	1	248956422	77.5	171.456422		45.900000000000006	interior		
chr1	78500000	0.030586431645245	0.587479	0.13409530658098	0.141924849967678	0.0008610086100861	pat	1	248956422	78.5	170.456422		44.900000000000006	interior		
chr1	79500000	0.0171571226010862	0.512701	0.0788825104043448	-0.0779498081605076	0.0004920049200492	pat	1	248956422	79.5	169.456422		43.900000000000006	interior		
chr1	80500000	0.018144239977359	0.601226	0.0846014799094359	-0.1290537220406638	0.0004920049200492	pat	1	248956422	80.5	168.456422		42.900000000000006	interior		
chr1	81500000	0.0212009407026829	0.740556	0.0996148828107316	-0.1548896185570603	0.0006150061500615	pat	1	248956422	81.5	167.456422		41.900000000000006	interior		
chr1	82500000	0.0256174055144356	0.723198	0.1169335820577424	-0.0496332434414156	0.0007380073800738	pat	1	248956422	82.5	166.456422		40.900000000000006	interior		
chr1	83500000	0.0188984069755278	0.795616	0.0915059479021112	-0.2444373738148672	0.0004920049200492	pat	1	248956422	83.5	165.456422		39.900000000000006	interior		
chr1	84500000	0.0166120173050333	0.74128	0.0812736692201332	-0.2716038315090036	0.0003690036900369	pat	1	248956422	84.5	164.456422		38.900000000000006	interior		
chr1	85500000	0.0155351394417649	0.713165	0.0764038577670596	-0.2846848004765083	0.0003690036900369	pat	1	248956422	85.5	163.456422		37.900000000000006	interior		
chr1	86500000	0.0290769788858936	0.756632	0.1314405555435744	-0.0089334366355725	0.0007380073800738	pat	1	248956422	86.5	162.456422		36.900000000000006	interior		
chr1	87500000	0.0284074813664236	0.693763	0.1275051854656944	0.0227885713867705	0.0006765067650676	pat	1	248956422	87.5	161.456422		35.900000000000006	interior		
chr1	88500000	0.041512211223726	0.863076	0.183310364894904	0.1029082928173738	0.0009225092250922	pat	1	248956422	88.5	160.456422		34.900000000000006	interior		
chr1	89500000	0.0284965585441458	0.712606	0.1282383541765832	0.0109583382319877	0.0006765067650676	pat	1	248956422	89.5	159.456422		33.900000000000006	interior		
chr1	90500000	0.0265297339830285	0.754483	0.121208595932114	-0.0533012898336355	0.0006765067650676	pat	1	248956422	90.5	158.456422		32.900000000000006	interior		
chr1	91500000	0.0176570560543875	0.520406	0.0810363442175499	-0.0710853495059886	0.0003690036900369	pat	1	248956422	91.5	157.456422		31.900000000000006	interior		
chr1	92500000	0.0159096970282546	0.461702	0.0728728281130184	-0.0633789140720017	0.0003690036900369	pat	1	248956422	92.5	156.456422		30.900000000000006	interior		
chr1	93500000	0.0324838326011618	0.56188	0.1411729304046471	0.192814350161416	0.0007995079950799	pat	1	248956422	93.5	155.456422		29.900000000000006	interior		
chr1	94500000	0.0284228139966351	0.678417	0.1272595959865404	0.0342330624739783	0.0007380073800738	pat	1	248956422	94.5	154.456422		28.900000000000006	interior		
chr1	95500000	0.0261730086850435	0.576657	0.1162251747401739	0.0741357016572954	0.0006765067650676	pat	1	248956422	95.5	153.456422		27.900000000000006	interior		
chr1	96500000	0.0230192872250541	0.606474	0.1042066289002164	-0.0151321045272088	0.0005535055350553	pat	1	248956422	96.5	152.456422		26.900000000000006	interior		
chr1	97500000	0.0249484208633335	0.878642	0.117366523453334	-0.1588942034096981	0.0006150061500615	pat	1	248956422	97.5	151.456422		25.900000000000006	interior		
chr1	98500000	0.0260327016995644	1.051846	0.1251677267982576	-0.2250249190781946	0.0006150061500615	pat	1	248956422	98.5	150.456422		24.900000000000006	interior		
chr1	99500000	0.0123274855455325	0.951387	0.06833768218213	-0.5024015275381117	0.0001845018450184	pat	1	248956422	99.5	149.456422		23.900000000000006	interior		
chr1	100500000	0.0148830919176767	1.035666	0.0802456876707068	-0.4627112208142661	0.0003075030750307	pat	1	248956422	100.5	148.456422		22.900000000000006	interior		
chr1	101500000	0.011968327384547	0.822684	0.064326989538188	-0.4578777335983098	0.0002460024600246	pat	1	248956422	101.5	147.456422		21.900000000000006	interior		
chr1	102500000	0.0121882725903146	0.668804	0.0621291703612583	-0.3644231113020194	0.0002460024600246	pat	1	248956422	102.5	146.456422		20.900000000000006	interior		
chr1	103500000	0.0170681459727525	0.297024	0.07421306389101	0.1898985645252667	0.000430504305043	pat	1	248956422	103.5	145.456422		19.900000000000006	interior		
chr1	104500000	0.0161880487589502	0.309524	0.0709426750358008	0.1441393999678316	0.000430504305043	pat	1	248956422	104.5	144.456422		18.900000000000006	interior		
chr1	105500000	0.0161326843527793	0.371279	0.0719563174111172	0.052430076855883	0.0004920049200492	pat	1	248956422	105.5	143.456422		17.900000000000006	interior		
chr1	106500000	0.0135054207843229	0.759711	0.0692159031372916	-0.3751403674425552	0.0003690036900369	pat	1	248956422	106.5	142.456422		16.900000000000006	interior		
chr1	107500000	0.015476738347713	0.798645	0.077879853390852	-0.337490508198428	0.0003690036900369	pat	1	248956422	107.5	141.456422		15.900000000000006	interior		
chr1	108500000	0.0248741351598571	0.75839	0.1146643406394283	-0.087925537236403	0.0005535055350553	pat	1	248956422	108.5	140.456422		14.900000000000006	interior		
chr1	109500000	0.0409879373948959	0.386013	0.1716720095795836	0.4615151804943153	0.0007995079950799	pat	1	248956422	109.5	139.456422		13.900000000000006	interior		
chr1	110500000	0.0584466185277943	0.474447	0.2432754141111772	0.5179348684448729	0.0012915129151291	pat	1	248956422	110.5	138.456422		12.900000000000006	interior		
chr1	111500000	0.0491122160121472	0.461016	0.2056691840485888	0.4628002872046503	0.0011685116851168	pat	1	248956422	111.5	137.456422		11.900000000000006	interior		
chr1	112500000	0.034338425733388	0.427447	0.145902642933552	0.3449927539989406	0.0008610086100861	pat	1	248956422	112.5	136.456422		10.900000000000006	interior		
chr1	113500000	0.0190772538144327	0.338162	0.0830722552577308	0.1810008813151091	0.0003690036900369	pat	1	248956422	113.5	135.456422		9.900000000000006	other		
chr1	114500000	0.0176920361151971	0.360251	0.0779731644607883	0.1132009567680321	0.0003690036900369	pat	1	248956422	114.5	134.456422		8.900000000000006	other		
chr1	115500000	0.0222738928291488	0.363789	0.0963713513165952	0.220281617135269	0.0004920049200492	pat	1	248956422	115.5	133.456422		7.900000000000006	other		
chr1	116500000	0.024336626681814	0.300136	0.103349226727256	0.3490880218025664	0.0005535055350553	pat	1	248956422	116.5	132.456422		6.900000000000006	other		
chr1	117500000	0.029211106127725	0.209506	0.1210345445109	0.5617796909499777	0.0006150061500615	pat	1	248956422	117.5	131.456422		5.900000000000006	other		
chr1	118500000	0.021470258510674	0.140428	0.088689594042696	0.5925055793873281	0.000430504305043	pat	1	248956422	118.5	130.456422		4.900000000000006	other		
chr1	119500000	0.0247573526008464	0.126765	0.1015647104033856	0.6662254689232908	0.0003075030750307	pat	1	248956422	119.5	129.456422		3.9000000000000057	other		
chr1	120500000	0.0256883290195268	0.100719	0.1047676960781072	0.7340173780282911	0.0001230012300123	pat	1	248956422	120.5	128.456422		2.9000000000000057	other		
chr1	121500000	0.0357232207366928	0.039941	0.1436917029467712	0.9161834688167536	0.0	pat	1	248956422	121.5	127.456422		1.9000000000000057	other		
chr1	122500000	0.0357232902700571	0.016532	0.1432238010802284	0.9644339493756836	0.0	pat	1	248956422	122.5	126.456422		0.9000000000000057	other		
chr1	123500000	0.0381892573929121	0.0	0.1527570295716484	1.0	0.0	pat	1	248956422	123.5	125.456422		0.09999999999999432	other		
chr1	124500000	0.0381892573929121	0.002859	0.1528142095716484	0.9941594051623456	0.0	pat	1	248956422	124.5	124.456422		1.0999999999999943	other		
chr1	125500000	0.0381892573929121	0.004242	0.1528418695716484	0.9913463263056624	0.0	pat	1	248956422	125.5	123.456422		2.0999999999999943	other		
chr1	126500000	0.0381892573929121	0.005625	0.1528695295716484	0.988541172858785	0.0	pat	1	248956422	126.5	122.456422		3.0999999999999943	other		
chr1	127500000	0.0381892573929121	0.00415	0.1528400295716484	0.9915332116460652	0.0	pat	1	248956422	127.5	121.456422		4.099999999999994	other		
chr1	128500000	0.0381892573929121	0.00415	0.1528400295716484	0.9915332116460652	0.0	pat	1	248956422	128.5	120.456422		5.099999999999994	other		
chr1	129500000	0.0381892573929121	0.00415	0.1528400295716484	0.9915332116460652	0.0	pat	1	248956422	129.5	119.456422		6.099999999999994	other		
chr1	130500000	0.0381892573929121	0.00415	0.1528400295716484	0.9915332116460652	0.0	pat	1	248956422	130.5	118.456422		7.099999999999994	other		
chr1	131500000	0.0381892573929121	0.00415	0.1528400295716484	0.9915332116460652	0.0	pat	1	248956422	131.5	117.456422		8.099999999999994	other		
chr1	132500000	0.0381892573929121	0.00415	0.1528400295716484	0.9915332116460652	0.0	pat	1	248956422	132.5	116.456422		9.099999999999994	other		
chr1	133500000	0.0381892573929121	0.00415	0.1528400295716484	0.9915332116460652	0.0	pat	1	248956422	133.5	115.456422		10.099999999999994	interior		
chr1	134500000	0.0381892573929121	0.00415	0.1528400295716484	0.9915332116460652	0.0	pat	1	248956422	134.5	114.456422		11.099999999999994	interior		
chr1	135500000	0.0381892573929121	0.00415	0.1528400295716484	0.9915332116460652	0.0	pat	1	248956422	135.5	113.456422		12.099999999999994	interior		
chr1	136500000	0.0381892573929121	0.00415	0.1528400295716484	0.9915332116460652	0.0	pat	1	248956422	136.5	112.456422		13.099999999999994	interior		
chr1	137500000	0.0381892573929121	0.00415	0.1528400295716484	0.9915332116460652	0.0	pat	1	248956422	137.5	111.456422		14.099999999999994	interior		
chr1	138500000	0.0381892573929121	0.00415	0.1528400295716484	0.9915332116460652	0.0	pat	1	248956422	138.5	110.456422		15.099999999999994	interior		
chr1	139500000	0.0381892573929121	0.00415	0.1528400295716484	0.9915332116460652	0.0	pat	1	248956422	139.5	109.456422		16.099999999999994	interior		
chr1	140500000	0.0381892573929121	0.00415	0.1528400295716484	0.9915332116460652	0.0	pat	1	248956422	140.5	108.456422		17.099999999999994	interior		
chr1	141500000	0.0381892573929121	0.00415	0.1528400295716484	0.9915332116460652	0.0	pat	1	248956422	141.5	107.456422		18.099999999999994	interior		
chr1	142500000	0.0381892573929121	0.013714	0.1530313095716484	0.9722911674140614	0.0	pat	1	248956422	142.5	106.456422		19.099999999999994	interior		
chr1	143500000	0.0381892573929121	0.031913	0.1533952895716484	0.9366845674954708	0.0	pat	1	248956422	143.5	105.456422		20.099999999999994	interior		
chr1	144500000	0.0427311046752444	0.055893	0.1720422787009776	0.9026370941763469	6.150061500615006e-05	pat	1	248956422	144.5	104.456422		21.099999999999994	interior		
chr1	145500000	0.0409120606630567	0.138902	0.1664262826522268	0.7654970035893792	6.150061500615006e-05	pat	1	248956422	145.5	103.456422		22.099999999999994	interior		
chr1	146500000	0.0199869393944674	0.155068	0.0830491175778695	0.5342965414410994	0.0001845018450184	pat	1	248956422	146.5	102.456422		23.099999999999994	interior		
chr1	147500000	0.0180641752785488	0.131061	0.0748779211141952	0.5578217560266051	0.0001230012300123	pat	1	248956422	147.5	101.456422		24.099999999999994	interior		
chr1	148500000	0.0212866789591852	0.187807	0.0889028558367408	0.4868052382741822	0.0001845018450184	pat	1	248956422	148.5	100.456422		25.099999999999994	interior		
chr1	149500000	0.0400287070069773	0.251939	0.1651536080279091	0.6048349839872016	0.0002460024600246	pat	1	248956422	149.5	99.456422		26.099999999999994	interior		
chr1	150500000	0.0522505576991001	0.414751	0.2172972507964004	0.5260857931060959	0.0006150061500615	pat	1	248956422	150.5	98.456422		27.099999999999994	interior		
chr1	151500000	0.0413540987272382	0.412229	0.1736609749089528	0.4388678459871518	0.0007380073800738	pat	1	248956422	151.5	97.456422		28.099999999999994	interior		
chr1	152500000	0.0451496310561335	0.682542	0.194249364224534	0.2567355701299494	0.0008610086100861	pat	1	248956422	152.5	96.456422		29.099999999999994	interior		
chr1	153500000	0.0406944988624966	0.746954	0.1777170754499863	0.1640794047662973	0.0008610086100861	pat	1	248956422	153.5	95.456422		30.099999999999994	interior		
chr1	154500000	0.0492607008132208	0.641556	0.2098739232528832	0.3249275518822049	0.0007995079950799	pat	1	248956422	154.5	94.456422		31.099999999999994	interior		
chr1	155500000	0.0911269851994442	0.53579	0.3752237407977768	0.6259854319501162	0.001230012300123	pat	1	248956422	155.5	93.456422		32.099999999999994	interior		
chr1	156500000	0.0648723612352682	0.566791	0.2708252649410728	0.4905215958715314	0.0009840098400984	pat	1	248956422	156.5	92.456422		33.099999999999994	interior		
chr1	157500000	0.0472787592411882	1.0103	0.2093210369647528	0.0893220237652852	0.0011070110701107	pat	1	248956422	157.5	91.456422		34.099999999999994	interior		
chr1	158500000	0.0191192849838303	1.255548	0.1015880999353212	-0.4396392224465989	0.0005535055350553	pat	1	248956422	158.5	90.456422		35.099999999999994	interior		
chr1	159500000	0.0238217572544194	1.449918	0.1242853890176776	-0.4084921456929398	0.0006765067650676	pat	1	248956422	159.5	89.456422		36.099999999999994	interior		
chr1	160500000	0.0228898848565085	1.242088	0.116401299426034	-0.3595731274077506	0.0004920049200492	pat	1	248956422	160.5	88.456422		37.099999999999994	interior		
chr1	161500000	0.0390788481581974	1.196024	0.1802358726327896	-0.0898142006166606	0.0007995079950799	pat	1	248956422	161.5	87.456422		38.099999999999994	interior		
chr1	162500000	0.0447332856052009	1.290388	0.2047409024208036	-0.0603851728252076	0.0011070110701107	pat	1	248956422	162.5	86.456422		39.099999999999994	interior		
chr1	163500000	0.043406130585873	1.57353	0.2050951223434919	-0.1729505453070111	0.0011685116851168	pat	1	248956422	163.5	85.456422		40.099999999999994	interior		
chr1	164500000	0.0301891445604008	1.578126	0.1523190982416032	-0.3432077152468219	0.0009225092250922	pat	1	248956422	164.5	84.456422		41.099999999999994	interior		
chr1	165500000	0.0193992157566255	1.248286	0.102562583026502	-0.4314000338744799	0.0004920049200492	pat	1	248956422	165.5	83.456422		42.099999999999994	interior		
chr1	166500000	0.0208287639349769	1.208941	0.1074938757399076	-0.3885160831644482	0.0005535055350553	pat	1	248956422	166.5	82.456422		43.099999999999994	interior		
chr1	167500000	0.0153942835177127	1.06321	0.0828413340708508	-0.4597501187320644	0.0003690036900369	pat	1	248956422	167.5	81.456422		44.099999999999994	interior		
chr1	168500000	0.0200553073642424	1.128705	0.1027953294569696	-0.3753489182452859	0.0006150061500615	pat	1	248956422	168.5	80.456422		45.099999999999994	interior		
chr1	169500000	0.0163666033104674	0.765511	0.0807766332418696	-0.2932505016175684	0.0004920049200492	pat	1	248956422	169.5	79.456422		46.099999999999994	interior		
chr1	170500000	0.0212138568368245	0.777382	0.100403067347298	-0.1781846528869884	0.0006765067650676	pat	1	248956422	170.5	78.456422		47.099999999999994	interior		
chr1	171500000	0.0219675642624792	0.733905	0.1025483570499168	-0.1330807425240943	0.0005535055350553	pat	1	248956422	171.5	77.456422		48.099999999999994	interior		
chr1	172500000	0.032544680309161	0.738036	0.144939441236644	0.0597707789423476	0.0007995079950799	pat	1	248956422	172.5	76.456422		49.099999999999994	interior		
chr1	173500000	0.0332153120685942	0.419314	0.1412475282743767	0.3387916923104666	0.0006765067650676	pat	1	248956422	173.5	75.456422		50.099999999999994	interior		
chr1	174500000	0.0321881588589978	0.711381	0.1429802554359912	0.0725987473613602	0.0007380073800738	pat	1	248956422	174.5	74.456422		51.099999999999994	interior		
chr1	175500000	0.0245314485706211	0.784301	0.1138118142824844	-0.1114224654785054	0.0005535055350553	pat	1	248956422	175.5	73.456422		52.099999999999994	interior		
chr1	176500000	0.0325629769872198	1.152225	0.1532964079488792	-0.1611875005030608	0.0007995079950799	pat	1	248956422	176.5	72.456422		53.099999999999994	interior		
chr1	177500000	0.0287617403512232	0.772174	0.1304904414048928	-0.0245455535925502	0.0005535055350553	pat	1	248956422	177.5	71.456422		54.099999999999994	interior		
chr1	178500000	0.0270925546238734	0.62877	0.1209456184954936	0.0482406876500703	0.0006150061500615	pat	1	248956422	178.5	70.456422		55.099999999999994	interior		
chr1	179500000	0.0181348174701494	0.3938	0.0804152698805975	0.081346574143885	0.0003690036900369	pat	1	248956422	179.5	69.456422		56.099999999999994	interior		
chr1	180500000	0.0299573257059533	0.549589	0.1308210828238132	0.1643294021363318	0.0008610086100861	pat	1	248956422	180.5	68.456422		57.099999999999994	interior		
chr1	181500000	0.0321227485607282	0.75805	0.1436519942429128	0.0399177827487634	0.0007995079950799	pat	1	248956422	181.5	67.456422		58.099999999999994	interior		
chr1	182500000	0.0346857593003216	0.977269	0.1582884172012864	-0.0486464913560787	0.0009225092250922	pat	1	248956422	182.5	66.456422		59.099999999999994	interior		
chr1	183500000	0.0241098658353651	0.881168	0.1140628233414604	-0.1769013712423449	0.0005535055350553	pat	1	248956422	183.5	65.456422		60.099999999999994	interior		
chr1	184500000	0.0239369478704767	0.709588	0.1099395514819068	-0.0739638880428518	0.0004920049200492	pat	1	248956422	184.5	64.456422		61.099999999999994	interior		
chr1	185500000	0.0202232010208744	0.490075	0.0906943040834976	0.0266611651088084	0.0003690036900369	pat	1	248956422	185.5	63.456422		62.099999999999994	interior		
chr1	186500000	0.0227399745359031	0.497396	0.1009078181436124	0.0777431921683602	0.0004920049200492	pat	1	248956422	186.5	62.456422		63.099999999999994	interior		
chr1	187500000	0.0205177046651582	0.56747	0.0934202186606328	-0.0393980110314116	0.0006150061500615	pat	1	248956422	187.5	61.456422		64.1	interior		
chr1	188500000	0.0202928744411189	0.529063	0.0917527577644756	-0.0098870808336884	0.0006150061500615	pat	1	248956422	188.5	60.456422		65.1	interior		
chr1	189500000	0.0154589932044828	0.401222	0.0698604128179312	-0.0076303878921258	0.0004920049200492	pat	1	248956422	189.5	59.456422		66.1	interior		
chr1	190500000	0.012265448309505	0.320693	0.05547565323802	-0.011317092087138	0.0003075030750307	pat	1	248956422	190.5	58.456422		67.1	interior		
chr1	191500000	0.0125609239930742	0.521699	0.0606776759722968	-0.2380619168259637	0.0003075030750307	pat	1	248956422	191.5	57.456422		68.1	interior		
chr1	192500000	0.0105935467850419	0.609848	0.0545711471401676	-0.3850292467700024	0.0001845018450184	pat	1	248956422	192.5	56.456422		69.1	interior		
chr1	193500000	0.010474307707738	0.571873	0.053334690830952	-0.362242180551163	0.0001845018450184	pat	1	248956422	193.5	55.456422		70.1	interior		
chr1	194500000	0.0097511609398466	0.448412	0.0479728837593863	-0.2854739031852094	0.0002460024600246	pat	1	248956422	194.5	54.456422		71.1	interior		
chr1	195500000	0.0118151290047973	0.392807	0.0551166560191892	-0.1306856342657944	0.0002460024600246	pat	1	248956422	195.5	53.456422		72.1	interior		
chr1	196500000	0.0178782216133129	0.416416	0.0798412064532516	0.0464472764653995	0.0003690036900369	pat	1	248956422	196.5	52.456422		73.1	interior		
chr1	197500000	0.0201874584149511	0.388074	0.0885113136598044	0.1415081396844131	0.0003075030750307	pat	1	248956422	197.5	51.456422		74.1	interior		
chr1	198500000	0.0201109551661992	0.550495	0.0914537206647968	-0.0342317565465597	0.0004920049200492	pat	1	248956422	198.5	50.456422		75.1	interior		
chr1	199500000	0.0146345044707864	0.641831	0.0713746378831456	-0.2635690366226172	0.0003690036900369	pat	1	248956422	199.5	49.456422		76.1	interior		
chr1	200500000	0.0243233427159106	0.821808	0.1137295308636424	-0.1386057144229408	0.0007380073800738	pat	1	248956422	200.5	48.456422		77.1	interior		
chr1	201500000	0.0268686440287294	0.693966	0.1213538961149176	-0.0052000086569297	0.0006150061500615	pat	1	248956422	201.5	47.456422		78.1	interior		
chr1	202500000	0.0526863103253006	0.804853	0.2268423013012024	0.2518428163706657	0.0011685116851168	pat	1	248956422	202.5	46.456422		79.1	interior		
chr1	203500000	0.0490584347130421	0.754441	0.2113225588521684	0.2487209698530716	0.0010455104551045	pat	1	248956422	203.5	45.456422		80.1	interior		
chr1	204500000	0.0531355474076135	0.868113	0.2299044496304539	0.2201308115864242	0.0012915129151291	pat	1	248956422	204.5	44.456422		81.1	interior		
chr1	205500000	0.0543697943295345	0.824848	0.233976137318138	0.2550775488852147	0.0011070110701107	pat	1	248956422	205.5	43.456422		82.1	interior		
chr1	206500000	0.0344519045227099	0.812333	0.1540542780908396	0.0403365146551485	0.0007380073800738	pat	1	248956422	206.5	42.456422		83.1	interior		
chr1	207500000	0.0427967243424475	1.001449	0.19121587736979	0.0441319331600027	0.0009225092250922	pat	1	248956422	207.5	41.456422		84.1	interior		
chr1	208500000	0.0362591739449578	1.065537	0.1663474357798312	-0.069626584807262	0.0009840098400984	pat	1	248956422	208.5	40.456422		85.1	interior		
chr1	209500000	0.040670011108232	0.926938	0.1812188044329279	0.0572708671567852	0.0011070110701107	pat	1	248956422	209.5	39.456422		86.1	interior		
chr1	210500000	0.0225708920405452	0.615677	0.1025971081621808	-0.0324877941123529	0.0005535055350553	pat	1	248956422	210.5	38.456422		87.1	interior		
chr1	211500000	0.0192827784433235	0.467489	0.086480893773294	0.0264435685328098	0.000430504305043	pat	1	248956422	211.5	37.456422		88.1	interior		
chr1	212500000	0.0292861951417605	0.580671	0.128758200567042	0.1263190324061252	0.0006765067650676	pat	1	248956422	212.5	36.456422		89.1	interior		
chr1	213500000	0.0468534863984237	0.748435	0.2023826455936948	0.2308167250331316	0.0009840098400984	pat	1	248956422	213.5	35.456422		90.1	interior		
chr1	214500000	0.0311652475259281	0.71279	0.1389167901037124	0.0555326416430972	0.0007380073800738	pat	1	248956422	214.5	34.456422		91.1	interior		
chr1	215500000	0.0226714724585089	0.813051	0.1069469098340356	-0.1677122436465549	0.0005535055350553	pat	1	248956422	215.5	33.456422		92.1	interior		
chr1	216500000	0.0125990497905302	0.703749	0.0644711791621207	-0.3721089114700427	0.0003075030750307	pat	1	248956422	216.5	32.456422		93.1	interior		
chr1	217500000	0.0193188798576305	0.79815	0.093238519430522	-0.2355669673420407	0.0005535055350553	pat	1	248956422	217.5	31.456422		94.1	interior		
chr1	218500000	0.0157724996972752	0.644417	0.0759783387891008	-0.2303012981952635	0.000430504305043	pat	1	248956422	218.5	30.456422		95.1	interior		
chr1	219500000	0.0245948520102273	0.609503	0.1105694680409092	0.0154768550142926	0.0006150061500615	pat	1	248956422	219.5	29.456422		96.1	interior		
chr1	220500000	0.0228565228577971	0.540795	0.1022419914311884	0.0386103772322473	0.0005535055350553	pat	1	248956422	220.5	28.456422		97.1	interior		
chr1	221500000	0.0238138387252914	0.517351	0.1056023749011656	0.0811254274232804	0.0005535055350553	pat	1	248956422	221.5	27.456422		98.1	interior		
chr1	222500000	0.022685453761597	0.570002	0.102141855046388	0.0085732628004697	0.0006150061500615	pat	1	248956422	222.5	26.456422		99.1	interior		
chr1	223500000	0.0304146729323132	0.529941	0.1322575117292528	0.1893001294673144	0.0007380073800738	pat	1	248956422	223.5	25.456422		100.1	interior		
chr1	224500000	0.048252010323269	0.516424	0.203336521293076	0.4097295179925382	0.0010455104551045	pat	1	248956422	224.5	24.456422		101.1	interior		
chr1	225500000	0.0534349076709319	0.453757	0.2228147706837276	0.5012563329357167	0.0011070110701107	pat	1	248956422	225.5	23.456422		102.1	interior		
chr1	226500000	0.0314890969012181	0.387809	0.1337125676048724	0.3496945035286669	0.0007995079950799	pat	1	248956422	226.5	22.456422		103.1	interior		
chr1	227500000	0.0269218920345785	0.34185	0.1145245681383139	0.3362117509732797	0.0006150061500615	pat	1	248956422	227.5	21.456422		104.1	interior		
chr1	228500000	0.0236462584050879	0.392074	0.1024265136203516	0.2130923763603515	0.0004920049200492	pat	1	248956422	228.5	20.456422		105.1	interior		
chr1	229500000	0.0562772088973873	0.814759	0.2414040155895492	0.2768155847340208	0.0012915129151291	pat	1	248956422	229.5	19.456422		106.1	end_q	19.0	chr1q
chr1	230500000	0.0625327268861201	1.052193	0.2711747675444804	0.2060671228135182	0.0015375153751537	pat	1	248956422	230.5	18.456422		107.1	end_q	18.0	chr1q
chr1	231500000	0.0601939991017672	1.218471	0.2651454164070688	0.1161156268085725	0.0017220172201722	pat	1	248956422	231.5	17.456422		108.1	end_q	17.0	chr1q
chr1	232500000	0.0410082450106002	1.245606	0.1889451000424008	-0.0860573049481574	0.0011685116851168	pat	1	248956422	232.5	16.456422		109.1	end_q	16.0	chr1q
chr1	233500000	0.0499016401652768	1.500431	0.2296151806611072	-0.0810174909238301	0.0015375153751537	pat	1	248956422	233.5	15.456422		110.1	end_q	15.0	chr1q
chr1	234500000	0.0529379359849551	1.402493	0.2398016039398204	-0.0179098538917266	0.0014145141451414	pat	1	248956422	234.5	14.456422		111.1	end_q	14.0	chr1q
chr1	235500000	0.0617565582698356	1.310241	0.2732310530793424	0.0928798813765354	0.001660516605166	pat	1	248956422	235.5	13.456422		112.1	end_q	13.0	chr1q
chr1	236500000	0.0472845182135802	1.280493	0.2147479328543208	-0.0288692797151784	0.0012915129151291	pat	1	248956422	236.5	12.456422		113.1	end_q	12.0	chr1q
chr1	237500000	0.0352886181139323	1.326436	0.1676831924557292	-0.1904593570201236	0.001230012300123	pat	1	248956422	237.5	11.456422		114.1	end_q	11.0	chr1q
chr1	238500000	0.0428279722095674	1.540603	0.2021239488382696	-0.169194604457663	0.0012915129151291	pat	1	248956422	238.5	10.456422		115.1	end_q	10.0	chr1q
chr1	239500000	0.0409771601990925	1.794585	0.19980034079637	-0.262904169942589	0.001230012300123	pat	1	248956422	239.5	9.456422		116.1	end_q	9.0	chr1q
chr1	240500000	0.087838307693287	2.516019	0.401673610773148	-0.05687483446933	0.0025830258302583	pat	1	248956422	240.5	8.456422		117.1	end_q	8.0	chr1q
chr1	241500000	0.0669962991273057	2.515902	0.3183032365092228	-0.1900058061753533	0.0020295202952029	pat	1	248956422	241.5	7.456422		118.1	end_q	7.0	chr1q
chr1	242500000	0.0870934060801166	1.942888	0.3872313843204664	0.0679517568402866	0.0020910209102091	pat	1	248956422	242.5	6.456422		119.1	end_q	6.0	chr1q
chr1	243500000	0.0520944717975234	2.455322	0.2574843271900935	-0.2967442964414372	0.0011070110701107	pat	1	248956422	243.5	5.456422		120.1	end_q	5.0	chr1q
chr1	244500000	0.090328350131002	3.03197	0.421952800524008	-0.135390314854807	0.0019680196801968	pat	1	248956422	244.5	4.456422		121.1	end_q	4.0	chr1q
chr1	245500000	0.1014991108527343	3.302115	0.4720387434109372	-0.1200214152506334	0.0028290282902829	pat	1	248956422	245.5	3.456422		122.1	end_q	3.0	chr1q
chr1	246500000	0.1091297831919802	2.500535	0.4865298327679208	0.0546159764185949	0.0034440344403444	pat	1	248956422	246.5	2.456422		123.1	end_q	2.0	chr1q
chr1	247500000	0.114087094747899	1.673003	0.489808438991596	0.2708906681228987	0.0030135301353013	pat	1	248956422	247.5	1.456422		124.1	end_q	1.0	chr1q
chr1	248500000	0.1077585913589804	1.736041	0.4657551854359216	0.2267844256552852	0.0017220172201722	pat	1	248956422	248.5	0.456422		125.1	end_q	0.0	chr1q
chr10	500000	0.1002012335467974	3.982342	0.4804517741871896	-0.2171765536476216	0.0015990159901599	pat	10	133797422	0.5	133.297422		39.3	end_p	0.0	chr10p
chr10	1500000	0.0812925055711881	4.12444	0.4076588222847523	-0.3299609218304072	0.0022140221402214	pat	10	133797422	1.5	132.297422		38.3	end_p	1.0	chr10p
chr10	2500000	0.0827398331723603	5.669212	0.4443435726894412	-0.4566106184362278	0.0030135301353013	pat	10	133797422	2.5	131.297422		37.3	end_p	2.0	chr10p
chr10	3500000	0.0682185244535738	4.988112	0.3726363378142952	-0.4819467021728555	0.0025830258302583	pat	10	133797422	3.5	130.297422		36.3	end_p	3.0	chr10p
chr10	4500000	0.0808476274890497	4.281703	0.4090245699561988	-0.3489419286132393	0.002890528905289	pat	10	133797422	4.5	129.297422		35.3	end_p	4.0	chr10p
chr10	5500000	0.0657487943042942	2.748921	0.3179735972171768	-0.2411829635452614	0.0020295202952029	pat	10	133797422	5.5	128.297422		34.3	end_p	5.0	chr10p
chr10	6500000	0.0711883168299497	2.572304	0.3361993473197988	-0.171374906956739	0.0020910209102091	pat	10	133797422	6.5	127.297422		33.3	end_p	6.0	chr10p
chr10	7500000	0.0419863222928556	2.534638	0.2186380491714224	-0.4050702711661061	0.0012915129151291	pat	10	133797422	7.5	126.297422		32.3	end_p	7.0	chr10p
chr10	8500000	0.0276529252417258	1.770206	0.1460158209669032	-0.429291993934928	0.0009225092250922	pat	10	133797422	8.5	125.297422		31.299999999999997	end_p	8.0	chr10p
chr10	9500000	0.0239796643627844	1.795778	0.1318342174511376	-0.4910646125575936	0.0007995079950799	pat	10	133797422	9.5	124.297422		30.299999999999997	end_p	9.0	chr10p
chr10	10500000	0.0438240424532532	1.619742	0.2076910098130128	-0.1823266940655255	0.001230012300123	pat	10	133797422	10.5	123.297422		29.299999999999997	end_p	10.0	chr10p
chr10	11500000	0.065152263993644	1.94194	0.299447855974576	-0.0766756049290916	0.0017835178351783	pat	10	133797422	11.5	122.297422		28.299999999999997	end_p	11.0	chr10p
chr10	12500000	0.0668868360042336	1.649354	0.3005344240169344	0.0179611187620263	0.0018450184501845	pat	10	133797422	12.5	121.297422		27.299999999999997	end_p	12.0	chr10p
chr10	13500000	0.0652120459251127	1.62911	0.2934303837004508	0.0114584847656721	0.0018450184501845	pat	10	133797422	13.5	120.297422		26.299999999999997	end_p	13.0	chr10p
chr10	14500000	0.0471670536383709	1.247699	0.2136221945534835	-0.0171472198887421	0.0012915129151291	pat	10	133797422	14.5	119.297422		25.299999999999997	end_p	14.0	chr10p
chr10	15500000	0.0430768093067768	1.302107	0.1983493772271072	-0.0836497278835542	0.0011070110701107	pat	10	133797422	15.5	118.297422		24.299999999999997	end_p	15.0	chr10p
chr10	16500000	0.0320471505993782	1.033059	0.1488497823975128	-0.1154866347740404	0.0008610086100861	pat	10	133797422	16.5	117.297422		23.299999999999997	end_p	16.0	chr10p
chr10	17500000	0.0429014673592497	1.048863	0.1925831294369988	0.0222497922529847	0.0012915129151291	pat	10	133797422	17.5	116.297422		22.299999999999997	end_p	17.0	chr10p
chr10	18500000	0.0574173699560571	0.900301	0.2476754998242284	0.2395911408165595	0.0018450184501845	pat	10	133797422	18.5	115.297422		21.299999999999997	end_p	18.0	chr10p
chr10	19500000	0.0500796905091574	0.889609	0.2181109420366296	0.1799666316076229	0.0017220172201722	pat	10	133797422	19.5	114.297422		20.299999999999997	end_p	19.0	chr10p
chr10	20500000	0.0436265641462836	0.752208	0.1895504165851344	0.194353980810296	0.0011685116851168	pat	10	133797422	20.5	113.297422		19.299999999999997	interior		
chr10	21500000	0.0236675386315223	0.335896	0.1013880745260892	0.2859801667895122	0.0004920049200492	pat	10	133797422	21.5	112.297422		18.299999999999997	interior		
chr10	22500000	0.0286292746943386	0.213944	0.1187959787773544	0.5475595686240794	0.000430504305043	pat	10	133797422	22.5	111.297422		17.299999999999997	interior		
chr10	23500000	0.035288087451624	0.299432	0.1471409898064959	0.5015391813237874	0.0007380073800738	pat	10	133797422	23.5	110.297422		16.299999999999997	interior		
chr10	24500000	0.0394564372855664	0.539302	0.1686117891422656	0.3031567602116839	0.0009840098400984	pat	10	133797422	24.5	109.297422		15.299999999999997	interior		
chr10	25500000	0.0512665282733941	0.615329	0.2173726930935764	0.3609449203208694	0.0014145141451414	pat	10	133797422	25.5	108.297422		14.299999999999997	interior		
chr10	26500000	0.0356626063640213	0.49882	0.1526268254560852	0.2926482757953397	0.0009840098400984	pat	10	133797422	26.5	107.297422		13.299999999999997	interior		
chr10	27500000	0.0289693870628487	0.342937	0.1227362882513948	0.3669361306071731	0.0007995079950799	pat	10	133797422	27.5	106.297422		12.299999999999997	interior		
chr10	28500000	0.0245338765586936	0.292167	0.1039788462347744	0.3643529989049572	0.0007995079950799	pat	10	133797422	28.5	105.297422		11.299999999999997	interior		
chr10	29500000	0.0246937721897458	0.314232	0.1050597287589832	0.335258706407007	0.0008610086100861	pat	10	133797422	29.5	104.297422		10.299999999999997	interior		
chr10	30500000	0.0280359547896906	0.215728	0.1164583791587623	0.5372389373188765	0.0007995079950799	pat	10	133797422	30.5	103.297422		9.299999999999997	other		
chr10	31500000	0.0270739339470826	0.124837	0.1107924757883304	0.6943530094807987	0.0005535055350553	pat	10	133797422	31.5	102.297422		8.299999999999997	other		
chr10	32500000	0.0281796090934616	0.133448	0.1153873963738464	0.6873815117811429	0.0006765067650676	pat	10	133797422	32.5	101.297422		7.299999999999997	other		
chr10	33500000	0.0265830463655599	0.176692	0.1098660254622396	0.587254028594375	0.0006765067650676	pat	10	133797422	33.5	100.297422		6.299999999999997	other		
chr10	34500000	0.0242255604673173	0.162992	0.1001620818692692	0.58325713243124	0.0005535055350553	pat	10	133797422	34.5	99.297422		5.299999999999997	other		
chr10	35500000	0.03362692447424	0.098085	0.13646939789696	0.7951480989448381	0.0007380073800738	pat	10	133797422	35.5	98.297422		4.299999999999997	other		
chr10	36500000	0.0350335606321212	0.039133	0.1409169025284848	0.91625914855742	0.0006765067650676	pat	10	133797422	36.5	97.297422		3.299999999999997	other		
chr10	37500000	0.035446369805137	0.019048	0.142166439220548	0.958819064546058	0.0004920049200492	pat	10	133797422	37.5	96.297422		2.299999999999997	other		
chr10	38500000	0.0248209427452775	0.002406	0.09933189098111	0.9924440729349208	6.150061500615006e-05	pat	10	133797422	38.5	95.297422		1.2999999999999972	other		
chr10	39500000	0.0350415364289294	0.000169	0.1401695257157175	0.9996227094807516	0.0	pat	10	133797422	39.5	94.297422		0.29999999999999716	other		
chr10	40500000	0.0381892573929121	3.8e-05	0.1527577895716484	0.9999221462134646	0.0	pat	10	133797422	40.5	93.297422		0.7000000000000028	other		
chr10	41500000	0.0282377505548311	0.006613	0.1130832622193244	0.9818422606568564	0.0	pat	10	133797422	41.5	92.297422		1.7000000000000028	other		
chr10	42500000	0.0221069769904662	0.028212	0.0889921479618647	0.9048957352041046	0.0001845018450184	pat	10	133797422	42.5	91.297422		2.700000000000003	other		
chr10	43500000	0.0212070833023844	0.054248	0.0859132932095376	0.8180573046564433	0.000430504305043	pat	10	133797422	43.5	90.297422		3.700000000000003	other		
chr10	44500000	0.0206838172617363	0.068395	0.0841031690469452	0.7709061293240633	0.0004920049200492	pat	10	133797422	44.5	89.297422		4.700000000000003	other		
chr10	45500000	0.0243887137517968	0.068503	0.0989249150071872	0.8019858037772526	0.0003690036900369	pat	10	133797422	45.5	88.297422		5.700000000000003	other		
chr10	46500000	0.0454802091853302	0.079392	0.1835086767413208	0.8721449112610008	0.0003690036900369	pat	10	133797422	46.5	87.297422		6.700000000000003	other		
chr10	47500000	0.0592672769681756	0.161367	0.2402964478727024	0.8074713201006858	0.0006765067650676	pat	10	133797422	47.5	86.297422		7.700000000000003	other		
chr10	48500000	0.0495495539060113	0.217385	0.2025459156240452	0.7070115204562891	0.0008610086100861	pat	10	133797422	48.5	85.297422		8.700000000000003	other		
chr10	49500000	0.0437642724452588	0.262275	0.1803025897810352	0.6201467802665964	0.0008610086100861	pat	10	133797422	49.5	84.297422		9.700000000000003	other		
chr10	50500000	0.0264397515245135	0.311783	0.111994666098054	0.3686086678818143	0.0006150061500615	pat	10	133797422	50.5	83.297422		10.700000000000003	interior		
chr10	51500000	0.02404124373958	0.38098	0.10378457495832	0.2345920277970422	0.0006765067650676	pat	10	133797422	51.5	82.297422		11.700000000000003	interior		
chr10	52500000	0.0167609427748603	0.371108	0.0744659310994411	0.0716873771930325	0.0006150061500615	pat	10	133797422	52.5	81.297422		12.700000000000003	interior		
chr10	53500000	0.0167538101341147	0.280756	0.0726303605364588	0.2080204029633695	0.0006150061500615	pat	10	133797422	53.5	80.297422		13.700000000000003	interior		
chr10	54500000	0.0172179897460209	0.270266	0.0742772789840836	0.2390869642443818	0.0005535055350553	pat	10	133797422	54.5	79.297422		14.700000000000003	interior		
chr10	55500000	0.0152423938211366	0.253126	0.0660320952845464	0.2123471586431683	0.000430504305043	pat	10	133797422	55.5	78.297422		15.700000000000003	interior		
chr10	56500000	0.0141388929861682	0.268962	0.0619348119446728	0.1466460933768385	0.000430504305043	pat	10	133797422	56.5	77.297422		16.700000000000003	interior		
chr10	57500000	0.0163727451120107	0.324687	0.0719847204480428	0.1262326863484949	0.0004920049200492	pat	10	133797422	57.5	76.297422		17.700000000000003	interior		
chr10	58500000	0.0219036703908049	0.491087	0.0974364215632195	0.0654541942561071	0.0006150061500615	pat	10	133797422	58.5	75.297422		18.700000000000003	interior		
chr10	59500000	0.0260096987555024	0.751253	0.1190638550220096	-0.0610291025437368	0.0006765067650676	pat	10	133797422	59.5	74.297422		19.700000000000003	interior		
chr10	60500000	0.0217605044228528	0.687373	0.1007894776914112	-0.1054651349243895	0.0005535055350553	pat	10	133797422	60.5	73.297422		20.700000000000003	interior		
chr10	61500000	0.0192439448308999	0.647947	0.0899347193235996	-0.1369095997777111	0.0004920049200492	pat	10	133797422	61.5	72.297422		21.700000000000003	interior		
chr10	62500000	0.0355444511295979	0.449275	0.1511633045183916	0.3382418334419849	0.0009225092250922	pat	10	133797422	62.5	71.297422		22.700000000000003	interior		
chr10	63500000	0.0342231576569487	0.500002	0.1468926706277948	0.2726058051783159	0.0008610086100861	pat	10	133797422	63.5	70.297422		23.700000000000003	interior		
chr10	64500000	0.0258907690982887	0.441629	0.1123956563931548	0.1995267349064164	0.0007380073800738	pat	10	133797422	64.5	69.297422		24.700000000000003	interior		
chr10	65500000	0.0083655130916329	0.628452	0.0460310923665316	-0.4922605909411738	0.0003075030750307	pat	10	133797422	65.5	68.297422		25.700000000000003	interior		
chr10	66500000	0.0073520357614952	0.52532	0.0399145430459808	-0.4730433085263394	0.0002460024600246	pat	10	133797422	66.5	67.297422		26.700000000000003	interior		
chr10	67500000	0.0137085496521713	0.551792	0.0658700386086852	-0.223221771387172	0.0003690036900369	pat	10	133797422	67.5	66.297422		27.700000000000003	interior		
chr10	68500000	0.0318269783838759	0.644642	0.1402007535355036	0.1158189665074305	0.0007995079950799	pat	10	133797422	68.5	65.297422		28.700000000000003	interior		
chr10	69500000	0.0336025153814749	0.879724	0.1520045415258996	-0.011971625790126	0.0009840098400984	pat	10	133797422	69.5	64.297422		29.700000000000003	interior		
chr10	70500000	0.0440525981030877	1.09307	0.1980717924123508	0.014849758848552	0.0013530135301353	pat	10	133797422	70.5	63.297422		30.700000000000003	interior		
chr10	71500000	0.0272903278708244	0.791008	0.1249814714832976	-0.062773766625319	0.0007380073800738	pat	10	133797422	71.5	62.297422		31.700000000000003	interior		
chr10	72500000	0.0372241366786061	0.644658	0.1617897067144243	0.1922285192595751	0.0007380073800738	pat	10	133797422	72.5	61.297422		32.7	interior		
chr10	73500000	0.0325273683130872	0.373585	0.1375811732523488	0.3799486118409234	0.0003690036900369	pat	10	133797422	73.5	60.297422		33.7	interior		
chr10	74500000	0.0855753379716473	0.671182	0.3557249918865892	0.5304059458452574	0.0011070110701107	pat	10	133797422	74.5	59.297422		34.7	interior		
chr10	75500000	0.0763541667742858	1.191683	0.3292503270971432	0.2417781638456822	0.0012915129151291	pat	10	133797422	75.5	58.297422		35.7	interior		
chr10	76500000	0.0617146563179439	1.486791	0.2765944452717756	0.0295958337589003	0.0012915129151291	pat	10	133797422	76.5	57.297422		36.7	interior		
chr10	77500000	0.0402763200821289	1.43396	0.1897844803285155	-0.1641846439686644	0.0009225092250922	pat	10	133797422	77.5	56.297422		37.7	interior		
chr10	78500000	0.0297837714022752	1.12871	0.1417092856091008	-0.1943962477775329	0.0007380073800738	pat	10	133797422	78.5	55.297422		38.7	interior		
chr10	79500000	0.0329857476947089	1.09994	0.1539417907788355	-0.1321586275822158	0.0008610086100861	pat	10	133797422	79.5	54.297422		39.7	interior		
chr10	80500000	0.0240753845795187	0.905083	0.1144031983180748	-0.1905298400996567	0.0006765067650676	pat	10	133797422	80.5	53.297422		40.7	interior		
chr10	81500000	0.0234380252622414	0.837559	0.1105032810489656	-0.1659845041035646	0.0006765067650676	pat	10	133797422	81.5	52.297422		41.7	interior		
chr10	82500000	0.0221035363916914	0.670981	0.1018337655667656	-0.0857589800310607	0.0006765067650676	pat	10	133797422	82.5	51.297422		42.7	interior		
chr10	83500000	0.0215749797178671	0.667764	0.0996551988714684	-0.0953780048847333	0.0006765067650676	pat	10	133797422	83.5	50.297422		43.7	interior		
chr10	84500000	0.0138018736816536	0.592217	0.0670518347266144	-0.2533627055561929	0.000430504305043	pat	10	133797422	84.5	49.297422		44.7	interior		
chr10	85500000	0.0219556074368165	0.659374	0.101009909747266	-0.0804286139553069	0.0006150061500615	pat	10	133797422	85.5	48.297422		45.7	interior		
chr10	86500000	0.0237188267722692	0.575624	0.1063877870890768	0.0259328548981942	0.0004920049200492	pat	10	133797422	86.5	47.297422		46.7	interior		
chr10	87500000	0.0304800120465958	0.506373	0.1320475081863832	0.2121582458248829	0.0006150061500615	pat	10	133797422	87.5	46.297422		47.7	interior		
chr10	88500000	0.0156606408469759	0.567168	0.0739859233879036	-0.1724794555593862	0.0003075030750307	pat	10	133797422	88.5	45.297422		48.7	interior		
chr10	89500000	0.010211033925339	0.598298	0.0528100957013559	-0.3925225730633306	0.0002460024600246	pat	10	133797422	89.5	44.297422		49.7	interior		
chr10	90500000	0.0125011664438065	0.690326	0.063811185775226	-0.3671625288411638	0.0003075030750307	pat	10	133797422	90.5	43.297422		50.7	interior		
chr10	91500000	0.0211958646541737	0.43562	0.0934958586166948	0.1086191309790643	0.0004920049200492	pat	10	133797422	91.5	42.297422		51.7	interior		
chr10	92500000	0.0296776553827793	0.594278	0.1305961815311171	0.1214525352233311	0.0007380073800738	pat	10	133797422	92.5	41.297422		52.7	interior		
chr10	93500000	0.0288758079817511	0.420682	0.1239168719270044	0.2739181538146557	0.0006765067650676	pat	10	133797422	93.5	40.297422		53.7	interior		
chr10	94500000	0.0231025083395797	0.515312	0.1027162733583187	0.0680106256987768	0.0006765067650676	pat	10	133797422	94.5	39.297422		54.7	interior		
chr10	95500000	0.0281555669379314	0.403777	0.1206978077517255	0.2811889425374168	0.0006765067650676	pat	10	133797422	95.5	38.297422		55.7	interior		
chr10	96500000	0.0416021214205803	0.508698	0.1765824456823212	0.3528363818818061	0.0009840098400984	pat	10	133797422	96.5	37.297422		56.7	interior		
chr10	97500000	0.0346995537678633	0.484332	0.1484848550714532	0.2936075140988745	0.0007995079950799	pat	10	133797422	97.5	36.297422		57.7	interior		
chr10	98500000	0.0305470169537912	0.464199	0.1314720478151648	0.2543032941092403	0.0007380073800738	pat	10	133797422	98.5	35.297422		58.7	interior		
chr10	99500000	0.0191377701074528	0.4173	0.0848970804298112	0.0792938764819226	0.0003690036900369	pat	10	133797422	99.5	34.297422		59.7	interior		
chr10	100500000	0.0245022397056972	0.356008	0.1051291188227888	0.2751591810943606	0.000430504305043	pat	10	133797422	100.5	33.297422		60.7	interior		
chr10	101500000	0.0258028985351946	0.261494	0.1084414741407784	0.4321758615414708	0.0003690036900369	pat	10	133797422	101.5	32.297422		61.7	interior		
chr10	102500000	0.0330937229708185	0.192968	0.136234251883274	0.6285049587944006	0.0005535055350553	pat	10	133797422	102.5	31.297422		62.7	interior		
chr10	103500000	0.0307775710905273	0.243093	0.1279721443621092	0.527880643730465	0.0005535055350553	pat	10	133797422	103.5	30.297422		63.7	interior		
chr10	104500000	0.02626082637036	0.300248	0.11104826548144	0.381886355207275	0.0005535055350553	pat	10	133797422	104.5	29.297422		64.7	interior		
chr10	105500000	0.0182370539642776	0.599263	0.0849334758571103	-0.1249349236221883	0.0003690036900369	pat	10	133797422	105.5	28.297422		65.7	interior		
chr10	106500000	0.0136417233957211	0.764904	0.0698649735828844	-0.3737519742682163	0.0003075030750307	pat	10	133797422	106.5	27.297422		66.7	interior		
chr10	107500000	0.014828026291093	0.902379	0.077359685164372	-0.4084307427642296	0.0003690036900369	pat	10	133797422	107.5	26.297422		67.7	interior		
chr10	108500000	0.0130912683774904	0.633323	0.0650315335099616	-0.3085898548389813	0.0003075030750307	pat	10	133797422	108.5	25.297422		68.7	interior		
chr10	109500000	0.0169402362545221	0.443377	0.0766284850180883	-0.0118323920465976	0.0003690036900369	pat	10	133797422	109.5	24.297422		69.7	interior		
chr10	110500000	0.0208748660196502	0.309648	0.0896924240786008	0.2655650641683134	0.0004920049200492	pat	10	133797422	110.5	23.297422		70.7	interior		
chr10	111500000	0.0415128311922874	0.676098	0.1795732847691496	0.2216243453487615	0.0009225092250922	pat	10	133797422	111.5	22.297422		71.7	interior		
chr10	112500000	0.0352625386439957	0.970919	0.1604685345759828	-0.0371623651004796	0.0009225092250922	pat	10	133797422	112.5	21.297422		72.7	interior		
chr10	113500000	0.0464069988052571	1.126665	0.2081612952210284	0.0257422932287542	0.0009840098400984	pat	10	133797422	113.5	20.297422		73.7	interior		
chr10	114500000	0.026644958168585	0.71606	0.12090103267434	-0.02504531974929	0.0006150061500615	pat	10	133797422	114.5	19.297422		74.7	end_q	19.0	chr10q
chr10	115500000	0.0266406490603133	0.548354	0.1175296762412532	0.1078687029475598	0.0005535055350553	pat	10	133797422	115.5	18.297422		75.7	end_q	18.0	chr10q
chr10	116500000	0.0303038883662867	0.927031	0.1397561734651468	-0.0895832363013598	0.0007380073800738	pat	10	133797422	116.5	17.297422		76.7	end_q	17.0	chr10q
chr10	117500000	0.0354025311740161	1.057692	0.1627639646960644	-0.0778413230433343	0.0009225092250922	pat	10	133797422	117.5	16.297422		77.7	end_q	16.0	chr10q
chr10	118500000	0.0436931047181592	1.038381	0.1955400388726368	0.0364014861333914	0.0010455104551045	pat	10	133797422	118.5	15.297422		78.7	end_q	15.0	chr10q
chr10	119500000	0.0279409887028801	0.890352	0.1295709948115204	-0.1097853336104756	0.0007380073800738	pat	10	133797422	119.5	14.297422		79.7	end_q	14.0	chr10q
chr10	120500000	0.031565983273104	1.035232	0.1469685730924159	-0.1239778133567464	0.0008610086100861	pat	10	133797422	120.5	13.297422		80.7	end_q	13.0	chr10q
chr10	121500000	0.0315738878997056	1.13999	0.1490953515988224	-0.1709942795911152	0.0009225092250922	pat	10	133797422	121.5	12.297422		81.7	end_q	12.0	chr10q
chr10	122500000	0.0345188433876429	1.204365	0.1621626735505716	-0.1543267399595204	0.0010455104551045	pat	10	133797422	122.5	11.297422		82.7	end_q	11.0	chr10q
chr10	123500000	0.0636818664178752	1.281354	0.2803545456715008	0.1190774159363222	0.0017220172201722	pat	10	133797422	123.5	10.297422		83.7	end_q	10.0	chr10q
chr10	124500000	0.0819277893214636	1.390346	0.3555180772858544	0.2019806756139311	0.0020295202952029	pat	10	133797422	124.5	9.297422		84.7	end_q	9.0	chr10q
chr10	125500000	0.0928083117481405	2.014761	0.411528466992562	0.0814905154366815	0.0022755227552275	pat	10	133797422	125.5	8.297422		85.7	end_q	8.0	chr10q
chr10	126500000	0.0510636202520826	2.27624	0.2497792810083304	-0.2711202111335817	0.0014760147601476	pat	10	133797422	126.5	7.297422		86.7	end_q	7.0	chr10q
chr10	127500000	0.0461036286007521	2.978311	0.2439807344030084	-0.4329963266714107	0.0014760147601476	pat	10	133797422	127.5	6.297422		87.7	end_q	6.0	chr10q
chr10	128500000	0.0516559096470586	3.935732	0.2853382785882344	-0.497585768322046	0.0017220172201722	pat	10	133797422	128.5	5.297422		88.7	end_q	5.0	chr10q
chr10	129500000	0.0917083907487341	4.287241	0.4525783829949364	-0.2930147139634705	0.002890528905289	pat	10	133797422	129.5	4.297422		89.7	end_q	4.0	chr10q
chr10	130500000	0.0920149711755344	4.431352	0.4566869247021375	-0.3065407582145525	0.0029520295202952	pat	10	133797422	130.5	3.297422		90.7	end_q	3.0	chr10q
chr10	131500000	0.1070158149119818	3.260746	0.4932781796479272	-0.0876106843947152	0.0031980319803198	pat	10	133797422	131.5	2.297422		91.7	end_q	2.0	chr10q
chr10	132500000	0.1243059782741437	3.323195	0.5636878130965748	-0.0224327139408841	0.0027060270602706	pat	10	133797422	132.5	1.297422		92.7	end_q	1.0	chr10q
chr10	133500000	0.1951393609924625	2.894082	0.83843908396985	0.2656492027716368	0.0020295202952029	pat	10	133797422	133.5	0.297422		93.7	end_q	0.0	chr10q
chr11	500000	0.2298623695571238	2.914951	0.9777484982284952	0.336790236110449	0.002890528905289	pat	11	135086622	0.5	134.586622		52.9	end_p	0.0	chr11p
chr11	1500000	0.2215357431495425	3.513356	0.95641009259817	0.2342295985377566	0.0039975399753997	pat	11	135086622	1.5	133.586622		51.9	end_p	1.0	chr11p
chr11	2500000	0.1200756457884134	3.262538	0.5455533431536536	-0.0305284474885668	0.0023985239852398	pat	11	135086622	2.5	132.586622		50.9	end_p	2.0	chr11p
chr11	3500000	0.078920656079702	2.548641	0.366655444318808	-0.1163751565395937	0.0019065190651906	pat	11	135086622	3.5	131.586622		49.9	end_p	3.0	chr11p
chr11	4500000	0.0278533100955849	1.789937	0.1472119803823396	-0.4308667175254347	0.0009840098400984	pat	11	135086622	4.5	130.586622		48.9	end_p	4.0	chr11p
chr11	5500000	0.0330893353000814	2.095048	0.1742583012003256	-0.4247954451419043	0.0014760147601476	pat	11	135086622	5.5	129.586622		47.9	end_p	5.0	chr11p
chr11	6500000	0.0332440933707683	2.454573	0.1820678334830732	-0.4856746004708586	0.0014760147601476	pat	11	135086622	6.5	128.586622		46.9	end_p	6.0	chr11p
chr11	7500000	0.080583344876163	2.227362	0.366880619504652	-0.0390892306873899	0.002460024600246	pat	11	135086622	7.5	127.586622		45.9	end_p	7.0	chr11p
chr11	8500000	0.089729729942782	1.412102	0.387160959771128	0.2378700486191622	0.0022755227552275	pat	11	135086622	8.5	126.586622		44.9	end_p	8.0	chr11p
chr11	9500000	0.1026596255362635	1.042798	0.431494462145054	0.4312323143652876	0.0025215252152521	pat	11	135086622	9.5	125.586622		43.9	end_p	9.0	chr11p
chr11	10500000	0.0714177302105214	1.079401	0.3072589408420856	0.2568413895086522	0.0020910209102091	pat	11	135086622	10.5	124.586622		42.9	end_p	10.0	chr11p
chr11	11500000	0.0460315282456209	1.458878	0.2133036729824836	-0.1071043484080942	0.0015375153751537	pat	11	135086622	11.5	123.586622		41.9	end_p	11.0	chr11p
chr11	12500000	0.0295114269051921	1.486807	0.1477818476207684	-0.3268280734957817	0.0010455104551045	pat	11	135086622	12.5	122.586622		40.9	end_p	12.0	chr11p
chr11	13500000	0.0173479933104559	1.173264	0.0928572532418236	-0.4514361639472341	0.000430504305043	pat	11	135086622	13.5	121.586622		39.9	end_p	13.0	chr11p
chr11	14500000	0.022869132803884	1.075371	0.112983951215536	-0.2956854180771364	0.0005535055350553	pat	11	135086622	14.5	120.586622		38.9	end_p	14.0	chr11p
chr11	15500000	0.0519917887540988	1.112754	0.2302222350163952	0.0885451970629671	0.0010455104551045	pat	11	135086622	15.5	119.586622		37.9	end_p	15.0	chr11p
chr11	16500000	0.0553543866496875	1.273001	0.24687756659875	0.052794080585377	0.0011685116851168	pat	11	135086622	16.5	118.586622		36.9	end_p	16.0	chr11p
chr11	17500000	0.0510688284597045	1.049288	0.225261073838818	0.108753221633652	0.0011070110701107	pat	11	135086622	17.5	117.586622		35.9	end_p	17.0	chr11p
chr11	18500000	0.032627983118141	1.271642	0.155944772472564	-0.2078426466367692	0.0009225092250922	pat	11	135086622	18.5	116.586622		34.9	end_p	18.0	chr11p
chr11	19500000	0.0237598615481046	1.301517	0.1210697861924184	-0.3636733157312111	0.0007380073800738	pat	11	135086622	19.5	115.586622		33.9	end_p	19.0	chr11p
chr11	20500000	0.0150059185494396	1.533185	0.0906873741977584	-0.5997761437463218	0.0005535055350553	pat	11	135086622	20.5	114.586622		32.9	interior		
chr11	21500000	0.0088580362533874	1.369083	0.0628138050135496	-0.7161781779280829	0.0002460024600246	pat	11	135086622	21.5	113.586622		31.9	interior		
chr11	22500000	0.0067427713461689	1.155427	0.0500796253846756	-0.7403916564726412	0.0002460024600246	pat	11	135086622	22.5	112.586622		30.9	interior		
chr11	23500000	0.0120476612727055	0.845705	0.065104745090822	-0.4661331120812898	0.000430504305043	pat	11	135086622	23.5	111.586622		29.9	interior		
chr11	24500000	0.0086710509808247	0.464594	0.0439760839232988	-0.3540402578604376	0.0003690036900369	pat	11	135086622	24.5	110.586622		28.9	interior		
chr11	25500000	0.0104010563779122	0.595179	0.0535078055116488	-0.3824668165494804	0.000430504305043	pat	11	135086622	25.5	109.586622		27.9	interior		
chr11	26500000	0.0147387039662852	0.700056	0.0729559358651408	-0.3002644534963625	0.0004920049200492	pat	11	135086622	26.5	108.586622		26.9	interior		
chr11	27500000	0.0246181939167866	0.709252	0.1126578156671464	-0.059759825449018	0.0006765067650676	pat	11	135086622	27.5	107.586622		25.9	interior		
chr11	28500000	0.0295014522402843	0.662172	0.1312492489611372	0.064897185800345	0.0006150061500615	pat	11	135086622	28.5	106.586622		24.9	interior		
chr11	29500000	0.0177243433218517	0.665683	0.0842110332874068	-0.1900661802869742	0.0003075030750307	pat	11	135086622	29.5	105.586622		23.9	interior		
chr11	30500000	0.013820282871614	0.643763	0.068156391486456	-0.291372305638343	0.0001845018450184	pat	11	135086622	30.5	104.586622		22.9	interior		
chr11	31500000	0.021177968515083	0.724991	0.0992116940603319	-0.1450374328246962	0.000430504305043	pat	11	135086622	31.5	103.586622		21.9	interior		
chr11	32500000	0.0240847972949123	0.740202	0.1111432291796492	-0.0918798347753987	0.0005535055350553	pat	11	135086622	32.5	102.586622		20.9	interior		
chr11	33500000	0.0214151252526909	0.963121	0.1049229210107636	-0.2752259439419208	0.0006150061500615	pat	11	135086622	33.5	101.586622		19.9	interior		
chr11	34500000	0.0188162752485422	0.90625	0.0933901009941688	-0.3065789432679962	0.0005535055350553	pat	11	135086622	34.5	100.586622		18.9	interior		
chr11	35500000	0.0203382233508914	0.856104	0.0984749734035655	-0.2443672293640875	0.0006150061500615	pat	11	135086622	35.5	99.586622		17.9	interior		
chr11	36500000	0.0228253007743373	0.676227	0.1048257430973492	-0.0736644763294113	0.0006765067650676	pat	11	135086622	36.5	98.586622		16.9	interior		
chr11	37500000	0.0179251939533673	0.457635	0.0808534758134692	0.00059909153898	0.000430504305043	pat	11	135086622	37.5	97.586622		15.899999999999999	interior		
chr11	38500000	0.0132108297712229	0.212561	0.0570945390848916	0.2273899881238036	0.0002460024600246	pat	11	135086622	38.5	96.586622		14.899999999999999	interior		
chr11	39500000	0.0087130097578434	0.242583	0.0397036990313736	-0.0427058778477325	6.150061500615006e-05	pat	11	135086622	39.5	95.586622		13.899999999999999	interior		
chr11	40500000	0.0135378894065631	0.288042	0.0599123976262524	0.0914681119482026	0.0003075030750307	pat	11	135086622	40.5	94.586622		12.899999999999999	interior		
chr11	41500000	0.0177379536698535	0.336766	0.077687134679414	0.1476044057159745	0.0004920049200492	pat	11	135086622	41.5	93.586622		11.899999999999999	interior		
chr11	42500000	0.0233623853794111	0.252865	0.0985068415176444	0.4050431523657176	0.0007380073800738	pat	11	135086622	42.5	92.586622		10.899999999999999	interior		
chr11	43500000	0.0268651849116043	0.306996	0.1136006596464171	0.3821113837983507	0.0008610086100861	pat	11	135086622	43.5	91.586622		9.899999999999999	other		
chr11	44500000	0.0287628675159717	0.286437	0.1207802100638868	0.4392610024640397	0.0008610086100861	pat	11	135086622	44.5	90.586622		8.899999999999999	other		
chr11	45500000	0.0301559302235811	0.234939	0.1253225008943244	0.5328088127423263	0.0006765067650676	pat	11	135086622	45.5	89.586622		7.899999999999999	other		
chr11	46500000	0.0343234907001585	0.125765	0.139809262800634	0.7492482052657295	0.0005535055350553	pat	11	135086622	46.5	88.586622		6.899999999999999	other		
chr11	47500000	0.0390046462001525	0.061841	0.15725540480061	0.8831903688897519	0.0003690036900369	pat	11	135086622	47.5	87.586622		5.899999999999999	other		
chr11	48500000	0.0447845758971891	0.03608	0.1798599035887564	0.9388895611374476	0.0003075030750307	pat	11	135086622	48.5	86.586622		4.899999999999999	other		
chr11	49500000	0.024143500727372	0.01354	0.096844802909488	0.957061471507462	6.150061500615006e-05	pat	11	135086622	49.5	85.586622		3.8999999999999986	other		
chr11	50500000	0.023194157126711	0.005802	0.092892668506844	0.980616871677718	0.0	pat	11	135086622	50.5	84.586622		2.8999999999999986	other		
chr11	51500000	0.0233906221483668	0.001216	0.0935868085934672	0.9959405828952008	0.0	pat	11	135086622	51.5	83.586622		1.8999999999999986	other		
chr11	52500000	0.0381892573929121	1e-06	0.1527570495716484	0.9999979511384868	0.0	pat	11	135086622	52.5	82.586622		0.8999999999999986	other		
chr11	53500000	0.0291075718282751	0.000272	0.1164357273131004	0.9992690991836886	0.0	pat	11	135086622	53.5	81.586622		0.10000000000000142	other		
chr11	54500000	0.0594657623950419	0.004232	0.2379476895801676	0.9944470285432008	0.0005535055350553	pat	11	135086622	54.5	80.586622		1.1000000000000014	other		
chr11	55500000	0.0316749342576021	0.013905	0.1269778370304084	0.966231315164404	0.0006765067650676	pat	11	135086622	55.5	79.586622		2.1000000000000014	other		
chr11	56500000	0.0306443617421427	0.042755	0.1234325469685708	0.8964834804423045	0.0007995079950799	pat	11	135086622	56.5	78.586622		3.1000000000000014	other		
chr11	57500000	0.013830008366955	0.09197	0.05715943346782	0.5870944022188902	0.0003075030750307	pat	11	135086622	57.5	77.586622		4.100000000000001	other		
chr11	58500000	0.0156934658525127	0.145074	0.0656753434100508	0.4688003740767414	0.0002460024600246	pat	11	135086622	58.5	76.586622		5.100000000000001	other		
chr11	59500000	0.0163259419836111	0.215952	0.0696228079344443	0.3179645196132951	0.0003075030750307	pat	11	135086622	59.5	75.586622		6.100000000000001	other		
chr11	60500000	0.0230448227139984	0.237567	0.0969306308559936	0.4252037127543582	0.0003690036900369	pat	11	135086622	60.5	74.586622		7.100000000000001	other		
chr11	61500000	0.0225216028765749	0.22091	0.0945046115062996	0.4453552091085326	0.0003690036900369	pat	11	135086622	61.5	73.586622		8.100000000000001	other		
chr11	62500000	0.0190095064517556	0.187378	0.0797855858070224	0.4433856410897237	0.0002460024600246	pat	11	135086622	62.5	72.586622		9.100000000000001	other		
chr11	63500000	0.0170140414064386	0.156281	0.0711817856257543	0.4712866668964536	0.0001845018450184	pat	11	135086622	63.5	71.586622		10.100000000000001	interior		
chr11	64500000	0.0160867318909753	0.133532	0.0670175675639012	0.5097250889743487	0.0001230012300123	pat	11	135086622	64.5	70.586622		11.100000000000001	interior		
chr11	65500000	0.0179641056822198	0.08466	0.0735496227288792	0.688657442599123	0.0001230012300123	pat	11	135086622	65.5	69.586622		12.100000000000001	interior		
chr11	66500000	0.0323699200896481	0.062558	0.1307308403585924	0.85941414513323	0.0003075030750307	pat	11	135086622	66.5	68.586622		13.100000000000001	interior		
chr11	67500000	0.0294760024100576	0.135377	0.1206115496402304	0.6953745230597825	0.0003075030750307	pat	11	135086622	67.5	67.586622		14.100000000000001	interior		
chr11	68500000	0.0312259148507352	0.549279	0.1358892394029408	0.1847077422825916	0.0004920049200492	pat	11	135086622	68.5	66.586622		15.100000000000001	interior		
chr11	69500000	0.0238809115822992	0.811633	0.1117563063291968	-0.1414971193445821	0.0005535055350553	pat	11	135086622	69.5	65.586622		16.1	interior		
chr11	70500000	0.0373638476250736	0.940997	0.1682753305002944	0.0074131362380839	0.0008610086100861	pat	11	135086622	70.5	64.586622		17.1	interior		
chr11	71500000	0.0473341164166897	0.622988	0.2017962256667588	0.3202121488147176	0.0007995079950799	pat	11	135086622	71.5	63.586622		18.1	interior		
chr11	72500000	0.0396887767690582	0.53889	0.1695329070762328	0.3061665479757723	0.0006150061500615	pat	11	135086622	72.5	62.586622		19.1	interior		
chr11	73500000	0.0243246598895867	0.465565	0.1066099395583468	0.1436503985806571	0.000430504305043	pat	11	135086622	73.5	61.586622		20.1	interior		
chr11	74500000	0.0456656365533874	0.46048	0.1918721462135496	0.434207194905808	0.0008610086100861	pat	11	135086622	74.5	60.586622		21.1	interior		
chr11	75500000	0.0429937049134458	0.458446	0.1811437396537832	0.4112685398370132	0.0008610086100861	pat	11	135086622	75.5	59.586622		22.1	interior		
chr11	76500000	0.0452908556020267	0.50441	0.1912516224081067	0.3930390791985492	0.0009225092250922	pat	11	135086622	76.5	58.586622		23.1	interior		
chr11	77500000	0.018489681870273	0.653239	0.087023507481092	-0.1604354933190389	0.000430504305043	pat	11	135086622	77.5	57.586622		24.1	interior		
chr11	78500000	0.0237370286813599	0.833076	0.1116096347254396	-0.1571984703355974	0.0006150061500615	pat	11	135086622	78.5	56.586622		25.1	interior		
chr11	79500000	0.0172650757568772	0.992958	0.0889194630275088	-0.3846194457763492	0.000430504305043	pat	11	135086622	79.5	55.586622		26.1	interior		
chr11	80500000	0.0155900541346594	0.976144	0.0818830965386376	-0.4202182356021808	0.0004920049200492	pat	11	135086622	80.5	54.586622		27.1	interior		
chr11	81500000	0.0140870855813395	0.846807	0.073284482325358	-0.4032933155358478	0.0004920049200492	pat	11	135086622	81.5	53.586622		28.1	interior		
chr11	82500000	0.0255105728644799	0.788482	0.1178119314579196	-0.0946922889299009	0.0009840098400984	pat	11	135086622	82.5	52.586622		29.1	interior		
chr11	83500000	0.0298090425303805	0.787263	0.134981430121522	-0.0163423875166992	0.0009225092250922	pat	11	135086622	83.5	51.586622		30.1	interior		
chr11	84500000	0.024228445133242	0.587169	0.1086571605329679	0.0266324897607206	0.0006150061500615	pat	11	135086622	84.5	50.586622		31.1	interior		
chr11	85500000	0.0153136576939471	0.419516	0.0696449507757884	-0.0346329813577215	0.0003075030750307	pat	11	135086622	85.5	49.586622		32.1	interior		
chr11	86500000	0.011128652388192	0.458738	0.053689369552768	-0.2345005523084994	0.0002460024600246	pat	11	135086622	86.5	48.586622		33.1	interior		
chr11	87500000	0.012996057508476	0.568333	0.063350890033904	-0.2622278665348504	0.0003690036900369	pat	11	135086622	87.5	47.586622		34.1	interior		
chr11	88500000	0.0120089039125486	0.588125	0.0597981156501944	-0.3141237898734101	0.0001845018450184	pat	11	135086622	88.5	46.586622		35.1	interior		
chr11	89500000	0.0201738658908219	0.39148	0.0885250635632876	0.1368933716897086	0.0003690036900369	pat	11	135086622	89.5	45.586622		36.1	interior		
chr11	90500000	0.0185077991006406	0.413288	0.0822969564025623	0.0674526345691448	0.0003075030750307	pat	11	135086622	90.5	44.586622		37.1	interior		
chr11	91500000	0.0220882764925174	0.707753	0.1025081659700695	-0.1125142069055487	0.0006150061500615	pat	11	135086622	91.5	43.586622		38.1	interior		
chr11	92500000	0.0188010481831443	0.715778	0.0895197527325772	-0.1966037404141347	0.0004920049200492	pat	11	135086622	92.5	42.586622		39.1	interior		
chr11	93500000	0.0175167855931173	0.613191	0.0823309623724692	-0.155944102495034	0.000430504305043	pat	11	135086622	93.5	41.586622		40.1	interior		
chr11	94500000	0.0134550784508293	0.345584	0.0607319938033172	-0.0024081079025409	0.0002460024600246	pat	11	135086622	94.5	40.586622		41.1	interior		
chr11	95500000	0.0109331886763659	0.389705	0.0515268547054636	-0.1647468273609064	0.0001845018450184	pat	11	135086622	95.5	39.586622		42.1	interior		
chr11	96500000	0.0209123963292337	0.438575	0.0924210853169348	0.0986155290962874	0.0004920049200492	pat	11	135086622	96.5	38.586622		43.1	interior		
chr11	97500000	0.0175612034557673	0.423913	0.0787230738230692	0.0286055806984013	0.0004920049200492	pat	11	135086622	97.5	37.586622		44.1	interior		
chr11	98500000	0.0189508044224764	0.411815	0.0840395176899056	0.0809897503716164	0.0006150061500615	pat	11	135086622	98.5	36.586622		45.1	interior		
chr11	99500000	0.0108506554209546	0.381415	0.0510309216838184	-0.1579658696464586	0.0003690036900369	pat	11	135086622	99.5	35.586622		46.1	interior		
chr11	100500000	0.0096247532315838	0.300562	0.0445102529263352	-0.0997931939798001	0.0003075030750307	pat	11	135086622	100.5	34.586622		47.1	interior		
chr11	101500000	0.0143004617423798	0.295503	0.0631119069695192	0.1059388594323247	0.000430504305043	pat	11	135086622	101.5	33.586622		48.1	interior		
chr11	102500000	0.0164680707372024	0.291165	0.0716955829488096	0.1822394461257517	0.0005535055350553	pat	11	135086622	102.5	32.586622		49.1	interior		
chr11	103500000	0.0179439514062389	0.330923	0.0783942656249556	0.1617811072480036	0.0005535055350553	pat	11	135086622	103.5	31.586622		50.1	interior		
chr11	104500000	0.0104831127491499	0.407755	0.0500875509965995	-0.2068889447792547	0.0002460024600246	pat	11	135086622	104.5	30.586622		51.1	interior		
chr11	105500000	0.0077654194186849	0.52369	0.0415354776747396	-0.4503013958232566	6.150061500615006e-05	pat	11	135086622	105.5	29.586622		52.1	interior		
chr11	106500000	0.0086191243969691	0.581583	0.0461081575878764	-0.4505209084591159	0.0001230012300123	pat	11	135086622	106.5	28.586622		53.1	interior		
chr11	107500000	0.0215825979938549	0.481989	0.0959701719754196	0.0674120796081995	0.0005535055350553	pat	11	135086622	107.5	27.586622		54.1	interior		
chr11	108500000	0.0283888402926463	0.42363	0.1220279611705852	0.2627865276924304	0.0006765067650676	pat	11	135086622	108.5	26.586622		55.1	interior		
chr11	109500000	0.0307895717957613	0.377991	0.1307181071830452	0.3510880920442442	0.0006765067650676	pat	11	135086622	109.5	25.586622		56.1	interior		
chr11	110500000	0.0197020999508313	0.445486	0.0877181198033252	0.0612344438793915	0.0003690036900369	pat	11	135086622	110.5	24.586622		57.1	interior		
chr11	111500000	0.0218037705445942	0.591473	0.0990445421783768	-0.0297263496193648	0.0004920049200492	pat	11	135086622	111.5	23.586622		58.1	interior		
chr11	112500000	0.0225040684299212	0.719557	0.1044074137196848	-0.1114731614872897	0.0004920049200492	pat	11	135086622	112.5	22.586622		59.1	interior		
chr11	113500000	0.0304212790854218	1.016957	0.1420242563416872	-0.1333828832630421	0.0007380073800738	pat	11	135086622	113.5	21.586622		60.1	interior		
chr11	114500000	0.0242256518577908	0.855967	0.1140219474311632	-0.1604791069832345	0.0005535055350553	pat	11	135086622	114.5	20.586622		61.1	interior		
chr11	115500000	0.0419601056853809	0.953882	0.1869180627415236	0.0585540568820119	0.0010455104551045	pat	11	135086622	115.5	19.586622		62.1	end_q	19.0	chr11q
chr11	116500000	0.0338104563100589	0.65654	0.1483726252402356	0.1365660679392988	0.0009225092250922	pat	11	135086622	116.5	18.586622		63.1	end_q	18.0	chr11q
chr11	117500000	0.0472168262215743	0.621623	0.2012997648862972	0.320083115037135	0.0011685116851168	pat	11	135086622	117.5	17.586622		64.1	end_q	17.0	chr11q
chr11	118500000	0.0449060696434925	0.404743	0.18771913857397	0.4786193108078562	0.0009840098400984	pat	11	135086622	118.5	16.586622		65.1	end_q	16.0	chr11q
chr11	119500000	0.070996230678758	0.689028	0.297765482715032	0.4496040406775858	0.0015375153751537	pat	11	135086622	119.5	15.586622		66.1	end_q	15.0	chr11q
chr11	120500000	0.0691187893660619	1.135825	0.2991916574642476	0.2173637788502259	0.0015375153751537	pat	11	135086622	120.5	14.586622		67.1	end_q	14.0	chr11q
chr11	121500000	0.0594946718366555	1.406637	0.266111427346622	0.038976560201886	0.0014145141451414	pat	11	135086622	121.5	13.586622		68.1	end_q	13.0	chr11q
chr11	122500000	0.0459978411533495	1.335691	0.210705184613398	-0.0636870223587032	0.0011070110701107	pat	11	135086622	122.5	12.586622		69.1	end_q	12.0	chr11q
chr11	123500000	0.0433951410804032	1.114315	0.1958668643216128	-0.0022923797269915	0.001230012300123	pat	11	135086622	123.5	11.586622		70.1	end_q	11.0	chr11q
chr11	124500000	0.0478398980269386	0.849642	0.2083524321077544	0.1800689001120589	0.0014145141451414	pat	11	135086622	124.5	10.586622		71.1	end_q	10.0	chr11q
chr11	125500000	0.0526762177382461	1.284271	0.2363902909529844	0.0236358250643069	0.001660516605166	pat	11	135086622	125.5	9.586622		72.1	end_q	9.0	chr11q
chr11	126500000	0.0601730467481008	1.760978	0.2759117469924032	-0.0675654992291991	0.0017220172201722	pat	11	135086622	126.5	8.586622		73.1	end_q	8.0	chr11q
chr11	127500000	0.0581947917435378	2.449547	0.2817701069741512	-0.2443543953115229	0.0015990159901599	pat	11	135086622	127.5	7.586622		74.1	end_q	7.0	chr11q
chr11	128500000	0.0393505836048672	1.907096	0.1955442544194688	-0.3093998772783685	0.0009840098400984	pat	11	135086622	128.5	6.586622		75.1	end_q	6.0	chr11q
chr11	129500000	0.0675976685886849	1.753697	0.3054646143547396	-0.0074223717952911	0.0015375153751537	pat	11	135086622	129.5	5.586622		76.1	end_q	5.0	chr11q
chr11	130500000	0.0857911189703227	2.435833	0.3918811358812908	-0.0524845679207496	0.0020295202952029	pat	11	135086622	130.5	4.586622		77.1	end_q	4.0	chr11q
chr11	131500000	0.1024243933140795	3.503351	0.479764593256318	-0.144622569903677	0.0027060270602706	pat	11	135086622	131.5	3.586622		78.1	end_q	3.0	chr11q
chr11	132500000	0.093932376513054	5.187979	0.479489086052216	-0.3672414224747791	0.0025830258302583	pat	11	135086622	132.5	2.586622		79.1	end_q	2.0	chr11q
chr11	133500000	0.1679664480406575	5.410897	0.7800837321626299	-0.1151583637003221	0.004920049200492	pat	11	135086622	133.5	1.586622		80.1	end_q	1.0	chr11q
chr11	134500000	0.2099474383815479	6.311657	0.9660228935261916	-0.0809392604329093	0.004120541205412	pat	11	135086622	134.5	0.586622		81.1	end_q	0.0	chr11q
chr12	500000	0.2487300108105412	4.706679	1.0890536232421648	0.1492238701411974	0.0039975399753997	pat	12	133275309	0.5	132.775309		35.0	end_p	0.0	chr12p
chr12	1500000	0.2048086793146324	4.547743	0.9101895772585296	0.0702604552750663	0.0043050430504305	pat	12	133275309	1.5	131.775309		34.0	end_p	1.0	chr12p
chr12	2500000	0.1082074631595723	4.885821	0.5305462726382892	-0.2770552765554299	0.0026445264452644	pat	12	133275309	2.5	130.775309		33.0	end_p	2.0	chr12p
chr12	3500000	0.0833847427558296	4.95431	0.4326251710233184	-0.3983973498858975	0.0020910209102091	pat	12	133275309	3.5	129.775309		32.0	end_p	3.0	chr12p
chr12	4500000	0.0765099099993499	4.717534	0.4003903199973996	-0.413875806492455	0.0020910209102091	pat	12	133275309	4.5	128.775309		31.0	end_p	4.0	chr12p
chr12	5500000	0.0511164429343816	3.58546	0.2761749717375263	-0.465833977245685	0.0012915129151291	pat	12	133275309	5.5	127.775309		30.0	end_p	5.0	chr12p
chr12	6500000	0.0532751295197341	2.721911	0.2675387380789364	-0.3330709949830835	0.0011685116851168	pat	12	133275309	6.5	126.775309		29.0	end_p	6.0	chr12p
chr12	7500000	0.0496781869775158	1.9181	0.2370747479100632	-0.2033559300311524	0.0008610086100861	pat	12	133275309	7.5	125.775309		28.0	end_p	7.0	chr12p
chr12	8500000	0.0237265817669205	1.196885	0.1188440270676819	-0.3273964703529484	0.0004920049200492	pat	12	133275309	8.5	124.775309		27.0	end_p	8.0	chr12p
chr12	9500000	0.0132538845069196	0.88246	0.0706647380276784	-0.4451857967328862	0.0002460024600246	pat	12	133275309	9.5	123.775309		26.0	end_p	9.0	chr12p
chr12	10500000	0.0262484458512896	1.029154	0.1255768634051584	-0.2107072607763665	0.0007380073800738	pat	12	133275309	10.5	122.775309		25.0	end_p	10.0	chr12p
chr12	11500000	0.0314940302860696	1.529159	0.1565593011442783	-0.3102356541770794	0.0007995079950799	pat	12	133275309	11.5	121.775309		24.0	end_p	11.0	chr12p
chr12	12500000	0.0310486762452141	1.556916	0.1553330249808564	-0.3247263382220612	0.0007995079950799	pat	12	133275309	12.5	120.775309		23.0	end_p	12.0	chr12p
chr12	13500000	0.0283249088855546	1.26194	0.1385384355422184	-0.2708681777117291	0.0007380073800738	pat	12	133275309	13.5	119.775309		22.0	end_p	13.0	chr12p
chr12	14500000	0.0258787261186488	0.953965	0.1225942044745952	-0.1810532485488346	0.0006765067650676	pat	12	133275309	14.5	118.775309		21.0	end_p	14.0	chr12p
chr12	15500000	0.0306823383358988	1.176524	0.1462598333435951	-0.2000501158559123	0.0007380073800738	pat	12	133275309	15.5	117.775309		20.0	end_p	15.0	chr12p
chr12	16500000	0.0166930087571025	1.070253	0.08817709502841	-0.4299201541407723	0.0003690036900369	pat	12	133275309	16.5	116.775309		19.0	end_p	16.0	chr12p
chr12	17500000	0.0136506945848781	0.785083	0.0703044383395124	-0.3846179080668783	0.0003075030750307	pat	12	133275309	17.5	115.775309		18.0	end_p	17.0	chr12p
chr12	18500000	0.0129415402606171	0.431881	0.0604037810424684	-0.1325380838296403	0.0003690036900369	pat	12	133275309	18.5	114.775309		17.0	end_p	18.0	chr12p
chr12	19500000	0.0155931627124648	0.555729	0.0734872308498592	-0.1646793043771717	0.0006150061500615	pat	12	133275309	19.5	113.775309		16.0	end_p	19.0	chr12p
chr12	20500000	0.0172443179687619	0.617659	0.0813304518750475	-0.1671132192439936	0.0006765067650676	pat	12	133275309	20.5	112.775309		15.0	interior		
chr12	21500000	0.0149355224506981	0.604794	0.0718379698027924	-0.2260675285719806	0.0004920049200492	pat	12	133275309	21.5	111.775309		14.0	interior		
chr12	22500000	0.0113994595051978	0.543745	0.0564727380207912	-0.3021880294198149	0.0002460024600246	pat	12	133275309	22.5	110.775309		13.0	interior		
chr12	23500000	0.0120244252308276	0.765127	0.0634002409233104	-0.426834413719294	0.0003075030750307	pat	12	133275309	23.5	109.775309		12.0	interior		
chr12	24500000	0.0157787425461315	0.740368	0.077922330184526	-0.2947044706349889	0.0004920049200492	pat	12	133275309	24.5	108.775309		11.0	interior		
chr12	25500000	0.0193814482835895	0.661355	0.090752893134358	-0.1434592715044335	0.0006150061500615	pat	12	133275309	25.5	107.775309		10.0	interior		
chr12	26500000	0.0303518036648873	0.419984	0.1298068946595492	0.2975697345652666	0.0008610086100861	pat	12	133275309	26.5	106.775309		9.0	other		
chr12	27500000	0.0285638691549014	0.304291	0.1203412966196056	0.4116618431313971	0.0007995079950799	pat	12	133275309	27.5	105.775309		8.0	other		
chr12	28500000	0.0298361134918642	0.278303	0.1249105139674568	0.4652853237096954	0.0008610086100861	pat	12	133275309	28.5	104.775309		7.0	other		
chr12	29500000	0.0183588595099639	0.213897	0.0777133780398555	0.3738062288431014	0.0006765067650676	pat	12	133275309	29.5	103.775309		6.0	other		
chr12	30500000	0.0448325663185246	0.1967	0.1832642652740984	0.7069994654870587	0.0013530135301353	pat	12	133275309	30.5	102.775309		5.0	other		
chr12	31500000	0.0495490027225816	0.118293	0.2005618708903264	0.8291562122005022	0.0015375153751537	pat	12	133275309	31.5	101.775309		4.0	other		
chr12	32500000	0.0522990398819748	0.059732	0.2103907995278991	0.9144572362757304	0.0014145141451414	pat	12	133275309	32.5	100.775309		3.0	other		
chr12	33500000	0.0232758831309633	0.030985	0.0937232325238532	0.9009964200813364	0.0005535055350553	pat	12	133275309	33.5	99.775309		2.0	other		
chr12	34500000	0.0185867474340389	0.005693	0.0744608497361555	0.9763179729080868	0.0001230012300123	pat	12	133275309	34.5	98.775309		1.0	other		
chr12	35500000	0.02698021945766	0.001608	0.10795303783064	0.995347532137325	0.0	pat	12	133275309	35.5	97.775309		0.0	other		
chr12	36500000	0.0333603041536827	0.000816	0.1334575366147307	0.998087950966796	0.0	pat	12	133275309	36.5	96.775309		1.0	other		
chr12	37500000	0.0202646585484392	0.00436	0.0811458341937568	0.9833059701700536	0.0	pat	12	133275309	37.5	95.775309		2.0	other		
chr12	38500000	0.0134897304521201	0.011601	0.0541909418084804	0.934900876171174	0.0	pat	12	133275309	38.5	94.775309		3.0	other		
chr12	39500000	0.0070746207036133	0.034369	0.0289858628144532	0.6805892158590778	0.0001230012300123	pat	12	133275309	39.5	93.775309		4.0	other		
chr12	40500000	0.022801623721336	0.083383	0.092874154885344	0.7496804606668244	0.0007995079950799	pat	12	133275309	40.5	92.775309		5.0	other		
chr12	41500000	0.0240437803507152	0.148043	0.0991359814028608	0.6117531648560319	0.0009225092250922	pat	12	133275309	41.5	91.775309		6.0	other		
chr12	42500000	0.0292344572013342	0.196261	0.1208630488053368	0.5839809681346823	0.0009225092250922	pat	12	133275309	42.5	90.775309		7.0	other		
chr12	43500000	0.0150779476751366	0.209033	0.0644924507005464	0.2967044283804402	0.0003075030750307	pat	12	133275309	43.5	89.775309		8.0	other		
chr12	44500000	0.0157533256363756	0.201855	0.0670504025455024	0.3321851045524934	0.0002460024600246	pat	12	133275309	44.5	88.775309		9.0	other		
chr12	45500000	0.0199821486558047	0.198787	0.0839043346232188	0.4396800851697202	0.0003075030750307	pat	12	133275309	45.5	87.775309		10.0	interior		
chr12	46500000	0.0450117020692744	0.268164	0.1854100882770976	0.6219588057488434	0.0009840098400984	pat	12	133275309	46.5	86.775309		11.0	interior		
chr12	47500000	0.0359951977404171	0.259177	0.1491643309616684	0.5604359949706802	0.0009840098400984	pat	12	133275309	47.5	85.775309		12.0	interior		
chr12	48500000	0.063785737987412	0.361449	0.262371931949648	0.637075409722517	0.0014760147601476	pat	12	133275309	48.5	84.775309		13.0	interior		
chr12	49500000	0.0363753630083266	0.304906	0.1515995720333064	0.506101983386409	0.0007995079950799	pat	12	133275309	49.5	83.775309		14.0	interior		
chr12	50500000	0.0671298081949962	0.421649	0.2769522127799848	0.605483054798302	0.0011685116851168	pat	12	133275309	50.5	82.775309		15.0	interior		
chr12	51500000	0.0618803534431207	0.587115	0.2592637137724828	0.458588530402137	0.0013530135301353	pat	12	133275309	51.5	81.775309		16.0	interior		
chr12	52500000	0.0694836426188233	0.661778	0.2911701304752931	0.4570785688119952	0.0015375153751537	pat	12	133275309	52.5	80.775309		17.0	interior		
chr12	53500000	0.0554254405796454	0.578907	0.2332799023185816	0.419825263581106	0.001230012300123	pat	12	133275309	53.5	79.775309		18.0	interior		
chr12	54500000	0.0249845157671731	0.321383	0.1063657230686924	0.3304584359283029	0.0004920049200492	pat	12	133275309	54.5	78.775309		19.0	interior		
chr12	55500000	0.0218834136111151	0.284995	0.0932335544444604	0.3249397161912254	0.0003690036900369	pat	12	133275309	55.5	77.775309		20.0	interior		
chr12	56500000	0.0315057853071903	0.268577	0.1313946812287612	0.4998065310372382	0.0004920049200492	pat	12	133275309	56.5	76.775309		21.0	interior		
chr12	57500000	0.0232639462677804	0.374136	0.1005385050711216	0.2276163807635521	0.0003690036900369	pat	12	133275309	57.5	75.775309		22.0	interior		
chr12	58500000	0.0265246206157055	0.401966	0.114137802462822	0.2555899396909177	0.0005535055350553	pat	12	133275309	58.5	74.775309		23.0	interior		
chr12	59500000	0.0151636417810086	0.376006	0.0681746871240344	0.0151780209843352	0.0003075030750307	pat	12	133275309	59.5	73.775309		24.0	interior		
chr12	60500000	0.0156052852547931	0.379482	0.0700107810191724	0.0249275299319418	0.0003690036900369	pat	12	133275309	60.5	72.775309		25.0	interior		
chr12	61500000	0.0108196231802826	0.502007	0.0533186327211303	-0.2895681812648312	0.0002460024600246	pat	12	133275309	61.5	71.775309		26.0	interior		
chr12	62500000	0.011215216133473	0.598628	0.056833424533892	-0.3523751186652596	0.0002460024600246	pat	12	133275309	62.5	70.775309		27.0	interior		
chr12	63500000	0.0186068847183929	0.729817	0.0890238788735716	-0.2108871728042704	0.000430504305043	pat	12	133275309	63.5	69.775309		28.0	interior		
chr12	64500000	0.0203181653240702	0.836502	0.0980027012962808	-0.2339133417028884	0.0003690036900369	pat	12	133275309	64.5	68.775309		29.0	interior		
chr12	65500000	0.0259024356104859	1.249937	0.1286084824419436	-0.307447740559126	0.0006765067650676	pat	12	133275309	65.5	67.775309		30.0	interior		
chr12	66500000	0.0301555408065668	1.428526	0.1491926832262672	-0.2990567803137273	0.0007995079950799	pat	12	133275309	66.5	66.775309		31.0	interior		
chr12	67500000	0.0356119486218976	1.374622	0.1699402344875904	-0.2032257410350693	0.0010455104551045	pat	12	133275309	67.5	65.775309		32.0	interior		
chr12	68500000	0.0358290309639813	0.976615	0.1628484238559252	-0.0321245053321065	0.0010455104551045	pat	12	133275309	68.5	64.775309		33.0	interior		
chr12	69500000	0.0337888906850275	0.697013	0.14909582274011	0.1067867430799232	0.0010455104551045	pat	12	133275309	69.5	63.775309		34.0	interior		
chr12	70500000	0.0230207400755442	0.620727	0.1044975003021768	-0.0267101053781652	0.0007380073800738	pat	12	133275309	70.5	62.775309		35.0	interior		
chr12	71500000	0.0179168749398688	0.703422	0.0857359397594752	-0.2113418784779681	0.000430504305043	pat	12	133275309	71.5	61.775309		36.0	interior		
chr12	72500000	0.0088133801025798	0.541166	0.0460768404103192	-0.412148052071963	0.0001230012300123	pat	12	133275309	72.5	60.775309		37.0	interior		
chr12	73500000	0.0077207051815505	0.385164	0.038586100726202	-0.3224242875094685	6.150061500615003e-05	pat	12	133275309	73.5	59.775309		38.0	interior		
chr12	74500000	0.0107355471046858	0.389914	0.0507404684187432	-0.1738669898887747	0.0001845018450184	pat	12	133275309	74.5	58.775309		39.0	interior		
chr12	75500000	0.0139104460261016	0.579788	0.0672375441044064	-0.2397225962447909	0.0003075030750307	pat	12	133275309	75.5	57.775309		40.0	interior		
chr12	76500000	0.0148632505300952	0.691353	0.0732800621203808	-0.290715778849266	0.000430504305043	pat	12	133275309	76.5	56.775309		41.0	interior		
chr12	77500000	0.0272290327487018	0.761269	0.1241415109948071	-0.0447900587767046	0.0007995079950799	pat	12	133275309	77.5	55.775309		42.0	interior		
chr12	78500000	0.0323247698760025	0.774874	0.14479655950401	0.0320871159495394	0.0007995079950799	pat	12	133275309	78.5	54.775309		43.0	interior		
chr12	79500000	0.043245511334112	0.897011	0.190922265336448	0.1040659803613883	0.0007995079950799	pat	12	133275309	79.5	53.775309		44.0	interior		
chr12	80500000	0.0207162266113249	0.674696	0.0963588264452996	-0.1205518865891838	0.0003690036900369	pat	12	133275309	80.5	52.775309		45.0	interior		
chr12	81500000	0.0157323088411081	0.608236	0.0750939553644324	-0.2039895243955246	0.0003075030750307	pat	12	133275309	81.5	51.775309		46.0	interior		
chr12	82500000	0.0118398166743087	0.471416	0.0567875866972348	-0.2180472319303151	0.0002460024600246	pat	12	133275309	82.5	50.775309		47.0	interior		
chr12	83500000	0.0110060762858002	0.515064	0.0543255851432007	-0.2934986089721337	0.0002460024600246	pat	12	133275309	83.5	49.775309		48.0	interior		
chr12	84500000	0.0135271380377023	0.401525	0.0621390521508092	-0.0746155647710686	0.0003690036900369	pat	12	133275309	84.5	48.775309		49.0	interior		
chr12	85500000	0.0150340604489327	0.255474	0.0652457217957308	0.2013414506483137	0.0003690036900369	pat	12	133275309	85.5	47.775309		50.0	interior		
chr12	86500000	0.0170064110954074	0.259609	0.0732178243816296	0.2521788945544393	0.0003690036900369	pat	12	133275309	86.5	46.775309		51.0	interior		
chr12	87500000	0.0149543143744768	0.244127	0.0646997974979072	0.2205052144012315	0.0001845018450184	pat	12	133275309	87.5	45.775309		52.0	interior		
chr12	88500000	0.0311771089340174	0.519254	0.1350935157360696	0.2109610392191426	0.0005535055350553	pat	12	133275309	88.5	44.775309		53.0	interior		
chr12	89500000	0.0418222137178051	0.606237	0.1794135948712203	0.2762426970417397	0.0007380073800738	pat	12	133275309	89.5	43.775309		54.0	interior		
chr12	90500000	0.0481193303277077	0.846048	0.2093982813108308	0.1849327995732395	0.0010455104551045	pat	12	133275309	90.5	42.775309		55.0	interior		
chr12	91500000	0.030987160926764	0.809938	0.140147403707056	-0.0111604600018502	0.0008610086100861	pat	12	133275309	91.5	41.775309		56.0	interior		
chr12	92500000	0.0337509762380264	0.835565	0.1517152049521056	0.015980689102488	0.0009840098400984	pat	12	133275309	92.5	40.775309		57.0	interior		
chr12	93500000	0.0265842358003004	0.795613	0.1222492032012016	-0.078702688618456	0.0008610086100861	pat	12	133275309	93.5	39.775309		58.0	interior		
chr12	94500000	0.0321782778863362	0.754882	0.1438107515453447	0.0428702474251745	0.0010455104551045	pat	12	133275309	94.5	38.775309		59.0	interior		
chr12	95500000	0.026606633189862	0.715584	0.1207382127594479	-0.0254322847146665	0.0008610086100861	pat	12	133275309	95.5	37.775309		60.0	interior		
chr12	96500000	0.0283069349551351	0.807717	0.1293820798205404	-0.0549655571922121	0.0009225092250922	pat	12	133275309	96.5	36.775309		61.0	interior		
chr12	97500000	0.0279690159134869	0.844349	0.1287630436539476	-0.0830113804758509	0.0007995079950799	pat	12	133275309	97.5	35.775309		62.0	interior		
chr12	98500000	0.0290292069464088	0.852117	0.1331591677856352	-0.0690690934753409	0.0007995079950799	pat	12	133275309	98.5	34.775309		63.0	interior		
chr12	99500000	0.0283519218666635	0.641614	0.126239967466654	0.0608102973584983	0.0006765067650676	pat	12	133275309	99.5	33.775309		64.0	interior		
chr12	100500000	0.0259845809002636	0.572254	0.1153834036010544	0.0743541557152041	0.0006765067650676	pat	12	133275309	100.5	32.775309		65.0	interior		
chr12	101500000	0.0228107259692967	0.448015	0.1002032038771868	0.1309767545170702	0.0005535055350553	pat	12	133275309	101.5	31.775309		66.0	interior		
chr12	102500000	0.0234672308438785	0.455724	0.102983403375514	0.1365322901464605	0.0006150061500615	pat	12	133275309	102.5	30.775309		67.0	interior		
chr12	103500000	0.0305057479354753	0.450119	0.1310253717419012	0.268023394123724	0.0007995079950799	pat	12	133275309	103.5	29.775309		68.0	interior		
chr12	104500000	0.0274720511607988	0.474424	0.1193766846431952	0.1935909991620907	0.0008610086100861	pat	12	133275309	104.5	28.775309		69.0	interior		
chr12	105500000	0.0287818268956687	0.503899	0.1252052875826748	0.1869893560988961	0.0008610086100861	pat	12	133275309	105.5	27.775309		70.0	interior		
chr12	106500000	0.0171320744364404	0.466602	0.0778603377457615	-0.031720025901934	0.0004920049200492	pat	12	133275309	106.5	26.775309		71.0	interior		
chr12	107500000	0.0279058372187662	0.694739	0.1255181288750648	0.0131805118890871	0.0007380073800738	pat	12	133275309	107.5	25.775309		72.0	interior		
chr12	108500000	0.0249964639960433	0.666028	0.1133064159841732	-0.020764233695317	0.0006150061500615	pat	12	133275309	108.5	24.775309		73.0	interior		
chr12	109500000	0.0248978205998055	0.570144	0.110994162399222	0.0549217841261113	0.0004920049200492	pat	12	133275309	109.5	23.775309		74.0	interior		
chr12	110500000	0.0162063776860558	0.290945	0.0706444107442232	0.1748514211948683	0.0001230012300123	pat	12	133275309	110.5	22.775309		75.0	interior		
chr12	111500000	0.0308163317080348	0.376481	0.1307949468321392	0.3532217974755244	0.0003690036900369	pat	12	133275309	111.5	21.775309		76.0	interior		
chr12	112500000	0.0445317210499478	0.610165	0.1903301841997912	0.302044319095998	0.0006765067650676	pat	12	133275309	112.5	20.775309		77.0	interior		
chr12	113500000	0.0419687235483551	0.820286	0.1842806141934204	0.1333679646560836	0.0009225092250922	pat	12	133275309	113.5	19.775309		78.0	end_q	19.0	chr12q
chr12	114500000	0.0253540839063028	1.009121	0.1215987556252111	-0.2178673677746414	0.0007995079950799	pat	12	133275309	114.5	18.775309		79.0	end_q	18.0	chr12q
chr12	115500000	0.0198330440872592	1.033545	0.1000030763490368	-0.3418349472474525	0.0006150061500615	pat	12	133275309	115.5	17.775309		80.0	end_q	17.0	chr12q
chr12	116500000	0.0284682301010516	1.141294	0.1366988004042064	-0.2213100199473127	0.0008610086100861	pat	12	133275309	116.5	16.775309		81.0	end_q	16.0	chr12q
chr12	117500000	0.0568370267198029	1.080092	0.2489499468792116	0.1471486243406639	0.0014145141451414	pat	12	133275309	117.5	15.775309		82.0	end_q	15.0	chr12q
chr12	118500000	0.0615087298154285	1.111927	0.268273459261714	0.1714848424747132	0.0015990159901599	pat	12	133275309	118.5	14.775309		83.0	end_q	14.0	chr12q
chr12	119500000	0.0580160440840447	0.806254	0.2481892563361787	0.2956003897329778	0.0013530135301353	pat	12	133275309	119.5	13.775309		84.0	end_q	13.0	chr12q
chr12	120500000	0.0416713313816538	0.746042	0.1816061655266151	0.1761893396946829	0.0008610086100861	pat	12	133275309	120.5	12.775309		85.0	end_q	12.0	chr12q
chr12	121500000	0.0425374707438813	0.639922	0.1829483229755251	0.2590137833856362	0.0007995079950799	pat	12	133275309	121.5	11.775309		86.0	end_q	11.0	chr12q
chr12	122500000	0.0458559257145803	0.717749	0.1977786828583212	0.2404236480042353	0.0008610086100861	pat	12	133275309	122.5	10.775309		87.0	end_q	10.0	chr12q
chr12	123500000	0.0781949378765237	1.158606	0.3359518715060948	0.2660866037159223	0.0015375153751537	pat	12	133275309	123.5	9.775309		88.0	end_q	9.0	chr12q
chr12	124500000	0.063417295436979	2.078961	0.295248401747916	-0.1237740551243455	0.0015375153751537	pat	12	133275309	124.5	8.775309		89.0	end_q	8.0	chr12q
chr12	125500000	0.0481007308371683	2.545866	0.2433202433486732	-0.3486735580465194	0.0013530135301353	pat	12	133275309	125.5	7.775309		90.0	end_q	7.0	chr12q
chr12	126500000	0.0368185874293361	3.060464	0.2084836297173444	-0.5296280468924591	0.0013530135301353	pat	12	133275309	126.5	6.775309		91.0	end_q	6.0	chr12q
chr12	127500000	0.0470438831892803	3.491005	0.2579956327571212	-0.4875951965674505	0.0015990159901599	pat	12	133275309	127.5	5.775309		92.0	end_q	5.0	chr12q
chr12	128500000	0.065379910598092	4.377646	0.349072562392368	-0.4474394998829897	0.0021525215252152	pat	12	133275309	128.5	4.775309		93.0	end_q	4.0	chr12q
chr12	129500000	0.067050388856291	5.363258	0.3754667154251639	-0.5156601721938691	0.0021525215252152	pat	12	133275309	129.5	3.775309		94.0	end_q	3.0	chr12q
chr12	130500000	0.0900361279700951	4.555073	0.4512459718803804	-0.3286923094900779	0.0025215252152521	pat	12	133275309	130.5	2.775309		95.0	end_q	2.0	chr12q
chr12	131500000	0.1454039647475067	4.269288	0.6670016189900267	-0.0692010263028877	0.0035670356703567	pat	12	133275309	131.5	1.775309		96.0	end_q	1.0	chr12q
chr12	132500000	0.2036220208176652	2.813524	0.8707585632706608	0.2982226679569648	0.0028290282902829	pat	12	133275309	132.5	0.775309		97.0	end_q	0.0	chr12q
chr13	500000	0.0381892573929121	0.0	0.1527570295716484	1.0	0.0	pat	13	114364328	0.5	113.864328		17.2	other		
chr13	1500000	0.0381892573929121	0.0	0.1527570295716484	1.0	0.0	pat	13	114364328	1.5	112.864328		16.2	other		
chr13	2500000	0.0381892573929121	0.0	0.1527570295716484	1.0	0.0	pat	13	114364328	2.5	111.864328		15.2	other		
chr13	3500000	0.0381892573929121	0.0	0.1527570295716484	1.0	0.0	pat	13	114364328	3.5	110.864328		14.2	other		
chr13	4500000	0.0381892573929121	0.0	0.1527570295716484	1.0	0.0	pat	13	114364328	4.5	109.864328		13.2	other		
chr13	5500000	0.0381892573929121	0.0	0.1527570295716484	1.0	0.0	pat	13	114364328	5.5	108.864328		12.2	other		
chr13	6500000	0.0381892573929121	0.0	0.1527570295716484	1.0	0.0	pat	13	114364328	6.5	107.864328		11.2	other		
chr13	7500000	0.0381892573929121	0.0	0.1527570295716484	1.0	0.0	pat	13	114364328	7.5	106.864328		10.2	other		
chr13	8500000	0.0381892573929121	0.0	0.1527570295716484	1.0	0.0	pat	13	114364328	8.5	105.864328		9.2	other		
chr13	9500000	0.0381892573929121	0.0	0.1527570295716484	1.0	0.0	pat	13	114364328	9.5	104.864328		8.2	other		
chr13	10500000	0.0381892573929121	0.0	0.1527570295716484	1.0	0.0	pat	13	114364328	10.5	103.864328		7.199999999999999	other		
chr13	11500000	0.0381892573929121	0.0	0.1527570295716484	1.0	0.0	pat	13	114364328	11.5	102.864328		6.199999999999999	other		
chr13	12500000	0.0381892573929121	0.0	0.1527570295716484	1.0	0.0	pat	13	114364328	12.5	101.864328		5.199999999999999	other		
chr13	13500000	0.0381892573929121	0.0	0.1527570295716484	1.0	0.0	pat	13	114364328	13.5	100.864328		4.199999999999999	other		
chr13	14500000	0.0381892573929121	0.0	0.1527570295716484	1.0	0.0	pat	13	114364328	14.5	99.864328		3.1999999999999993	other		
chr13	15500000	0.0381892573929121	0.0	0.1527570295716484	1.0	0.0	pat	13	114364328	15.5	98.864328		2.1999999999999993	other		
chr13	16500000	0.0381892573929121	0.0	0.1527570295716484	1.0	0.0	pat	13	114364328	16.5	97.864328		1.1999999999999993	other		
chr13	17500000	0.0334666031043124	0.0	0.1338664124172496	1.0	0.0	pat	13	114364328	17.5	96.864328		0.1999999999999993	other		
chr13	18500000	0.0426042105621476	0.244682	0.1753104822485904	0.6330732104720573	0.0002460024600246	pat	13	114364328	18.5	95.864328		0.8000000000000007	other		
chr13	19500000	0.0501623362994361	0.865583	0.2179610051977444	0.1939728381238593	0.0007380073800738	pat	13	114364328	19.5	94.864328		1.8000000000000007	other		
chr13	20500000	0.0649756120328222	1.540122	0.2907048881312888	0.0377111013820854	0.0014145141451414	pat	13	114364328	20.5	93.864328		2.8000000000000007	other		
chr13	21500000	0.0532750928393857	2.235712	0.2578146113575428	-0.2429357160634493	0.0014145141451414	pat	13	114364328	21.5	92.864328		3.8000000000000007	other		
chr13	22500000	0.0410636717321748	2.499711	0.2142489069286992	-0.4085519731112545	0.0012915129151291	pat	13	114364328	22.5	91.864328		4.800000000000001	other		
chr13	23500000	0.0325692623098158	2.353815	0.1773533492392632	-0.4774533163148075	0.0011070110701107	pat	13	114364328	23.5	90.864328		5.800000000000001	other		
chr13	24500000	0.0557191638608619	2.392814	0.2707329354434475	-0.253752171189366	0.0017220172201722	pat	13	114364328	24.5	89.864328		6.800000000000001	other		
chr13	25500000	0.0591791427275687	2.375051	0.2842175909102747	-0.2218215021325396	0.0017220172201722	pat	13	114364328	25.5	88.864328		7.800000000000001	other		
chr13	26500000	0.0467123188915192	2.336748	0.2335842355660768	-0.3236531437666209	0.0015990159901599	pat	13	114364328	26.5	87.864328		8.8	other		
chr13	27500000	0.0251185898637868	2.1073	0.1426203594551472	-0.5329423886343281	0.0011685116851168	pat	13	114364328	27.5	86.864328		9.8	other		
chr13	28500000	0.0258753229305864	1.792898	0.1393592517223456	-0.4610295739129741	0.0011070110701107	pat	13	114364328	28.5	85.864328		10.8	interior		
chr13	29500000	0.0290321993950226	1.923483	0.1545984575800904	-0.4432049846078523	0.0010455104551045	pat	13	114364328	29.5	84.864328		11.8	interior		
chr13	30500000	0.0365678166776801	2.034391	0.1869590867107204	-0.3703771841274763	0.001230012300123	pat	13	114364328	30.5	83.864328		12.8	interior		
chr13	31500000	0.0361507258249051	2.249054	0.1895839832996204	-0.4175760376725521	0.0011070110701107	pat	13	114364328	31.5	82.864328		13.8	interior		
chr13	32500000	0.0438960454929723	1.671595	0.2090160819718892	-0.196724801269036	0.0011685116851168	pat	13	114364328	32.5	81.864328		14.8	interior		
chr13	33500000	0.0327986739048612	1.27793	0.1567532956194448	-0.2077062102683618	0.0009225092250922	pat	13	114364328	33.5	80.864328		15.8	interior		
chr13	34500000	0.0276206342740863	0.990301	0.1302885570963452	-0.1675953256727354	0.0008610086100861	pat	13	114364328	34.5	79.864328		16.8	interior		
chr13	35500000	0.0245734396648707	1.369065	0.1256750586594828	-0.3709956064017233	0.0007995079950799	pat	13	114364328	35.5	78.864328		17.8	interior		
chr13	36500000	0.0171988497462491	1.29274	0.0946501989849964	-0.4924631628881399	0.0005535055350553	pat	13	114364328	36.5	77.864328		18.8	interior		
chr13	37500000	0.0213270683744433	1.420689	0.1137220534977732	-0.4453851768342672	0.0006150061500615	pat	13	114364328	37.5	76.864328		19.8	interior		
chr13	38500000	0.0227831434465715	0.976333	0.110659233786286	-0.2527608890662701	0.0007380073800738	pat	13	114364328	38.5	75.864328		20.8	interior		
chr13	39500000	0.0440572892774023	1.065012	0.1975293971096092	0.0278989432457682	0.0011685116851168	pat	13	114364328	39.5	74.864328		21.8	interior		
chr13	40500000	0.0519169883013308	0.856652	0.2248009932053231	0.2154108278905714	0.001230012300123	pat	13	114364328	40.5	73.864328		22.8	interior		
chr13	41500000	0.0336472190387007	1.016	0.1549088761548028	-0.0831254011769397	0.0008610086100861	pat	13	114364328	41.5	72.864328		23.8	interior		
chr13	42500000	0.0326234340301387	1.157921	0.1536521561205547	-0.1626853645073949	0.0008610086100861	pat	13	114364328	42.5	71.864328		24.8	interior		
chr13	43500000	0.0345476953213031	1.291356	0.1640179012852124	-0.187767606859529	0.0009840098400984	pat	13	114364328	43.5	70.864328		25.8	interior		
chr13	44500000	0.0481202607459758	1.108599	0.2146530229839032	0.0519102346829612	0.0010455104551045	pat	13	114364328	44.5	69.864328		26.8	interior		
chr13	45500000	0.0361181781764005	1.005755	0.164587812705602	-0.0427911499067898	0.0008610086100861	pat	13	114364328	45.5	68.864328		27.8	interior		
chr13	46500000	0.0357834186750974	0.835772	0.1598491147003896	0.0450652912024782	0.0009840098400984	pat	13	114364328	46.5	67.864328		28.8	interior		
chr13	47500000	0.0606639326687903	0.762721	0.2579101506751612	0.3405901458127033	0.0014760147601476	pat	13	114364328	47.5	66.864328		29.8	interior		
chr13	48500000	0.0582825573354552	0.436537	0.2418609693418207	0.5467588468659877	0.0013530135301353	pat	13	114364328	48.5	65.864328		30.8	interior		
chr13	49500000	0.0453844997398407	0.363943	0.1888168589593628	0.522387826500471	0.0009225092250922	pat	13	114364328	49.5	64.864328		31.8	interior		
chr13	50500000	0.0214961292566332	0.388338	0.0937512770265328	0.1718087603589499	0.000430504305043	pat	13	114364328	50.5	63.864328		32.8	interior		
chr13	51500000	0.0298564840711592	0.408436	0.1275946562846368	0.3027686386986208	0.0005535055350553	pat	13	114364328	51.5	62.864328		33.8	interior		
chr13	52500000	0.0281306456599028	0.409608	0.1207147426396112	0.2741641884697047	0.0005535055350553	pat	13	114364328	52.5	61.864328		34.8	interior		
chr13	53500000	0.0213799113675075	0.383232	0.09318428547003	0.1755980734165441	0.000430504305043	pat	13	114364328	53.5	60.864328		35.8	interior		
chr13	54500000	0.0082039504424147	0.335575	0.0395273017696588	-0.2308464600466187	0.0001230012300123	pat	13	114364328	54.5	59.864328		36.8	interior		
chr13	55500000	0.0098499352726966	0.254746	0.0444946610907864	-0.0058695259799696	0.0001230012300123	pat	13	114364328	55.5	58.864328		37.8	interior		
chr13	56500000	0.01420594833366	0.181821	0.06046021333464	0.3326904256504602	0.0002460024600246	pat	13	114364328	56.5	57.864328		38.8	interior		
chr13	57500000	0.013969906710236	0.181176	0.0595031468409439	0.3268074206098192	0.0002460024600246	pat	13	114364328	57.5	56.864328		39.8	interior		
chr13	58500000	0.0138521750271343	0.253391	0.0604765201085372	0.1657425082785565	0.0003075030750307	pat	13	114364328	58.5	55.864328		40.8	interior		
chr13	59500000	0.0131922741600194	0.30756	0.0589202966400776	0.0459795950850492	0.0003690036900369	pat	13	114364328	59.5	54.864328		41.8	interior		
chr13	60500000	0.012965414907889	0.314418	0.058150019631556	0.0263064339532198	0.0003690036900369	pat	13	114364328	60.5	53.864328		42.8	interior		
chr13	61500000	0.0099199487250934	0.24418	0.0445633949003736	0.0188502637597461	0.0003075030750307	pat	13	114364328	61.5	52.864328		43.8	interior		
chr13	62500000	0.0116474108842187	0.193499	0.0504596235368748	0.212164928321791	0.000430504305043	pat	13	114364328	62.5	51.864328		44.8	interior		
chr13	63500000	0.0098374087541908	0.202877	0.0434071750167632	0.1069174563256833	0.0003690036900369	pat	13	114364328	63.5	50.864328		45.8	interior		
chr13	64500000	0.0120064462758807	0.223062	0.0524870251035228	0.1581887569389843	0.0003690036900369	pat	13	114364328	64.5	49.864328		46.8	interior		
chr13	65500000	0.008560158476414	0.233219	0.038905013905656	-0.0318873471991587	0.0001230012300123	pat	13	114364328	65.5	48.864328		47.8	interior		
chr13	66500000	0.0111440460542989	0.23951	0.0493663842171956	0.0864700632488482	0.0001845018450184	pat	13	114364328	66.5	47.864328		48.8	interior		
chr13	67500000	0.0110943072973684	0.229554	0.0489683091894736	0.1052867093229034	0.0002460024600246	pat	13	114364328	67.5	46.864328		49.8	interior		
chr13	68500000	0.0079547493687456	0.191994	0.0356588774749824	0.0286761024708453	0.0001845018450184	pat	13	114364328	68.5	45.864328		50.8	interior		
chr13	69500000	0.0197511317448986	0.256156	0.0841276469795943	0.32680188209966	0.0006765067650676	pat	13	114364328	69.5	44.864328		51.8	interior		
chr13	70500000	0.0205839778049841	0.30242	0.0883843112199364	0.2700145885036275	0.0006150061500615	pat	13	114364328	70.5	43.864328		52.8	interior		
chr13	71500000	0.0332476675185261	0.381968	0.1406300300741044	0.3798251783330875	0.0009840098400984	pat	13	114364328	71.5	42.864328		53.8	interior		
chr13	72500000	0.0198894490381767	0.523028	0.0900183561527068	-0.0141904014901266	0.0004920049200492	pat	13	114364328	72.5	41.864328		54.8	interior		
chr13	73500000	0.0198272171712089	0.588122	0.0910713086848356	-0.074270938108338	0.0006150061500615	pat	13	114364328	73.5	40.864328		55.8	interior		
chr13	74500000	0.0223148046942033	0.69933	0.1032458187768132	-0.1015534573964545	0.0006765067650676	pat	13	114364328	74.5	39.864328		56.8	interior		
chr13	75500000	0.0307212149558499	0.582568	0.1345362198233995	0.1481860235563614	0.0009840098400984	pat	13	114364328	75.5	38.864328		57.8	interior		
chr13	76500000	0.0440989937525038	0.488385	0.1861636750100151	0.3954111894189935	0.0011070110701107	pat	13	114364328	76.5	37.864328		58.8	interior		
chr13	77500000	0.0316659096271602	0.466241	0.1359884585086408	0.2690138774356334	0.0009225092250922	pat	13	114364328	77.5	36.864328		59.8	interior		
chr13	78500000	0.024155981350266	0.371214	0.104048205401064	0.2490578501947918	0.0006150061500615	pat	13	114364328	78.5	35.864328		60.8	interior		
chr13	79500000	0.0143300720503463	0.401255	0.0653453882013851	-0.0455554300077898	0.0003690036900369	pat	13	114364328	79.5	34.864328		61.8	interior		
chr13	80500000	0.0118931664198475	0.351518	0.05460302567939	-0.0724896438671847	0.0002460024600246	pat	13	114364328	80.5	33.864328		62.8	interior		
chr13	81500000	0.0107425470175402	0.389917	0.0507685280701608	-0.1735546458416741	0.0002460024600246	pat	13	114364328	81.5	32.864328		63.8	interior		
chr13	82500000	0.0110171503858578	0.388335	0.0518353015434312	-0.1593075578768845	0.0002460024600246	pat	13	114364328	82.5	31.864328		64.8	interior		
chr13	83500000	0.007544900607402	0.316467	0.036508942429608	-0.2427009022995175	0.0001230012300123	pat	13	114364328	83.5	30.864328		65.8	interior		
chr13	84500000	0.0131193416989073	0.283538	0.0581481267956291	0.0837058510186533	0.0003690036900369	pat	13	114364328	84.5	29.864328		66.8	interior		
chr13	85500000	0.0122834648660626	0.246502	0.0540638994642504	0.1203867183773827	0.0003690036900369	pat	13	114364328	85.5	28.864328		67.8	interior		
chr13	86500000	0.0186870505643575	0.299082	0.0807298422574299	0.229903859372237	0.0005535055350553	pat	13	114364328	86.5	27.864328		68.8	interior		
chr13	87500000	0.0146212465651423	0.305736	0.0645997062605692	0.1000722371987741	0.0003690036900369	pat	13	114364328	87.5	26.864328		69.8	interior		
chr13	88500000	0.014641415516521	0.336573	0.065297122066084	0.0530013004565613	0.0003690036900369	pat	13	114364328	88.5	25.864328		70.8	interior		
chr13	89500000	0.0117070340160475	0.390702	0.05464217606419	-0.1325614104498092	0.0003075030750307	pat	13	114364328	89.5	24.864328		71.8	interior		
chr13	90500000	0.01212230437192	0.61196	0.06072841748768	-0.3277259736797301	0.0003075030750307	pat	13	114364328	90.5	23.864328		72.8	interior		
chr13	91500000	0.0119008364535264	0.74593	0.0625219458141056	-0.4206488343854582	0.0002460024600246	pat	13	114364328	91.5	22.864328		73.8	interior		
chr13	92500000	0.0157374420867343	0.766502	0.0782798083469372	-0.3116445612423059	0.000430504305043	pat	13	114364328	92.5	21.864328		74.8	interior		
chr13	93500000	0.0237946807722275	0.844654	0.11207180308891	-0.1627410734649707	0.0007380073800738	pat	13	114364328	93.5	20.864328		75.8	interior		
chr13	94500000	0.0341234501980115	0.909141	0.154676620792046	-0.0207232631509539	0.0011070110701107	pat	13	114364328	94.5	19.864328		76.8	end_q	19.0	chr13q
chr13	95500000	0.0312605629337871	0.965324	0.1443487317351484	-0.094241286766419	0.0008610086100861	pat	13	114364328	95.5	18.864328		77.8	end_q	18.0	chr13q
chr13	96500000	0.0248919225695871	0.841003	0.1163877502783484	-0.1385966788112412	0.0005535055350553	pat	13	114364328	96.5	17.864328		78.8	end_q	17.0	chr13q
chr13	97500000	0.0339872749616428	0.979238	0.1555338598465712	-0.0597914099847936	0.0008610086100861	pat	13	114364328	97.5	16.864328		79.8	end_q	16.0	chr13q
chr13	98500000	0.0506963104825205	1.117343	0.2251321019300819	0.0739682602923596	0.001230012300123	pat	13	114364328	98.5	15.864328		80.8	end_q	15.0	chr13q
chr13	99500000	0.0503613094778072	1.133025	0.2241057379112288	0.0637333876218236	0.0012915129151291	pat	13	114364328	99.5	14.864328		81.8	end_q	14.0	chr13q
chr13	100500000	0.0360360391491954	1.041588	0.1649759165967816	-0.0613823959784229	0.0011070110701107	pat	13	114364328	100.5	13.864328		82.8	end_q	13.0	chr13q
chr13	101500000	0.0314283357407047	0.851264	0.1427386229628188	-0.0289666472416177	0.0009840098400984	pat	13	114364328	101.5	12.864328		83.8	end_q	12.0	chr13q
chr13	102500000	0.03320972362352	0.957223	0.15198335449408	-0.059993254057631	0.0011070110701107	pat	13	114364328	102.5	11.864328		84.8	end_q	11.0	chr13q
chr13	103500000	0.0280392842702675	1.136827	0.13489367708107	-0.2266578087320643	0.0008610086100861	pat	13	114364328	103.5	10.864328		85.8	end_q	10.0	chr13q
chr13	104500000	0.0475783424072515	1.670456	0.2237224896290059	-0.1573865011492627	0.0014760147601476	pat	13	114364328	104.5	9.864328		86.8	end_q	9.0	chr13q
chr13	105500000	0.0483786452832507	1.870225	0.2309190811330028	-0.2039459372053853	0.0014760147601476	pat	13	114364328	105.5	8.864328		87.8	end_q	8.0	chr13q
chr13	106500000	0.075218574166467	2.068483	0.342243956665868	-0.0365385616540447	0.0022755227552275	pat	13	114364328	106.5	7.864328		88.8	end_q	7.0	chr13q
chr13	107500000	0.0649248450684884	2.248854	0.3046764602739536	-0.1507828291921195	0.0020295202952029	pat	13	114364328	107.5	6.864328		89.8	end_q	6.0	chr13q
chr13	108500000	0.0719441927834169	2.801626	0.3438092911336676	-0.2074458096516239	0.0023370233702337	pat	13	114364328	108.5	5.864328		90.8	end_q	5.0	chr13q
chr13	109500000	0.0578272559095597	3.283268	0.2969743836382388	-0.379123579213975	0.0019065190651906	pat	13	114364328	109.5	4.864328		91.8	end_q	4.0	chr13q
chr13	110500000	0.0811434799242444	3.684217	0.3982582596969776	-0.2796162515803465	0.0023370233702337	pat	13	114364328	110.5	3.864328		92.8	end_q	3.0	chr13q
chr13	111500000	0.1088083670126457	4.170128	0.5186360280505827	-0.1998011603223597	0.0030750307503075	pat	13	114364328	111.5	2.864328		93.8	end_q	2.0	chr13q
chr13	112500000	0.2081706705062083	4.108844	0.9148595620248332	0.1285469318401508	0.0044280442804428	pat	13	114364328	112.5	1.864328		94.8	end_q	1.0	chr13q
chr13	113500000	0.2226527266250271	4.169569	0.9740022865001084	0.1543114866484294	0.0036285362853628	pat	13	114364328	113.5	0.864328		95.8	end_q	0.0	chr13q
chr14	500000	0.0381892573929121	0.0	0.1527570295716484	1.0	0.0	pat	14	107043718	0.5	106.543718		16.7	other		
chr14	1500000	0.0381892573929121	0.0	0.1527570295716484	1.0	0.0	pat	14	107043718	1.5	105.543718		15.7	other		
chr14	2500000	0.0381892573929121	0.0	0.1527570295716484	1.0	0.0	pat	14	107043718	2.5	104.543718		14.7	other		
chr14	3500000	0.0381892573929121	0.0	0.1527570295716484	1.0	0.0	pat	14	107043718	3.5	103.543718		13.7	other		
chr14	4500000	0.0381892573929121	0.0	0.1527570295716484	1.0	0.0	pat	14	107043718	4.5	102.543718		12.7	other		
chr14	5500000	0.0381892573929121	0.0	0.1527570295716484	1.0	0.0	pat	14	107043718	5.5	101.543718		11.7	other		
chr14	6500000	0.0381892573929121	0.0	0.1527570295716484	1.0	0.0	pat	14	107043718	6.5	100.543718		10.7	other		
chr14	7500000	0.0381892573929121	0.0	0.1527570295716484	1.0	0.0	pat	14	107043718	7.5	99.543718		9.7	other		
chr14	8500000	0.0381892573929121	0.0	0.1527570295716484	1.0	0.0	pat	14	107043718	8.5	98.543718		8.7	other		
chr14	9500000	0.0381892573929121	0.0	0.1527570295716484	1.0	0.0	pat	14	107043718	9.5	97.543718		7.699999999999999	other		
chr14	10500000	0.0381892573929121	0.0	0.1527570295716484	1.0	0.0	pat	14	107043718	10.5	96.543718		6.699999999999999	other		
chr14	11500000	0.0381892573929121	0.0	0.1527570295716484	1.0	0.0	pat	14	107043718	11.5	95.543718		5.699999999999999	other		
chr14	12500000	0.0381892573929121	0.0	0.1527570295716484	1.0	0.0	pat	14	107043718	12.5	94.543718		4.699999999999999	other		
chr14	13500000	0.0381892573929121	0.0	0.1527570295716484	1.0	0.0	pat	14	107043718	13.5	93.543718		3.6999999999999993	other		
chr14	14500000	0.0381892573929121	0.0	0.1527570295716484	1.0	0.0	pat	14	107043718	14.5	92.543718		2.6999999999999993	other		
chr14	15500000	0.0381892573929121	0.0	0.1527570295716484	1.0	0.0	pat	14	107043718	15.5	91.543718		1.6999999999999993	other		
chr14	16500000	0.0381892573929121	0.0	0.1527570295716484	1.0	0.0	pat	14	107043718	16.5	90.543718		0.6999999999999993	other		
chr14	17500000	0.0381892573929121	0.0	0.1527570295716484	1.0	0.0	pat	14	107043718	17.5	89.543718		0.3000000000000007	other		
chr14	18500000	0.0724028588794445	0.0	0.289611435517778	1.0	0.0001230012300123	pat	14	107043718	18.5	88.543718		1.3000000000000007	other		
chr14	19500000	0.0552167949163476	3.673461	0.2943363996653904	-0.4448648567639157	0.0006765067650676	pat	14	107043718	19.5	87.543718		2.3000000000000007	other		
chr14	20500000	0.0621976903852216	2.820857	0.3052079015408864	-0.2791017052516843	0.0012915129151291	pat	14	107043718	20.5	86.543718		3.3000000000000007	other		
chr14	21500000	0.0644709037317599	2.721725	0.3123181149270396	-0.2457382894377101	0.0017220172201722	pat	14	107043718	21.5	85.543718		4.300000000000001	other		
chr14	22500000	0.0908231975365054	2.603896	0.4153707101460216	-0.057330281449962	0.0020910209102091	pat	14	107043718	22.5	84.543718		5.300000000000001	other		
chr14	23500000	0.0982537986873128	2.2209	0.4374331947492512	0.0613971846597495	0.0014760147601476	pat	14	107043718	23.5	83.543718		6.300000000000001	other		
chr14	24500000	0.0882644992294453	2.326143	0.3995808569177812	-0.0152817756902102	0.0015375153751537	pat	14	107043718	24.5	82.543718		7.300000000000001	other		
chr14	25500000	0.0358715484117461	1.914882	0.1817838336469844	-0.3524179865885398	0.0007380073800738	pat	14	107043718	25.5	81.543718		8.3	other		
chr14	26500000	0.0517046968048758	2.044414	0.2477070672195032	-0.2147325990287917	0.0013530135301353	pat	14	107043718	26.5	80.543718		9.3	other		
chr14	27500000	0.0291192395477478	1.392467	0.1443262981909912	-0.3033319517744019	0.0007995079950799	pat	14	107043718	27.5	79.543718		10.3	interior		
chr14	28500000	0.0319177287913359	1.284163	0.1533541751653436	-0.2230076598071862	0.0009225092250922	pat	14	107043718	28.5	78.543718		11.3	interior		
chr14	29500000	0.0342807922291788	1.550155	0.1681262689167152	-0.2777395915182736	0.0009225092250922	pat	14	107043718	29.5	77.543718		12.3	interior		
chr14	30500000	0.0671111646800481	1.424938	0.2969434187201924	0.0924996900118076	0.0014145141451414	pat	14	107043718	30.5	76.543718		13.3	interior		
chr14	31500000	0.0776957210411348	1.821947	0.3472218241645392	0.0430743786040289	0.0017220172201722	pat	14	107043718	31.5	75.543718		14.3	interior		
chr14	32500000	0.0553207945242734	1.89278	0.2591387780970936	-0.1447707706371934	0.0013530135301353	pat	14	107043718	32.5	74.543718		15.3	interior		
chr14	33500000	0.0513851100830567	2.25613	0.2506630403322268	-0.264087649212265	0.0013530135301353	pat	14	107043718	33.5	73.543718		16.3	interior		
chr14	34500000	0.0487799513057075	1.603841	0.22719662522283	-0.1252263671701019	0.0011070110701107	pat	14	107043718	34.5	72.543718		17.3	interior		
chr14	35500000	0.0516404060030189	1.560135	0.2377643240120756	-0.083386075517775	0.0011685116851168	pat	14	107043718	35.5	71.543718		18.3	interior		
chr14	36500000	0.0315213055420642	1.210631	0.1502978421682567	-0.2008184036958202	0.0006765067650676	pat	14	107043718	36.5	70.543718		19.3	interior		
chr14	37500000	0.0243705066222597	1.321569	0.1239134064890388	-0.3592889301184324	0.0006150061500615	pat	14	107043718	37.5	69.543718		20.3	interior		
chr14	38500000	0.0198500033190137	0.747694	0.0943538932760548	-0.191470672196178	0.000430504305043	pat	14	107043718	38.5	68.543718		21.3	interior		
chr14	39500000	0.0170823281403451	0.64537	0.0812367125613804	-0.1929102965547519	0.0004920049200492	pat	14	107043718	39.5	67.543718		22.3	interior		
chr14	40500000	0.0166628744012851	0.573617	0.0781238376051404	-0.1477680958442945	0.0004920049200492	pat	14	107043718	40.5	66.543718		23.3	interior		
chr14	41500000	0.0137320159253721	0.719856	0.0693251837014884	-0.3444467162825539	0.0004920049200492	pat	14	107043718	41.5	65.543718		24.3	interior		
chr14	42500000	0.015322762132025	0.72284	0.0757478485281	-0.2971519248806457	0.0004920049200492	pat	14	107043718	42.5	64.543718		25.3	interior		
chr14	43500000	0.016480351892884	0.717303	0.080267467571536	-0.2600231956648172	0.0004920049200492	pat	14	107043718	43.5	63.543718		26.3	interior		
chr14	44500000	0.0283734929718471	0.468323	0.1228604318873884	0.2152596005212509	0.0006765067650676	pat	14	107043718	44.5	62.543718		27.3	interior		
chr14	45500000	0.0282954216316072	0.542884	0.1240393665264288	0.1424580191753191	0.0006765067650676	pat	14	107043718	45.5	61.543718		28.3	interior		
chr14	46500000	0.0219192934824035	0.422031	0.0961177939296139	0.1407353238201723	0.0005535055350553	pat	14	107043718	46.5	60.543718		29.3	interior		
chr14	47500000	0.0109050535278839	0.397677	0.0515737541115356	-0.1758291129228056	0.0003075030750307	pat	14	107043718	47.5	59.543718		30.3	interior		
chr14	48500000	0.0108242836189277	0.350104	0.0502992144757108	-0.1171472841108715	0.0002460024600246	pat	14	107043718	48.5	58.543718		31.3	interior		
chr14	49500000	0.0125773928638009	0.510667	0.0605229114552036	-0.2273345147209851	0.0002460024600246	pat	14	107043718	49.5	57.543718		32.3	interior		
chr14	50500000	0.0236555181764478	0.622625	0.1070745727057912	-0.0146415022624249	0.0005535055350553	pat	14	107043718	50.5	56.543718		33.3	interior		
chr14	51500000	0.028464552670705	0.683404	0.12752629068282	0.0313078918846975	0.0007380073800738	pat	14	107043718	51.5	55.543718		34.3	interior		
chr14	52500000	0.0324189260850724	0.771881	0.1451133243402896	0.0354725590023415	0.0009225092250922	pat	14	107043718	52.5	54.543718		35.3	interior		
chr14	53500000	0.030994915232349	0.941161	0.142802880929396	-0.085901842811642	0.0008610086100861	pat	14	107043718	53.5	53.543718		36.3	interior		
chr14	54500000	0.0319926326032056	0.873945	0.1454494304128223	-0.0332122302002023	0.0009225092250922	pat	14	107043718	54.5	52.543718		37.3	interior		
chr14	55500000	0.0352511750447914	0.888849	0.1587816801791656	0.0068170922266336	0.0010455104551045	pat	14	107043718	55.5	51.543718		38.3	interior		
chr14	56500000	0.0449056237303426	0.705167	0.1937258349213703	0.2388890948610636	0.001230012300123	pat	14	107043718	56.5	50.543718		39.3	interior		
chr14	57500000	0.0323652313853664	0.725756	0.1439760455414656	0.0653735169619975	0.0009225092250922	pat	14	107043718	57.5	49.543718		40.3	interior		
chr14	58500000	0.0253596385197544	0.409903	0.1096366140790175	0.225222206232821	0.0007380073800738	pat	14	107043718	58.5	48.543718		41.3	interior		
chr14	59500000	0.0192089948191724	0.229917	0.0814343192766896	0.3621529141649329	0.000430504305043	pat	14	107043718	59.5	47.543718		42.3	interior		
chr14	60500000	0.0228271022207184	0.249893	0.0963062688828736	0.4002858705917629	0.0004920049200492	pat	14	107043718	60.5	46.543718		43.3	interior		
chr14	61500000	0.0213112593594777	0.315558	0.0915561974379108	0.2663936608669663	0.000430504305043	pat	14	107043718	61.5	45.543718		44.3	interior		
chr14	62500000	0.0159885951734395	0.391386	0.071782100693758	0.0216187714601659	0.0003075030750307	pat	14	107043718	62.5	44.543718		45.3	interior		
chr14	63500000	0.0190952265011592	0.407997	0.0845408460046368	0.0893815578549994	0.000430504305043	pat	14	107043718	63.5	43.543718		46.3	interior		
chr14	64500000	0.0248775067686656	0.423581	0.1079816470746624	0.2003921687683983	0.0004920049200492	pat	14	107043718	64.5	42.543718		47.3	interior		
chr14	65500000	0.0317701890719342	0.334534	0.1337714362877368	0.4164805404620988	0.0006150061500615	pat	14	107043718	65.5	41.543718		48.3	interior		
chr14	66500000	0.0314942037087684	0.320215	0.1323811148350736	0.4308474924169772	0.0005535055350553	pat	14	107043718	66.5	40.543718		49.3	interior		
chr14	67500000	0.0398349154432432	0.3865	0.1670696617729727	0.4497105697556191	0.0007380073800738	pat	14	107043718	67.5	39.543718		50.3	interior		
chr14	68500000	0.0400374439542878	0.489145	0.1699326758171512	0.3532125757609073	0.0007995079950799	pat	14	107043718	68.5	38.543718		51.3	interior		
chr14	69500000	0.052213796367998	0.634676	0.221548705471992	0.3554319339047742	0.0011685116851168	pat	14	107043718	69.5	37.543718		52.3	interior		
chr14	70500000	0.0349512629261757	0.532036	0.1504457717047028	0.2535032966417594	0.0007995079950799	pat	14	107043718	70.5	36.543718		53.3	interior		
chr14	71500000	0.0295023269316439	0.731364	0.1326365877265756	0.0153091813821431	0.0007380073800738	pat	14	107043718	71.5	35.543718		54.3	interior		
chr14	72500000	0.0181837317022964	0.551469	0.0837643068091856	-0.0852899796710337	0.0003690036900369	pat	14	107043718	72.5	34.543718		55.3	interior		
chr14	73500000	0.0199989581413026	0.563617	0.0912681725652104	-0.0487771928148526	0.000430504305043	pat	14	107043718	73.5	33.543718		56.3	interior		
chr14	74500000	0.0185929018190793	0.42434	0.0828584072763172	0.0565933465630808	0.0003075030750307	pat	14	107043718	74.5	32.543718		57.3	interior		
chr14	75500000	0.0249870891915434	0.630956	0.1125674767661736	0.0060929392436982	0.0005535055350553	pat	14	107043718	75.5	31.543718		58.3	interior		
chr14	76500000	0.0267749542128607	0.730106	0.1217019368514428	-0.0323187022348766	0.0006765067650676	pat	14	107043718	76.5	30.543718		59.3	interior		
chr14	77500000	0.0396432306847652	0.97371	0.1780471227390608	0.0199321539539654	0.0010455104551045	pat	14	107043718	77.5	29.543718		60.3	interior		
chr14	78500000	0.0295069201638918	1.013692	0.1383015206555672	-0.1467657177444535	0.0008610086100861	pat	14	107043718	78.5	28.543718		61.3	interior		
chr14	79500000	0.022132679343024	0.934765	0.107226017372096	-0.2459416149496477	0.0006150061500615	pat	14	107043718	79.5	27.543718		62.3	interior		
chr14	80500000	0.0168581639512657	0.825534	0.0839433358050628	-0.3140806426181116	0.000430504305043	pat	14	107043718	80.5	26.543718		63.3	interior		
chr14	81500000	0.0235519064755747	0.732663	0.1088608859022988	-0.0978935652238818	0.0005535055350553	pat	14	107043718	81.5	25.543718		64.3	interior		
chr14	82500000	0.0305431265723097	0.811517	0.1384028462892388	-0.019348967351031	0.0008610086100861	pat	14	107043718	82.5	24.543718		65.3	interior		
chr14	83500000	0.0256627618060815	0.631784	0.115286727224326	0.0187759532736483	0.0007995079950799	pat	14	107043718	83.5	23.543718		66.3	interior		
chr14	84500000	0.0188943674790137	0.589285	0.0873631699160547	-0.0991646081952578	0.0006150061500615	pat	14	107043718	84.5	22.543718		67.3	interior		
chr14	85500000	0.0123089415994763	0.638692	0.0620096063979052	-0.3399329695378368	0.0003075030750307	pat	14	107043718	85.5	21.543718		68.3	interior		
chr14	86500000	0.0118228551024459	0.795006	0.0631915404097836	-0.4491429409340126	0.0002460024600246	pat	14	107043718	86.5	20.543718		69.3	interior		
chr14	87500000	0.0211308209048793	0.844515	0.1014135836195172	-0.219835699677438	0.0004920049200492	pat	14	107043718	87.5	19.543718		70.3	end_q	19.0	chr14q
chr14	88500000	0.0307761384867482	1.131586	0.1457362739469928	-0.1798101140546912	0.0007380073800738	pat	14	107043718	88.5	18.543718		71.3	end_q	18.0	chr14q
chr14	89500000	0.0309583663278427	1.227455	0.1483825653113707	-0.2160376458630748	0.0007380073800738	pat	14	107043718	89.5	17.543718		72.3	end_q	17.0	chr14q
chr14	90500000	0.0239625913165318	1.349795	0.1228462652661272	-0.3757275858270621	0.0005535055350553	pat	14	107043718	90.5	16.543718		73.3	end_q	16.0	chr14q
chr14	91500000	0.0313440242681241	1.355548	0.1524870570724963	-0.2570408041395088	0.0007995079950799	pat	14	107043718	91.5	15.543718		74.3	end_q	15.0	chr14q
chr14	92500000	0.0507847542182154	1.270718	0.2285533768728616	0.0106604568219394	0.001230012300123	pat	14	107043718	92.5	14.543718		75.3	end_q	14.0	chr14q
chr14	93500000	0.0514179377788379	1.448168	0.2346351111153516	-0.0484642988277724	0.0014760147601476	pat	14	107043718	93.5	13.543718		76.3	end_q	13.0	chr14q
chr14	94500000	0.0497925327189668	1.472349	0.2286171108758672	-0.0727146524892238	0.0014760147601476	pat	14	107043718	94.5	12.543718		77.3	end_q	12.0	chr14q
chr14	95500000	0.0465766122978882	1.761481	0.2215360691915527	-0.193407222354607	0.0014145141451414	pat	14	107043718	95.5	11.543718		78.3	end_q	11.0	chr14q
chr14	96500000	0.0437653184555632	2.090217	0.2168656138222528	-0.3027635854321995	0.0011685116851168	pat	14	107043718	96.5	10.543718		79.3	end_q	10.0	chr14q
chr14	97500000	0.0289886530695306	2.191674	0.1597880922781224	-0.4946716957564109	0.0008610086100861	pat	14	107043718	97.5	9.543718		80.3	end_q	9.0	chr14q
chr14	98500000	0.0296272544723179	2.416654	0.1668420978892716	-0.5228041009835745	0.0008610086100861	pat	14	107043718	98.5	8.543718		81.3	end_q	8.0	chr14q
chr14	99500000	0.0278946820063453	1.941638	0.1504114880253812	-0.4628200549063368	0.0007380073800738	pat	14	107043718	99.5	7.543718		82.3	end_q	7.0	chr14q
chr14	100500000	0.042678056648678	2.659187	0.223895966594712	-0.4182045088565	0.0009840098400984	pat	14	107043718	100.5	6.543718		83.3	end_q	6.0	chr14q
chr14	101500000	0.0588695497011734	2.110243	0.2776830588046935	-0.1674925861865515	0.001230012300123	pat	14	107043718	101.5	5.543718		84.3	end_q	5.0	chr14q
chr14	102500000	0.0856184361019091	1.957406	0.3816218644076364	0.0557362409657574	0.0017220172201722	pat	14	107043718	102.5	4.543718		85.3	end_q	4.0	chr14q
chr14	103500000	0.1135394567006406	1.850025	0.4911583268025624	0.2214015668417393	0.0022755227552275	pat	14	107043718	103.5	3.543718		86.3	end_q	3.0	chr14q
chr14	104500000	0.1138325696843729	1.930554	0.4939413587374916	0.2022857160304614	0.0019065190651906	pat	14	107043718	104.5	2.543718		87.3	end_q	2.0	chr14q
chr14	105500000	0.1388897566712098	2.658169	0.6087224066848392	0.143674274330568	0.0014760147601476	pat	14	107043718	105.5	1.543718		88.3	end_q	1.0	chr14q
chr14	106500000	0.1215268140889577	0.045566	0.4870185763558308	0.9710866261594784	0.0004920049200492	pat	14	107043718	106.5	0.543718		89.3	end_q	0.0	chr14q
chr15	500000	0.0381892573929121	0.0	0.1527570295716484	1.0	0.0	pat	15	101991189	0.5	101.491189		18.5	other		
chr15	1500000	0.0381892573929121	0.0	0.1527570295716484	1.0	0.0	pat	15	101991189	1.5	100.491189		17.5	other		
chr15	2500000	0.0381892573929121	0.0	0.1527570295716484	1.0	0.0	pat	15	101991189	2.5	99.491189		16.5	other		
chr15	3500000	0.0381892573929121	0.0	0.1527570295716484	1.0	0.0	pat	15	101991189	3.5	98.491189		15.5	other		
chr15	4500000	0.0381892573929121	0.0	0.1527570295716484	1.0	0.0	pat	15	101991189	4.5	97.491189		14.5	other		
chr15	5500000	0.0381892573929121	0.0	0.1527570295716484	1.0	0.0	pat	15	101991189	5.5	96.491189		13.5	other		
chr15	6500000	0.0381892573929121	0.0	0.1527570295716484	1.0	0.0	pat	15	101991189	6.5	95.491189		12.5	other		
chr15	7500000	0.0381892573929121	0.0	0.1527570295716484	1.0	0.0	pat	15	101991189	7.5	94.491189		11.5	other		
chr15	8500000	0.0381892573929121	0.0	0.1527570295716484	1.0	0.0	pat	15	101991189	8.5	93.491189		10.5	other		
chr15	9500000	0.0381892573929121	0.0	0.1527570295716484	1.0	0.0	pat	15	101991189	9.5	92.491189		9.5	other		
chr15	10500000	0.0381892573929121	0.0	0.1527570295716484	1.0	0.0	pat	15	101991189	10.5	91.491189		8.5	other		
chr15	11500000	0.0381892573929121	0.0	0.1527570295716484	1.0	0.0	pat	15	101991189	11.5	90.491189		7.5	other		
chr15	12500000	0.0381892573929121	0.0	0.1527570295716484	1.0	0.0	pat	15	101991189	12.5	89.491189		6.5	other		
chr15	13500000	0.0381892573929121	0.0	0.1527570295716484	1.0	0.0	pat	15	101991189	13.5	88.491189		5.5	other		
chr15	14500000	0.0381892573929121	0.0	0.1527570295716484	1.0	0.0	pat	15	101991189	14.5	87.491189		4.5	other		
chr15	15500000	0.0381892573929121	0.0	0.1527570295716484	1.0	0.0	pat	15	101991189	15.5	86.491189		3.5	other		
chr15	16500000	0.0381892573929121	0.0	0.1527570295716484	1.0	0.0	pat	15	101991189	16.5	85.491189		2.5	other		
chr15	17500000	0.0381892573929121	0.0	0.1527570295716484	1.0	0.0	pat	15	101991189	17.5	84.491189		1.5	other		
chr15	18500000	0.0381892573929121	0.0	0.1527570295716484	1.0	0.0	pat	15	101991189	18.5	83.491189		0.5	other		
chr15	19500000	0.0381892573929121	0.0	0.1527570295716484	1.0	0.0	pat	15	101991189	19.5	82.491189		0.5	other		
chr15	20500000	0.0381892573929121	0.0	0.1527570295716484	1.0	0.0	pat	15	101991189	20.5	81.491189		1.5	other		
chr15	21500000	0.0381892573929121	0.0	0.1527570295716484	1.0	0.0	pat	15	101991189	21.5	80.491189		2.5	other		
chr15	22500000	0.042642698750638	4.239026	0.255351315002552	-0.5909241741408376	0.0003690036900369	pat	15	101991189	22.5	79.491189		3.5	other		
chr15	23500000	0.0343703006622075	1.857665	0.17463450264883	-0.3578429979270894	0.0005535055350553	pat	15	101991189	23.5	78.491189		4.5	other		
chr15	24500000	0.031629689664232	1.794218	0.162403118656928	-0.378735623914486	0.0007995079950799	pat	15	101991189	24.5	77.491189		5.5	other		
chr15	25500000	0.0243175118989688	1.899905	0.1352681475958752	-0.5069749229556353	0.0006150061500615	pat	15	101991189	25.5	76.491189		6.5	other		
chr15	26500000	0.0266211886133477	2.385853	0.1542018144533908	-0.5561700972284195	0.0007380073800738	pat	15	101991189	26.5	75.491189		7.5	other		
chr15	27500000	0.0256386456063159	2.155135	0.1456572824252636	-0.5336412634399432	0.0004920049200492	pat	15	101991189	27.5	74.491189		8.5	other		
chr15	28500000	0.0678417698188934	2.552571	0.3224184992755736	-0.190935315379268	0.0012915129151291	pat	15	101991189	28.5	73.491189		9.5	other		
chr15	29500000	0.1116307650533288	1.71175	0.4807580602133152	0.2500761433228697	0.0014145141451414	pat	15	101991189	29.5	72.491189		10.5	interior		
chr15	30500000	0.1057905372351376	1.809005	0.4593422489405503	0.1983321987962986	0.0020295202952029	pat	15	101991189	30.5	71.491189		11.5	interior		
chr15	31500000	0.0879101751755159	1.288088	0.3774024607020636	0.2712680740538373	0.0015375153751537	pat	15	101991189	31.5	70.491189		12.5	interior		
chr15	32500000	0.0539182201713832	1.95947	0.2548622806855328	-0.1741555023369985	0.0014760147601476	pat	15	101991189	32.5	69.491189		13.5	interior		
chr15	33500000	0.0556993221775653	2.105394	0.2649051687102612	-0.1931560911317048	0.0014760147601476	pat	15	101991189	33.5	68.491189		14.5	interior		
chr15	34500000	0.0343129183958615	2.188093	0.181013533583446	-0.4277180355944265	0.0010455104551045	pat	15	101991189	34.5	67.491189		15.5	interior		
chr15	35500000	0.0311869246534486	1.703136	0.1588104186137943	-0.3623447123059307	0.0008610086100861	pat	15	101991189	35.5	66.491189		16.5	interior		
chr15	36500000	0.015232029397305	1.481418	0.09055647758922	-0.5837589055936673	0.0003690036900369	pat	15	101991189	36.5	65.491189		17.5	interior		
chr15	37500000	0.0175145773594639	1.400165	0.0980616094378556	-0.5154506835000966	0.0005535055350553	pat	15	101991189	37.5	64.491189		18.5	interior		
chr15	38500000	0.0133933204925887	1.442906	0.0824314019703548	-0.6164740945899041	0.000430504305043	pat	15	101991189	38.5	63.491189		19.5	interior		
chr15	39500000	0.0355800332314063	1.446868	0.1712574929256252	-0.2280717752619848	0.0010455104551045	pat	15	101991189	39.5	62.491189		20.5	interior		
chr15	40500000	0.0736238358363983	1.031498	0.3151253033455932	0.2918910260977921	0.0014760147601476	pat	15	101991189	40.5	61.491189		21.5	interior		
chr15	41500000	0.1090008581521572	0.802396	0.4520513526086288	0.5528025322475378	0.0017220172201722	pat	15	101991189	41.5	60.491189		22.5	interior		
chr15	42500000	0.0747754460087105	0.513264	0.309367064034842	0.5766178850020959	0.0009840098400984	pat	15	101991189	42.5	59.491189		23.5	interior		
chr15	43500000	0.0394565101465868	0.493125	0.1676885405863472	0.3432303111206689	0.000430504305043	pat	15	101991189	43.5	58.491189		24.5	interior		
chr15	44500000	0.0278986529367554	0.45601	0.1207148117470215	0.2199116651460555	0.0003690036900369	pat	15	101991189	44.5	57.491189		25.5	interior		
chr15	45500000	0.0524346765147871	0.777401	0.2252867260591484	0.265798416222959	0.0009840098400984	pat	15	101991189	45.5	56.491189		26.5	interior		
chr15	46500000	0.0625772418752065	0.943637	0.269181707500826	0.2579037653118283	0.0015375153751537	pat	15	101991189	46.5	55.491189		27.5	interior		
chr15	47500000	0.0606815386221581	1.146668	0.2656595144886324	0.1499051389915301	0.0014145141451414	pat	15	101991189	47.5	54.491189		28.5	interior		
chr15	48500000	0.0457456450876592	0.830648	0.1995955403506368	0.1693298874863593	0.0010455104551045	pat	15	101991189	48.5	53.491189		29.5	interior		
chr15	49500000	0.0182144191093575	0.532735	0.08351237643743	-0.0672720808539312	0.0003690036900369	pat	15	101991189	49.5	52.491189		30.5	interior		
chr15	50500000	0.0180520626410086	0.27005	0.0776092505640344	0.2616304489660574	0.000430504305043	pat	15	101991189	50.5	51.491189		31.5	interior		
chr15	51500000	0.0263406694592189	0.350702	0.1123767178368756	0.3150301960810947	0.0006150061500615	pat	15	101991189	51.5	50.491189		32.5	interior		
chr15	52500000	0.0299751101296704	0.511748	0.1301354005186815	0.1991036009618644	0.0007995079950799	pat	15	101991189	52.5	49.491189		33.5	interior		
chr15	53500000	0.022964813309466	0.543324	0.1027257332378639	0.0386408814577002	0.0007380073800738	pat	15	101991189	53.5	48.491189		34.5	interior		
chr15	54500000	0.0130583876905858	0.490295	0.0620394507623432	-0.1899225737615617	0.000430504305043	pat	15	101991189	54.5	47.491189		35.5	interior		
chr15	55500000	0.0148566444874856	0.353105	0.0664886779499424	0.0363562899278976	0.000430504305043	pat	15	101991189	55.5	46.491189		36.5	interior		
chr15	56500000	0.0219999206742564	0.44559	0.0969114826970256	0.1158290385034903	0.0006765067650676	pat	15	101991189	56.5	45.491189		37.5	interior		
chr15	57500000	0.0309762490133729	0.666638	0.1372377560534916	0.0858067122807794	0.0009840098400984	pat	15	101991189	57.5	44.491189		38.5	interior		
chr15	58500000	0.046619878424864	0.957809	0.205635693699456	0.1087885283231112	0.0013530135301353	pat	15	101991189	58.5	43.491189		39.5	interior		
chr15	59500000	0.0470086807849724	1.050883	0.2090523831398895	0.0669044747801593	0.001230012300123	pat	15	101991189	59.5	42.491189		40.5	interior		
chr15	60500000	0.0423331654113638	0.898417	0.1873010016454552	0.092732510419289	0.0011070110701107	pat	15	101991189	60.5	41.491189		41.5	interior		
chr15	61500000	0.0313083100915787	0.791967	0.1410725803663148	0.0052133206881981	0.0009225092250922	pat	15	101991189	61.5	40.491189		42.5	interior		
chr15	62500000	0.0317314991842026	0.542326	0.1377725167368104	0.1985789472889765	0.0008610086100861	pat	15	101991189	62.5	39.491189		43.5	interior		
chr15	63500000	0.0331870173781264	0.41794	0.1411068695125056	0.3398667657541803	0.0007380073800738	pat	15	101991189	63.5	38.491189		44.5	interior		
chr15	64500000	0.0295389923351886	0.272833	0.1236126293407544	0.4691322150667973	0.0004920049200492	pat	15	101991189	64.5	37.491189		45.5	interior		
chr15	65500000	0.0261412061528186	0.438993	0.1133446846112744	0.2070106634819147	0.0004920049200492	pat	15	101991189	65.5	36.491189		46.5	interior		
chr15	66500000	0.0167385310510112	0.503897	0.0770320642040447	-0.0816158896331201	0.0003075030750307	pat	15	101991189	66.5	35.491189		47.5	interior		
chr15	67500000	0.0204356826094127	0.629809	0.0943389104376508	-0.09326376256651	0.000430504305043	pat	15	101991189	67.5	34.491189		48.5	interior		
chr15	68500000	0.0504689615955886	0.650095	0.2148777463823544	0.329842448894153	0.0010455104551045	pat	15	101991189	68.5	33.491189		49.5	interior		
chr15	69500000	0.0681563239372661	0.77761	0.2881774957490644	0.3827868340403213	0.0014145141451414	pat	15	101991189	69.5	32.491189		50.5	interior		
chr15	70500000	0.0742087439498491	0.76322	0.3120993757993964	0.4261634273320979	0.0017835178351783	pat	15	101991189	70.5	31.491189		51.5	interior		
chr15	71500000	0.0444449809450538	0.522938	0.1882386837802152	0.3695708874851172	0.0009840098400984	pat	15	101991189	71.5	30.491189		52.5	interior		
chr15	72500000	0.0482028871513873	0.355229	0.1999161286055492	0.5524214509518837	0.0009840098400984	pat	15	101991189	72.5	29.491189		53.5	interior		
chr15	73500000	0.0353518046943657	0.24649	0.1463370187774628	0.5713638926113837	0.0005535055350553	pat	15	101991189	73.5	28.491189		54.5	interior		
chr15	74500000	0.0470671507312726	0.277911	0.1938268229250904	0.6246952884185817	0.0006765067650676	pat	15	101991189	74.5	27.491189		55.5	interior		
chr15	75500000	0.0245795835269689	0.248809	0.1032945141078756	0.4326454353647207	0.0003075030750307	pat	15	101991189	75.5	26.491189		56.5	interior		
chr15	76500000	0.0179679567943667	0.180787	0.0754875671774668	0.4350968636532392	0.0001845018450184	pat	15	101991189	76.5	25.491189		57.5	interior		
chr15	77500000	0.0180397382970907	0.36863	0.0795315531883628	0.1114582210556454	0.0002460024600246	pat	15	101991189	77.5	24.491189		58.5	interior		
chr15	78500000	0.0290577867827478	0.61783	0.1285877471309912	0.0918087681049627	0.0006150061500615	pat	15	101991189	78.5	23.491189		59.5	interior		
chr15	79500000	0.0409587091673198	0.864061	0.1811160566692792	0.0956982430462715	0.0010455104551045	pat	15	101991189	79.5	22.491189		60.5	interior		
chr15	80500000	0.046619053592649	0.864654	0.203769294370596	0.159010537836414	0.001230012300123	pat	15	101991189	80.5	21.491189		61.5	interior		
chr15	81500000	0.0510031506250576	0.647932	0.2169712425002304	0.336005034421364	0.0011685116851168	pat	15	101991189	81.5	20.491189		62.5	interior		
chr15	82500000	0.0430750279032045	0.421098	0.180722071612818	0.4467002859441834	0.0008610086100861	pat	15	101991189	82.5	19.491189		63.5	end_q	19.0	chr15q
chr15	83500000	0.0296274638049557	0.22667	0.1230432552198227	0.5392764102761783	0.0004920049200492	pat	15	101991189	83.5	18.491189		64.5	end_q	18.0	chr15q
chr15	84500000	0.0263050273591713	0.314653	0.1115131694366852	0.3624262893443244	0.0004920049200492	pat	15	101991189	84.5	17.491189		65.5	end_q	17.0	chr15q
chr15	85500000	0.0328273756184222	0.581456	0.1429386224736888	0.1813663913099132	0.0007995079950799	pat	15	101991189	85.5	16.491189		66.5	end_q	16.0	chr15q
chr15	86500000	0.0454093274300541	0.998605	0.2016094097202164	0.0750690716673969	0.0012915129151291	pat	15	101991189	86.5	15.491189		67.5	end_q	15.0	chr15q
chr15	87500000	0.0487274638163076	1.166948	0.2182488152652303	0.0325677966731617	0.0012915129151291	pat	15	101991189	87.5	14.491189		68.5	end_q	14.0	chr15q
chr15	88500000	0.0580998121772637	1.037153	0.2531423087090548	0.1775921260245481	0.0013530135301353	pat	15	101991189	88.5	13.491189		69.5	end_q	13.0	chr15q
chr15	89500000	0.0485311005505276	0.963412	0.2133926422021104	0.1257245130829253	0.0010455104551045	pat	15	101991189	89.5	12.491189		70.5	end_q	12.0	chr15q
chr15	90500000	0.0401147295041238	1.203117	0.1845212580164952	-0.0797624416872368	0.0009840098400984	pat	15	101991189	90.5	11.491189		71.5	end_q	11.0	chr15q
chr15	91500000	0.0197723377080331	1.390551	0.1069003708321324	-0.466865196053928	0.0005535055350553	pat	15	101991189	91.5	10.491189		72.5	end_q	10.0	chr15q
chr15	92500000	0.0337077771261921	1.89184	0.1726679085047684	-0.3741645265457328	0.001230012300123	pat	15	101991189	92.5	9.491189		73.5	end_q	9.0	chr15q
chr15	93500000	0.0420747266354809	2.154791	0.2113947265419236	-0.3341294024509785	0.0015375153751537	pat	15	101991189	93.5	8.491189		74.5	end_q	8.0	chr15q
chr15	94500000	0.047192431911009	2.323826	0.2352462476440359	-0.3165758007911393	0.0015990159901599	pat	15	101991189	94.5	7.491189		75.5	end_q	7.0	chr15q
chr15	95500000	0.0305332537888468	2.463618	0.1714053751553872	-0.5188417148990294	0.0010455104551045	pat	15	101991189	95.5	6.491189		76.5	end_q	6.0	chr15q
chr15	96500000	0.0755840337947019	2.996703	0.3622701951788076	-0.216022381431396	0.0020910209102091	pat	15	101991189	96.5	5.491189		77.5	end_q	5.0	chr15q
chr15	97500000	0.0927014483531581	3.722942	0.4452646334126324	-0.2221449237372287	0.0025830258302583	pat	15	101991189	97.5	4.491189		78.5	end_q	4.0	chr15q
chr15	98500000	0.1118161977613303	4.017456	0.5276139110453212	-0.1686165704755843	0.0031980319803198	pat	15	101991189	98.5	3.491189		79.5	end_q	3.0	chr15q
chr15	99500000	0.09483215886441	4.122306	0.46177475545764	-0.2594310063259425	0.0026445264452644	pat	15	101991189	99.5	2.491189		80.5	end_q	2.0	chr15q
chr15	100500000	0.1212023025851755	4.93096	0.583428410340702	-0.2282879134660226	0.0033210332103321	pat	15	101991189	100.5	1.491189		81.5	end_q	1.0	chr15q
chr15	101500000	0.1225798116997342	5.609535	0.6025099467989368	-0.2832379367706509	0.0023985239852398	pat	15	101991189	101.5	0.491189		82.5	end_q	0.0	chr15q
chr16	500000	0.2236208179956333	4.536469	0.9852126519825332	0.1150436479696111	0.0030750307503075	pat	16	90338345	0.5	89.838345		36.3	end_p	0.0	chr16p
chr16	1500000	0.2231946464534924	3.637742	0.9655334258139696	0.2212730973909071	0.0037515375153751	pat	16	90338345	1.5	88.838345		35.3	end_p	1.0	chr16p
chr16	2500000	0.1287451429171725	2.859699	0.57217455166869	0.0700978767476539	0.0020910209102091	pat	16	90338345	2.5	87.838345		34.3	end_p	2.0	chr16p
chr16	3500000	0.1230655772361163	2.114033	0.5345429689444652	0.196138858116211	0.0019680196801968	pat	16	90338345	3.5	86.838345		33.3	end_p	3.0	chr16p
chr16	4500000	0.0714916335411554	2.551325	0.3369930341646215	-0.1653307933980775	0.0015990159901599	pat	16	90338345	4.5	85.838345		32.3	end_p	4.0	chr16p
chr16	5500000	0.0604670826244941	3.82426	0.3183535304979764	-0.4243447625091258	0.0020295202952029	pat	16	90338345	5.5	84.838345		31.299999999999997	end_p	5.0	chr16p
chr16	6500000	0.0266130260572882	4.275264	0.1919573842291528	-0.7254565528312034	0.0012915129151291	pat	16	90338345	6.5	83.838345		30.299999999999997	end_p	6.0	chr16p
chr16	7500000	0.0330877734626503	3.801466	0.2083804138506012	-0.6360177692745208	0.0017835178351783	pat	16	90338345	7.5	82.838345		29.299999999999997	end_p	7.0	chr16p
chr16	8500000	0.0248756862451522	2.202007	0.1435428849806088	-0.5518832690769125	0.001230012300123	pat	16	90338345	8.5	81.838345		28.299999999999997	end_p	8.0	chr16p
chr16	9500000	0.0302871902467164	2.004636	0.1612414809868655	-0.4428053506619081	0.0012915129151291	pat	16	90338345	9.5	80.838345		27.299999999999997	end_p	9.0	chr16p
chr16	10500000	0.0217428010828149	1.64103	0.1197918043312596	-0.49402194468787	0.0007995079950799	pat	16	90338345	10.5	79.838345		26.299999999999997	end_p	10.0	chr16p
chr16	11500000	0.0353375809657339	1.950161	0.1803535438629356	-0.3668935116486214	0.0014145141451414	pat	16	90338345	11.5	78.838345		25.299999999999997	end_p	11.0	chr16p
chr16	12500000	0.0360479337126588	1.789146	0.1799746548506351	-0.3201288122966302	0.0014145141451414	pat	16	90338345	12.5	77.838345		24.299999999999997	end_p	12.0	chr16p
chr16	13500000	0.0447400196784876	1.590245	0.2107649787139504	-0.1633786376068092	0.001230012300123	pat	16	90338345	13.5	76.838345		23.299999999999997	end_p	13.0	chr16p
chr16	14500000	0.0255208203614809	1.227947	0.1266422214459236	-0.3061310070240927	0.000430504305043	pat	16	90338345	14.5	75.838345		22.299999999999997	end_p	14.0	chr16p
chr16	15500000	0.0317761386341379	0.940595	0.1459164545365515	-0.07323569628621	0.0003690036900369	pat	16	90338345	15.5	74.838345		21.299999999999997	end_p	15.0	chr16p
chr16	16500000	0.0202369766172034	1.441689	0.1097816864688136	-0.4718893364385433	0.0003075030750307	pat	16	90338345	16.5	73.838345		20.299999999999997	end_p	16.0	chr16p
chr16	17500000	0.0199870213244823	1.172093	0.1033899452979291	-0.3928791246532468	0.0002460024600246	pat	16	90338345	17.5	72.838345		19.299999999999997	end_p	17.0	chr16p
chr16	18500000	0.0197917653624808	1.104137	0.1012498014499232	-0.3715716164320405	0.0003075030750307	pat	16	90338345	18.5	71.838345		18.299999999999997	end_p	18.0	chr16p
chr16	19500000	0.0268157431587749	0.731762	0.1218982126350995	-0.03268998720007	0.0003690036900369	pat	16	90338345	19.5	70.838345		17.299999999999997	end_p	19.0	chr16p
chr16	20500000	0.028362309316627	0.690226	0.127253757266508	0.0245475408256921	0.000430504305043	pat	16	90338345	20.5	69.838345		16.299999999999997	interior		
chr16	21500000	0.0284829591557422	0.600557	0.1259429766229688	0.0959594860558346	0.0003075030750307	pat	16	90338345	21.5	68.838345		15.299999999999997	interior		
chr16	22500000	0.0438764162979868	0.54671	0.1864398651919472	0.3445626565238899	0.0005535055350553	pat	16	90338345	22.5	67.838345		14.299999999999997	interior		
chr16	23500000	0.0321948284554057	0.71464	0.1430721138216228	0.0704281147505977	0.0006150061500615	pat	16	90338345	23.5	66.838345		13.299999999999997	interior		
chr16	24500000	0.0243922953653752	0.715412	0.1118774214615008	-0.0686560115200122	0.0006150061500615	pat	16	90338345	24.5	65.838345		12.299999999999997	interior		
chr16	25500000	0.0177239264858055	0.681023	0.084516165943222	-0.2010330089418575	0.0004920049200492	pat	16	90338345	25.5	64.838345		11.299999999999997	interior		
chr16	26500000	0.0230250966881634	0.653893	0.1051782467526536	-0.0525994345689975	0.0006765067650676	pat	16	90338345	26.5	63.838345		10.299999999999997	interior		
chr16	27500000	0.0276618259004429	0.502709	0.1207014836017715	0.168917715785525	0.0006150061500615	pat	16	90338345	27.5	62.838345		9.299999999999997	other		
chr16	28500000	0.0367937560228454	0.30939	0.1533628240913816	0.5049247632066177	0.0004920049200492	pat	16	90338345	28.5	61.838345		8.299999999999997	other		
chr16	29500000	0.0352241083525953	0.10586	0.1430136334103812	0.7895885622858476	0.0003075030750307	pat	16	90338345	29.5	60.838345		7.299999999999997	other		
chr16	30500000	0.0293065517913371	0.046206	0.1181503271653484	0.8838033812177091	0.0002460024600246	pat	16	90338345	30.5	59.838345		6.299999999999997	other		
chr16	31500000	0.0231541610795248	0.021874	0.0930541243180992	0.9287160559698516	0.0001230012300123	pat	16	90338345	31.5	58.838345		5.299999999999997	other		
chr16	32500000	0.0223452766049017	0.013889	0.0896588864196068	0.9525206093356704	0.0	pat	16	90338345	32.5	57.838345		4.299999999999997	other		
chr16	33500000	0.0381892573929121	0.003373	0.1528244895716484	0.9931129805020136	0.0	pat	16	90338345	33.5	56.838345		3.299999999999997	other		
chr16	34500000	0.0447809501469267	0.001708	0.1791579605877068	0.9970201029094334	6.150061500615006e-05	pat	16	90338345	34.5	55.838345		2.299999999999997	other		
chr16	35500000	0.0447804182193972	0.000727	0.1791362128775888	0.9987305231735488	6.150061500615006e-05	pat	16	90338345	35.5	54.838345		1.2999999999999972	other		
chr16	36500000	0.0447806841831619	4.9e-05	0.1791237167326476	0.9999143867414624	6.150061500615006e-05	pat	16	90338345	36.5	53.838345		0.29999999999999716	other		
chr16	37500000	0.0381892573929121	0.000494	0.1527669095716484	0.998988373328842	0.0	pat	16	90338345	37.5	52.838345		0.7000000000000028	other		
chr16	38500000	0.0381892573929121	0.001069	0.1527784095716484	0.9978121607399586	0.0	pat	16	90338345	38.5	51.838345		1.7000000000000028	other		
chr16	39500000	0.0381892573929121	0.001628	0.1527895895716484	0.9966700037239936	0.0	pat	16	90338345	39.5	50.838345		2.700000000000003	other		
chr16	40500000	0.0381892573929121	0.001772	0.1527924695716484	0.9963759923157416	0.0	pat	16	90338345	40.5	49.838345		3.700000000000003	other		
chr16	41500000	0.0381892573929121	0.001772	0.1527924695716484	0.9963759923157416	0.0	pat	16	90338345	41.5	48.838345		4.700000000000003	other		
chr16	42500000	0.0381892573929121	0.001772	0.1527924695716484	0.9963759923157416	0.0	pat	16	90338345	42.5	47.838345		5.700000000000003	other		
chr16	43500000	0.0381892573929121	0.001772	0.1527924695716484	0.9963759923157416	0.0	pat	16	90338345	43.5	46.838345		6.700000000000003	other		
chr16	44500000	0.0381892573929121	0.001772	0.1527924695716484	0.9963759923157416	0.0	pat	16	90338345	44.5	45.838345		7.700000000000003	other		
chr16	45500000	0.0461538421893568	0.004255	0.1847004687574272	0.9928124249390292	6.150061500615006e-05	pat	16	90338345	45.5	44.838345		8.700000000000003	other		
chr16	46500000	0.0302463039159948	0.010512	0.1211954556639792	0.973171149551899	6.150061500615006e-05	pat	16	90338345	46.5	43.838345		9.700000000000003	other		
chr16	47500000	0.0220947842766602	0.063011	0.0896393571066408	0.7992554762373291	0.0001230012300123	pat	16	90338345	47.5	42.838345		10.700000000000003	interior		
chr16	48500000	0.0222928531616125	0.162368	0.09241877264645	0.556488433316923	0.0003075030750307	pat	16	90338345	48.5	41.838345		11.700000000000003	interior		
chr16	49500000	0.0256365709338118	0.220774	0.1069617637352472	0.4959884411661275	0.0004920049200492	pat	16	90338345	49.5	40.838345		12.700000000000003	interior		
chr16	50500000	0.0250380381804009	0.260751	0.1053671727216036	0.4210327106731447	0.0005535055350553	pat	16	90338345	50.5	39.838345		13.700000000000003	interior		
chr16	51500000	0.0302193469967349	0.318149	0.1272403679869396	0.4165518855459139	0.0007380073800738	pat	16	90338345	51.5	38.838345		14.700000000000003	interior		
chr16	52500000	0.0291525172332053	0.33241	0.1232582689328212	0.3830399806170431	0.0007995079950799	pat	16	90338345	52.5	37.838345		15.700000000000003	interior		
chr16	53500000	0.0303092108283424	0.401016	0.1292571633133696	0.3178526529502288	0.0008610086100861	pat	16	90338345	53.5	36.838345		16.700000000000003	interior		
chr16	54500000	0.0187036019326519	0.424405	0.0833025077306076	0.0594751406504194	0.0004920049200492	pat	16	90338345	54.5	35.838345		17.700000000000003	interior		
chr16	55500000	0.029759528539013	0.430201	0.127642134156052	0.2775077642012422	0.0008610086100861	pat	16	90338345	55.5	34.838345		18.700000000000003	interior		
chr16	56500000	0.0355282364768637	0.48167	0.1517463459074547	0.3068513257156984	0.0009840098400984	pat	16	90338345	56.5	33.838345		19.700000000000003	interior		
chr16	57500000	0.0493180963373425	0.414609	0.20556456534937	0.5050103018109688	0.001230012300123	pat	16	90338345	57.5	32.838345		20.700000000000003	interior		
chr16	58500000	0.0308944716195146	0.556303	0.1347039464780584	0.1733937688221353	0.0007995079950799	pat	16	90338345	58.5	31.838345		21.700000000000003	interior		
chr16	59500000	0.0185940511094693	0.478358	0.0839433644378772	-0.0032273936570895	0.0004920049200492	pat	16	90338345	59.5	30.838345		22.700000000000003	interior		
chr16	60500000	0.0157323463371976	0.575207	0.0744335253487904	-0.1770873245885896	0.0003690036900369	pat	16	90338345	60.5	29.838345		23.700000000000003	interior		
chr16	61500000	0.0158396526312718	0.665497	0.0766685505250872	-0.2434868507150321	0.0003690036900369	pat	16	90338345	61.5	28.838345		24.700000000000003	interior		
chr16	62500000	0.0226089382297455	0.930482	0.1090453929189819	-0.2337449911410559	0.0005535055350553	pat	16	90338345	62.5	27.838345		25.700000000000003	interior		
chr16	63500000	0.0155261426310974	0.986127	0.0818271105243896	-0.4260809570772692	0.0003690036900369	pat	16	90338345	63.5	26.838345		26.700000000000003	interior		
chr16	64500000	0.0241923402642638	0.955679	0.1158829410570552	-0.2142881217273442	0.0006765067650676	pat	16	90338345	64.5	25.838345		27.700000000000003	interior		
chr16	65500000	0.0286102298224824	0.659184	0.1276245992899295	0.0518656843073657	0.0007380073800738	pat	16	90338345	65.5	24.838345		28.700000000000003	interior		
chr16	66500000	0.0445973576798395	0.406814	0.186525710719358	0.4739796760096319	0.0007380073800738	pat	16	90338345	66.5	23.838345		29.700000000000003	interior		
chr16	67500000	0.0251396735833668	0.180681	0.1041723143334672	0.5610666623386189	0.0003075030750307	pat	16	90338345	67.5	22.838345		30.700000000000003	interior		
chr16	68500000	0.0251903169307292	0.254186	0.1058449877229168	0.4339299306324112	0.0003075030750307	pat	16	90338345	68.5	21.838345		31.700000000000003	interior		
chr16	69500000	0.0351263488469366	0.312081	0.1467470153877464	0.4841385875923102	0.0004920049200492	pat	16	90338345	69.5	20.838345		32.7	interior		
chr16	70500000	0.0329879843165758	0.327237	0.1384966772663032	0.4408302135833016	0.0004920049200492	pat	16	90338345	70.5	19.838345		33.7	end_q	19.0	chr16q
chr16	71500000	0.0319188605560537	0.391623	0.1355079022242148	0.3513474758199928	0.000430504305043	pat	16	90338345	71.5	18.838345		34.7	end_q	18.0	chr16q
chr16	72500000	0.0208345072568619	0.929319	0.1019244090274476	-0.2714136613735552	0.0003690036900369	pat	16	90338345	72.5	17.838345		35.7	end_q	17.0	chr16q
chr16	73500000	0.0322604117381521	1.0908	0.1508576469526084	-0.1389761971448471	0.0006765067650676	pat	16	90338345	73.5	16.838345		36.7	end_q	16.0	chr16q
chr16	74500000	0.0348022113917995	0.958877	0.158386385567198	-0.0374919073597556	0.0008610086100861	pat	16	90338345	74.5	15.838345		37.7	end_q	15.0	chr16q
chr16	75500000	0.032149497091017	0.718849	0.142974968364068	0.0668045464901622	0.0009840098400984	pat	16	90338345	75.5	14.838345		38.7	end_q	14.0	chr16q
chr16	76500000	0.029216794012746	1.408646	0.145040096050984	-0.3070534124537663	0.001230012300123	pat	16	90338345	76.5	13.838345		39.7	end_q	13.0	chr16q
chr16	77500000	0.0267649104561645	1.913717	0.145333981824658	-0.47330743004589	0.0013530135301353	pat	16	90338345	77.5	12.838345		40.7	end_q	12.0	chr16q
chr16	78500000	0.0352210791045571	2.584873	0.1925817764182284	-0.4833620147837476	0.001660516605166	pat	16	90338345	78.5	11.838345		41.7	end_q	11.0	chr16q
chr16	79500000	0.0289123590388498	1.973478	0.1551189961553992	-0.455097257161469	0.0011685116851168	pat	16	90338345	79.5	10.838345		42.7	end_q	10.0	chr16q
chr16	80500000	0.0321515905915786	2.048307	0.1695725023663143	-0.4273270751788625	0.0011685116851168	pat	16	90338345	80.5	9.838345		43.7	end_q	9.0	chr16q
chr16	81500000	0.0263125519106261	1.718154	0.1396132876425043	-0.4373492314962198	0.0009840098400984	pat	16	90338345	81.5	8.838345		44.7	end_q	8.0	chr16q
chr16	82500000	0.0356734856850526	2.695462	0.1966031827402104	-0.4944453546656195	0.0015375153751537	pat	16	90338345	82.5	7.838345		45.7	end_q	7.0	chr16q
chr16	83500000	0.0422447922741707	2.875869	0.2264965490966828	-0.4540442579049927	0.0017835178351783	pat	16	90338345	83.5	6.838345		46.7	end_q	6.0	chr16q
chr16	84500000	0.056356382392246	3.343081	0.292287149568984	-0.3977261265548262	0.0020295202952029	pat	16	90338345	84.5	5.838345		47.7	end_q	5.0	chr16q
chr16	85500000	0.0547463673587454	4.19957	0.3029768694349816	-0.5001316932539184	0.0018450184501845	pat	16	90338345	85.5	4.838345		48.7	end_q	4.0	chr16q
chr16	86500000	0.0564769418745042	4.26572	0.3112221674980168	-0.4943005194628083	0.001660516605166	pat	16	90338345	86.5	3.838345		49.7	end_q	3.0	chr16q
chr16	87500000	0.070512219537004	4.310348	0.368255838148016	-0.4102921854851754	0.0019680196801968	pat	16	90338345	87.5	2.838345		50.7	end_q	2.0	chr16q
chr16	88500000	0.1010604142641075	2.716218	0.45856601705643	-0.0251019016395005	0.0021525215252152	pat	16	90338345	88.5	1.838345		51.7	end_q	1.0	chr16q
chr16	89500000	0.1936683091480459	2.657996	0.8278331565921836	0.3012929699943161	0.0023985239852398	pat	16	90338345	89.5	0.838345		52.7	end_q	0.0	chr16q
chr17	500000	0.2330684743892057	7.678973	1.0858533575568228	-0.126245761794842	0.0030750307503075	pat	17	83257441	0.5	82.757441		24.6	end_p	0.0	chr17p
chr17	1500000	0.2183910983507707	5.937506	0.9923145134030829	-0.0308372569714529	0.0039360393603936	pat	17	83257441	1.5	81.757441		23.6	end_p	1.0	chr17p
chr17	2500000	0.1141130703688004	5.206662	0.5605855214752016	-0.281877787576312	0.0023985239852398	pat	17	83257441	2.5	80.757441		22.6	end_p	2.0	chr17p
chr17	3500000	0.0988288913330926	3.924778	0.4738111253323703	-0.2168097845467058	0.0019680196801968	pat	17	83257441	3.5	79.757441		21.6	end_p	3.0	chr17p
chr17	4500000	0.0525770835764858	3.260264	0.2755136143059432	-0.4162190788840054	0.0012915129151291	pat	17	83257441	4.5	78.757441		20.6	end_p	4.0	chr17p
chr17	5500000	0.0442288736360547	2.415182	0.2252191345442188	-0.3623119133649515	0.0011685116851168	pat	17	83257441	5.5	77.757441		19.6	end_p	5.0	chr17p
chr17	6500000	0.0431575049593761	1.894356	0.2105171398375044	-0.2639574533313183	0.0011685116851168	pat	17	83257441	6.5	76.757441		18.6	end_p	6.0	chr17p
chr17	7500000	0.0577846230880168	1.960827	0.2703550323520672	-0.14072779594746	0.0013530135301353	pat	17	83257441	7.5	75.757441		17.6	end_p	7.0	chr17p
chr17	8500000	0.0748437755587415	2.427843	0.347931962234966	-0.1185857086734193	0.0015990159901599	pat	17	83257441	8.5	74.757441		16.6	end_p	8.0	chr17p
chr17	9500000	0.062935258199233	2.963492	0.311010872796932	-0.2963168433569014	0.0015990159901599	pat	17	83257441	9.5	73.757441		15.600000000000001	end_p	9.0	chr17p
chr17	10500000	0.0581708615414941	3.134028	0.2953640061659763	-0.3564501488992554	0.0015375153751537	pat	17	83257441	10.5	72.757441		14.600000000000001	end_p	10.0	chr17p
chr17	11500000	0.032468049493693	2.281759	0.175507377974772	-0.4665812401631384	0.0010455104551045	pat	17	83257441	11.5	71.757441		13.600000000000001	end_p	11.0	chr17p
chr17	12500000	0.0246034677550805	2.189168	0.142197231020322	-0.5536734600217844	0.0007995079950799	pat	17	83257441	12.5	70.757441		12.600000000000001	end_p	12.0	chr17p
chr17	13500000	0.0199920162436672	1.90226	0.1180132649746688	-0.5764976837131476	0.0007380073800738	pat	17	83257441	13.5	69.757441		11.600000000000001	end_p	13.0	chr17p
chr17	14500000	0.0259883872380775	1.609626	0.13614606895231	-0.4157329224941707	0.0009840098400984	pat	17	83257441	14.5	68.757441		10.600000000000001	end_p	14.0	chr17p
chr17	15500000	0.0283666372692274	0.870672	0.1308799890769096	-0.0912399041238898	0.0007995079950799	pat	17	83257441	15.5	67.757441		9.600000000000001	end_p	15.0	chr17p
chr17	16500000	0.0361060436532296	0.480641	0.1540369946129184	0.3151033282998433	0.0007995079950799	pat	17	83257441	16.5	66.757441		8.600000000000001	end_p	16.0	chr17p
chr17	17500000	0.0316606842991809	0.276738	0.1321774971967236	0.4903596093262033	0.0004920049200492	pat	17	83257441	17.5	65.757441		7.600000000000001	end_p	17.0	chr17p
chr17	18500000	0.0227398706723399	0.18366	0.0946326826893596	0.5197872779152091	0.0003075030750307	pat	17	83257441	18.5	64.757441		6.600000000000001	end_p	18.0	chr17p
chr17	19500000	0.01882059252609	0.116915	0.07762067010436	0.608970668110125	0.0001230012300123	pat	17	83257441	19.5	63.757441		5.600000000000001	end_p	19.0	chr17p
chr17	20500000	0.0339145138147893	0.099306	0.1376441752591572	0.7944380918485096	0.0003075030750307	pat	17	83257441	20.5	62.757441		4.600000000000001	other		
chr17	21500000	0.0476938905321584	0.077195	0.1923194621286336	0.880898805083057	0.0003075030750307	pat	17	83257441	21.5	61.757441		3.6000000000000014	other		
chr17	22500000	0.0645764960228841	0.043523	0.2591764440915364	0.9486198074974456	0.0002460024600246	pat	17	83257441	22.5	60.757441		2.6000000000000014	other		
chr17	23500000	0.0336903315504965	0.009345	0.134948226201986	0.978529565552571	0.0	pat	17	83257441	23.5	59.757441		1.6000000000000014	other		
chr17	24500000	0.0381892573929121	0.000455	0.1527661295716484	0.9990682013831836	0.0	pat	17	83257441	24.5	58.757441		0.6000000000000014	other		
chr17	25500000	0.0381892573929121	0.000416	0.1527653495716484	0.9991480358135229	0.0	pat	17	83257441	25.5	57.757441		0.3999999999999986	other		
chr17	26500000	0.0234879050687565	0.018192	0.094315460275026	0.941179839688214	6.150061500615006e-05	pat	17	83257441	26.5	56.757441		1.3999999999999986	other		
chr17	27500000	0.0317713247626504	0.029932	0.1276839390506016	0.928905558885587	0.0002460024600246	pat	17	83257441	27.5	55.757441		2.3999999999999986	other		
chr17	28500000	0.0310065008304989	0.055391	0.1251338233219956	0.8693522709389552	0.0003690036900369	pat	17	83257441	28.5	54.757441		3.3999999999999986	other		
chr17	29500000	0.0333398358410763	0.049142	0.1343421833643052	0.8909575935985592	0.0003690036900369	pat	17	83257441	29.5	53.757441		4.399999999999999	other		
chr17	30500000	0.0350334082512693	0.124319	0.1426200130050772	0.7561903102507678	0.0005535055350553	pat	17	83257441	30.5	52.757441		5.399999999999999	other		
chr17	31500000	0.0346160416741233	0.186827	0.1422007066964932	0.651326161003002	0.0005535055350553	pat	17	83257441	31.5	51.757441		6.399999999999999	other		
chr17	32500000	0.0577397733711938	0.586739	0.2426938734847752	0.4310735702512837	0.0013530135301353	pat	17	83257441	32.5	50.757441		7.399999999999999	other		
chr17	33500000	0.0550892329628624	0.773679	0.2358305118514496	0.2907909567804948	0.0014145141451414	pat	17	83257441	33.5	49.757441		8.399999999999999	other		
chr17	34500000	0.0539055162630925	0.822727	0.23207660505237	0.2522700231179096	0.0014760147601476	pat	17	83257441	34.5	48.757441		9.399999999999999	other		
chr17	35500000	0.0602762161641193	0.580574	0.2527163446564772	0.4526209498803387	0.0011685116851168	pat	17	83257441	35.5	47.757441		10.399999999999999	interior		
chr17	36500000	0.052792803256287	0.508942	0.2213500530251479	0.4522712147681835	0.0007995079950799	pat	17	83257441	36.5	46.757441		11.399999999999999	interior		
chr17	37500000	0.0603176547028351	0.485631	0.2509832388113404	0.520932958646109	0.0007380073800738	pat	17	83257441	37.5	45.757441		12.399999999999999	interior		
chr17	38500000	0.0237768607143426	0.368561	0.1024786628573704	0.2449983432907955	0.0002460024600246	pat	17	83257441	38.5	44.757441		13.399999999999999	interior		
chr17	39500000	0.0215482206165231	0.360073	0.0933943424660924	0.2093817647630257	0.0002460024600246	pat	17	83257441	39.5	43.757441		14.399999999999999	interior		
chr17	40500000	0.0209257721996142	0.42461	0.0921952887984568	0.1149266223510612	0.0003075030750307	pat	17	83257441	40.5	42.757441		15.399999999999999	interior		
chr17	41500000	0.0260646206487928	0.453225	0.1133229825951712	0.1902789056976416	0.0003690036900369	pat	17	83257441	41.5	41.757441		16.4	interior		
chr17	42500000	0.0258909447232376	0.314593	0.1098556388929504	0.3555985386983684	0.0003075030750307	pat	17	83257441	42.5	40.757441		17.4	interior		
chr17	43500000	0.0213963064629251	0.201199	0.0896092058517004	0.4621119445049323	0.0001845018450184	pat	17	83257441	43.5	39.757441		18.4	interior		
chr17	44500000	0.0192001973038506	0.232261	0.0814460092154024	0.3575385854739614	0.0001230012300123	pat	17	83257441	44.5	38.757441		19.4	interior		
chr17	45500000	0.0340995423961188	0.249257	0.1413833095844752	0.5552441602680815	0.0003075030750307	pat	17	83257441	45.5	37.757441		20.4	interior		
chr17	46500000	0.0436086724685127	0.31384	0.1807114898740508	0.5606069108774285	0.0003690036900369	pat	17	83257441	46.5	36.757441		21.4	interior		
chr17	47500000	0.0276823953853312	0.283829	0.1164061615413248	0.4274266147934008	0.0003690036900369	pat	17	83257441	47.5	35.757441		22.4	interior		
chr17	48500000	0.0319876700989351	0.360243	0.1351555403957404	0.3883175470530088	0.0005535055350553	pat	17	83257441	48.5	34.757441		23.4	interior		
chr17	49500000	0.0343055736163438	0.434662	0.1459155344653752	0.3371743637192283	0.0006765067650676	pat	17	83257441	49.5	33.757441		24.4	interior		
chr17	50500000	0.0416726891454333	0.64166	0.1795239565817332	0.2481356472198423	0.0007995079950799	pat	17	83257441	50.5	32.757441		25.4	interior		
chr17	51500000	0.0206315516136194	0.609917	0.0947245464544776	-0.0725913121755369	0.0004920049200492	pat	17	83257441	51.5	31.757441		26.4	interior		
chr17	52500000	0.0117282956570297	0.532772	0.0575686226281188	-0.2798443189080843	0.0002460024600246	pat	17	83257441	52.5	30.757441		27.4	interior		
chr17	53500000	0.0093767755521908	0.41845	0.0458761022087632	-0.2716359752037495	0.0001845018450184	pat	17	83257441	53.5	29.757441		28.4	interior		
chr17	54500000	0.012328587708189	0.509418	0.059502710832756	-0.2356304500898018	0.0002460024600246	pat	17	83257441	54.5	28.757441		29.4	interior		
chr17	55500000	0.0210715206210031	0.841913	0.1011243424840123	-0.2197045892059775	0.0004920049200492	pat	17	83257441	55.5	27.757441		30.4	interior		
chr17	56500000	0.029946376690987	1.135749	0.142500486763948	-0.1947677677758711	0.0007380073800738	pat	17	83257441	56.5	26.757441		31.4	interior		
chr17	57500000	0.0360056218865792	1.003817	0.1640988275463168	-0.0433862578860376	0.0007995079950799	pat	17	83257441	57.5	25.757441		32.4	interior		
chr17	58500000	0.0301604306365178	0.652917	0.1337000625460712	0.0828812877155317	0.0005535055350553	pat	17	83257441	58.5	24.757441		33.4	interior		
chr17	59500000	0.0287630130533101	0.24373	0.1199266522132403	0.5020521267385037	0.0003075030750307	pat	17	83257441	59.5	23.757441		34.4	interior		
chr17	60500000	0.0239019320515586	0.507021	0.1057481482062343	0.092965666138625	0.0002460024600246	pat	17	83257441	60.5	22.757441		35.4	interior		
chr17	61500000	0.0235680740442718	0.541397	0.1051002361770871	0.0533508282719315	0.0002460024600246	pat	17	83257441	61.5	21.757441		36.4	interior		
chr17	62500000	0.026341140669428	0.58121	0.116988762677712	0.0734090890420895	0.0003690036900369	pat	17	83257441	62.5	20.757441		37.4	interior		
chr17	63500000	0.0242715755355288	0.371272	0.1045117421421152	0.2512222240655704	0.0002460024600246	pat	17	83257441	63.5	19.757441		38.4	end_q	19.0	chr17q
chr17	64500000	0.0276686280365876	0.525236	0.1211792321463504	0.147669569819074	0.000430504305043	pat	17	83257441	64.5	18.757441		39.4	end_q	18.0	chr17q
chr17	65500000	0.0127926700691693	0.96512	0.0704730802766772	-0.4938644791121831	0.0001845018450184	pat	17	83257441	65.5	17.757441		40.4	end_q	17.0	chr17q
chr17	66500000	0.0151912249455089	1.089285	0.0825505997820356	-0.4744116252064906	0.0003075030750307	pat	17	83257441	66.5	16.757441		41.4	end_q	16.0	chr17q
chr17	67500000	0.0137434050007039	1.196557	0.0789047600028156	-0.546088621357679	0.0002460024600246	pat	17	83257441	67.5	15.757441		42.4	end_q	15.0	chr17q
chr17	68500000	0.019875846500426	1.027503	0.1000534460017039	-0.3382891810478832	0.0003690036900369	pat	17	83257441	68.5	14.757441		43.4	end_q	14.0	chr17q
chr17	69500000	0.0184854808740101	1.197407	0.0978900634960404	-0.4340958565357627	0.000430504305043	pat	17	83257441	69.5	13.757441		44.4	end_q	13.0	chr17q
chr17	70500000	0.0227961676718384	1.438558	0.1199558306873536	-0.4234354120512928	0.0006150061500615	pat	17	83257441	70.5	12.757441		45.4	end_q	12.0	chr17q
chr17	71500000	0.030122828643982	1.612445	0.152740214575928	-0.3536246069930901	0.0008610086100861	pat	17	83257441	71.5	11.757441		46.4	end_q	11.0	chr17q
chr17	72500000	0.031062985662799	1.708618	0.158424302651196	-0.3654660550580251	0.0008610086100861	pat	17	83257441	72.5	10.757441		47.4	end_q	10.0	chr17q
chr17	73500000	0.0461433452512821	1.802114	0.2206156610051284	-0.2088322384624112	0.0011070110701107	pat	17	83257441	73.5	9.757441		48.4	end_q	9.0	chr17q
chr17	74500000	0.041703062884912	1.458903	0.195990311539648	-0.1556263137571311	0.0008610086100861	pat	17	83257441	74.5	8.757441		49.4	end_q	8.0	chr17q
chr17	75500000	0.0663920910175373	1.607097	0.2977103040701492	0.0272213298567799	0.0012915129151291	pat	17	83257441	75.5	7.757441		50.4	end_q	7.0	chr17q
chr17	76500000	0.0499187219411776	1.771363	0.2351021477647104	-0.1625675134338484	0.0009840098400984	pat	17	83257441	76.5	6.757441		51.4	end_q	6.0	chr17q
chr17	77500000	0.0815760424993155	2.747014	0.381244449997262	-0.1369693158757888	0.0019065190651906	pat	17	83257441	77.5	5.757441		52.4	end_q	5.0	chr17q
chr17	78500000	0.1037546333772313	4.758651	0.5101915535089252	-0.2842631268306276	0.0023985239852398	pat	17	83257441	78.5	4.757441		53.4	end_q	4.0	chr17q
chr17	79500000	0.1045983740058686	4.839906	0.5151916160234744	-0.288317121430891	0.0026445264452644	pat	17	83257441	79.5	3.757441		54.4	end_q	3.0	chr17q
chr17	80500000	0.1149810148384823	5.003276	0.5599895793539292	-0.2599074275719025	0.0027060270602706	pat	17	83257441	80.5	2.757441		55.4	end_q	2.0	chr17q
chr17	81500000	0.097972261345115	3.224614	0.45638132538046	-0.1257415645848264	0.0023370233702337	pat	17	83257441	81.5	1.757441		56.4	end_q	1.0	chr17q
chr17	82500000	0.122496612067369	3.397313	0.557932708269476	-0.040774296764874	0.0020295202952029	pat	17	83257441	82.5	0.757441		57.4	end_q	0.0	chr17q
chr18	500000	0.1845026331054261	4.442025	0.8268510324217044	0.0299215666538358	0.0033825338253382	pat	18	80373285	0.5	79.873285		18.0	end_p	0.0	chr18p
chr18	1500000	0.1379368841069539	4.811445	0.6479764364278155	-0.1542067348908399	0.0042435424354243	pat	18	80373285	1.5	78.873285		17.0	end_p	1.0	chr18p
chr18	2500000	0.1170474117609793	4.369213	0.5555739070439172	-0.1871172071836611	0.003690036900369	pat	18	80373285	2.5	77.873285		16.0	end_p	2.0	chr18p
chr18	3500000	0.07073820210911	4.651281	0.37597842843644	-0.440156294413355	0.0023985239852398	pat	18	80373285	3.5	76.873285		15.0	end_p	3.0	chr18p
chr18	4500000	0.0574205005775194	4.116402	0.3120100423100775	-0.4743242566852574	0.0018450184501845	pat	18	80373285	4.5	75.873285		14.0	end_p	4.0	chr18p
chr18	5500000	0.0414272467049577	3.72367	0.2401823868198307	-0.5571782478214528	0.0014145141451414	pat	18	80373285	5.5	74.873285		13.0	end_p	5.0	chr18p
chr18	6500000	0.0808833636031432	3.121691	0.3859672744125728	-0.2031629998094949	0.0023370233702337	pat	18	80373285	6.5	73.873285		12.0	end_p	6.0	chr18p
chr18	7500000	0.071870600114463	2.787087	0.343224140457852	-0.2054450954847443	0.0022140221402214	pat	18	80373285	7.5	72.873285		11.0	end_p	7.0	chr18p
chr18	8500000	0.0870083423112554	2.081974	0.3896728492450216	0.0329855994918959	0.0025830258302583	pat	18	80373285	8.5	71.873285		10.0	end_p	8.0	chr18p
chr18	9500000	0.043703713158107	1.879738	0.212409612632428	-0.254478716547598	0.0014760147601476	pat	18	80373285	9.5	70.873285		9.0	end_p	9.0	chr18p
chr18	10500000	0.0814054966350435	1.55571	0.3567361865401739	0.1443929504261772	0.0023985239852398	pat	18	80373285	10.5	69.873285		8.0	end_p	10.0	chr18p
chr18	11500000	0.0557419521450254	1.377851	0.2505248285801016	0.0167562442332909	0.0015375153751537	pat	18	80373285	11.5	68.873285		7.0	end_p	11.0	chr18p
chr18	12500000	0.0623432097516387	0.935306	0.2680789590065548	0.2602923293886494	0.0015990159901599	pat	18	80373285	12.5	67.873285		6.0	end_p	12.0	chr18p
chr18	13500000	0.0278278375696077	0.396794	0.1192472302784307	0.283828624823339	0.0004920049200492	pat	18	80373285	13.5	66.873285		5.0	end_p	13.0	chr18p
chr18	14500000	0.0263508375141903	0.243641	0.1102761700567612	0.4687238098462712	0.0002460024600246	pat	18	80373285	14.5	65.873285		4.0	end_p	14.0	chr18p
chr18	15500000	0.0292509050454818	0.050363	0.1180108801819272	0.8737835466713517	0.0	pat	18	80373285	15.5	64.873285		3.0	end_p	15.0	chr18p
chr18	16500000	0.0381892573929121	0.010717	0.1529713695716484	0.9782807804118876	0.0	pat	18	80373285	16.5	63.873285		2.0	end_p	16.0	chr18p
chr18	17500000	0.0381892573929121	0.000116	0.1527593495716484	0.9997623600607236	0.0	pat	18	80373285	17.5	62.873285		1.0	end_p	17.0	chr18p
chr18	18500000	0.0381892573929121	0.0002	0.1527610295716484	0.9995903112172264	0.0	pat	18	80373285	18.5	61.873285		0.0	end_p	18.0	chr18p
chr18	19500000	0.0360055275370515	0.000249	0.144027090148206	0.999459037765668	0.0	pat	18	80373285	19.5	60.873285		1.0	end_p	19.0	chr18p
chr18	20500000	0.062507494910107	0.014445	0.250318879640428	0.9820802906144296	0.0003075030750307	pat	18	80373285	20.5	59.873285		2.0	other		
chr18	21500000	0.0561089029032797	0.055831	0.2255522316131188	0.925060252769034	0.0007380073800738	pat	18	80373285	21.5	58.873285		3.0	other		
chr18	22500000	0.0526471428473448	0.093444	0.2124574513893792	0.8701401113761728	0.0009225092250922	pat	18	80373285	22.5	57.873285		4.0	other		
chr18	23500000	0.030383356174595	0.129944	0.1241323046983799	0.7133280057976105	0.0007380073800738	pat	18	80373285	23.5	56.873285		5.0	other		
chr18	24500000	0.029585531723321	0.182644	0.1219950068932839	0.6109305610931297	0.0006765067650676	pat	18	80373285	24.5	55.873285		6.0	other		
chr18	25500000	0.0413291172987308	0.268919	0.1706948491949232	0.5941848154421326	0.0009840098400984	pat	18	80373285	25.5	54.873285		7.0	other		
chr18	26500000	0.0448168028168535	0.333953	0.1859462712674139	0.5485626197927671	0.0009840098400984	pat	18	80373285	26.5	53.873285		8.0	other		
chr18	27500000	0.0279984737971674	0.298545	0.1179647951886696	0.4112760707065849	0.0007380073800738	pat	18	80373285	27.5	52.873285		9.0	other		
chr18	28500000	0.0121539954271857	0.245946	0.0535349017087428	0.1162761134503524	0.0003075030750307	pat	18	80373285	28.5	51.873285		10.0	interior		
chr18	29500000	0.0103899909764578	0.176833	0.0450966239058312	0.2005926997663042	0.0003075030750307	pat	18	80373285	29.5	50.873285		11.0	interior		
chr18	30500000	0.0130930675505675	0.198992	0.0563521102022699	0.2542399599996991	0.0003075030750307	pat	18	80373285	30.5	49.873285		12.0	interior		
chr18	31500000	0.0178308301038536	0.30786	0.0774805204154144	0.1936950087927373	0.000430504305043	pat	18	80373285	31.5	48.873285		13.0	interior		
chr18	32500000	0.0232059361066894	0.364151	0.1001067644267576	0.2392243319740158	0.0004920049200492	pat	18	80373285	32.5	47.873285		14.0	interior		
chr18	33500000	0.0210297982919075	0.349988	0.09111895316763	0.2113195885068955	0.0003690036900369	pat	18	80373285	33.5	46.873285		15.0	interior		
chr18	34500000	0.0188253281170198	0.228198	0.0798652724680792	0.3566358713986172	0.0003075030750307	pat	18	80373285	34.5	45.873285		16.0	interior		
chr18	35500000	0.0321300483085629	0.245062	0.1334214332342516	0.5403654787971561	0.0007380073800738	pat	18	80373285	35.5	44.873285		17.0	interior		
chr18	36500000	0.0415428310002327	0.255529	0.1712819040009308	0.612070789649652	0.0009225092250922	pat	18	80373285	36.5	43.873285		18.0	interior		
chr18	37500000	0.0624666718140397	0.317146	0.2562096072561587	0.6685777980681253	0.0014760147601476	pat	18	80373285	37.5	42.873285		19.0	interior		
chr18	38500000	0.0417800526348424	0.279516	0.1727105305393696	0.5851187860522223	0.0009225092250922	pat	18	80373285	38.5	41.873285		20.0	interior		
chr18	39500000	0.0427193945874055	0.355787	0.177993318349622	0.5084905713469533	0.0009840098400984	pat	18	80373285	39.5	40.873285		21.0	interior		
chr18	40500000	0.0202888575392923	0.507196	0.0912993501571692	0.0111181561899947	0.000430504305043	pat	18	80373285	40.5	39.873285		22.0	interior		
chr18	41500000	0.0213762410952057	0.55852	0.0966753643808228	-0.0109732856890295	0.0004920049200492	pat	18	80373285	41.5	38.873285		23.0	interior		
chr18	42500000	0.0165737034456395	0.561467	0.077524153782558	-0.1399125668184426	0.0003690036900369	pat	18	80373285	42.5	37.873285		24.0	interior		
chr18	43500000	0.0187042491361566	0.408175	0.0829804965446264	0.0788945072467779	0.000430504305043	pat	18	80373285	43.5	36.873285		25.0	interior		
chr18	44500000	0.0176977251755226	0.465478	0.0801004607020904	-0.01428194120866	0.000430504305043	pat	18	80373285	44.5	35.873285		26.0	interior		
chr18	45500000	0.0441302571857294	0.472887	0.1859787687429176	0.4092217276840647	0.0010455104551045	pat	18	80373285	45.5	34.873285		27.0	interior		
chr18	46500000	0.0462309376907592	0.557028	0.1960643107630368	0.3592707377145733	0.0011070110701107	pat	18	80373285	46.5	33.873285		28.0	interior		
chr18	47500000	0.0559368110390669	0.508036	0.2339079641562676	0.4756650178740179	0.0012915129151291	pat	18	80373285	47.5	32.873285		29.0	interior		
chr18	48500000	0.0272403161527166	0.380465	0.1165705646108664	0.2933094484271021	0.0007995079950799	pat	18	80373285	48.5	31.873285		30.0	interior		
chr18	49500000	0.0316983129077395	0.308737	0.132967991630958	0.4481782452208269	0.0010455104551045	pat	18	80373285	49.5	30.873285		31.0	interior		
chr18	50500000	0.0313873704450236	0.388264	0.1333147617800944	0.347758388769932	0.0009840098400984	pat	18	80373285	50.5	29.873285		32.0	interior		
chr18	51500000	0.0414896779522407	0.578754	0.1775337918089627	0.2938866305856323	0.0011685116851168	pat	18	80373285	51.5	28.873285		33.0	interior		
chr18	52500000	0.0249385876459815	0.689452	0.113543390583926	-0.039188855298471	0.0007995079950799	pat	18	80373285	52.5	27.873285		34.0	interior		
chr18	53500000	0.0197992225644809	0.62166	0.0916300902579236	-0.1024828126343391	0.0006765067650676	pat	18	80373285	53.5	26.873285		35.0	interior		
chr18	54500000	0.0190164212155136	0.586021	0.0877861048620543	-0.0932234492857267	0.0005535055350553	pat	18	80373285	54.5	25.873285		36.0	interior		
chr18	55500000	0.0422663976495495	0.724906	0.183563710598198	0.1969011420724278	0.0009225092250922	pat	18	80373285	55.5	24.873285		37.0	interior		
chr18	56500000	0.0422190075963492	0.875361	0.1863832503853968	0.1042681848064119	0.0009840098400984	pat	18	80373285	56.5	23.873285		38.0	interior		
chr18	57500000	0.0364844505861068	0.996717	0.1658721423444271	-0.0332466522307278	0.0010455104551045	pat	18	80373285	57.5	22.873285		39.0	interior		
chr18	58500000	0.0303379625192871	1.247301	0.1462978700771484	-0.2332628327800726	0.0009840098400984	pat	18	80373285	58.5	21.873285		40.0	interior		
chr18	59500000	0.0308590605242287	1.176118	0.1469586020969148	-0.197125993966165	0.0009225092250922	pat	18	80373285	59.5	20.873285		41.0	interior		
chr18	60500000	0.0394808773546035	1.287587	0.1836752494184139	-0.1212238383040461	0.0011070110701107	pat	18	80373285	60.5	19.873285		42.0	end_q	19.0	chr18q
chr18	61500000	0.0266181851180059	0.797347	0.1224196804720235	-0.0791503066296863	0.0007380073800738	pat	18	80373285	61.5	18.873285		43.0	end_q	18.0	chr18q
chr18	62500000	0.0344542393083017	1.156934	0.1609556372332068	-0.1355769001809092	0.0010455104551045	pat	18	80373285	62.5	17.873285		44.0	end_q	17.0	chr18q
chr18	63500000	0.0255763671223502	1.137192	0.1250493084894008	-0.2699341904523308	0.0008610086100861	pat	18	80373285	63.5	16.873285		45.0	end_q	16.0	chr18q
chr18	64500000	0.0254481225702223	1.201982	0.1258321302808892	-0.2977155783919671	0.0008610086100861	pat	18	80373285	64.5	15.873285		46.0	end_q	15.0	chr18q
chr18	65500000	0.0163400276671589	0.719777	0.0797556506686356	-0.2656060422861712	0.0005535055350553	pat	18	80373285	65.5	14.873285		47.0	end_q	14.0	chr18q
chr18	66500000	0.0197447562043307	0.788203	0.0947430848173228	-0.219282662993952	0.0006765067650676	pat	18	80373285	66.5	13.873285		48.0	end_q	13.0	chr18q
chr18	67500000	0.0324731934504557	1.071942	0.1513316138018228	-0.1271822311185974	0.001230012300123	pat	18	80373285	67.5	12.873285		49.0	end_q	12.0	chr18q
chr18	68500000	0.0430378020369236	1.205499	0.1962611881476944	-0.0457216609435045	0.0014760147601476	pat	18	80373285	68.5	11.873285		50.0	end_q	11.0	chr18q
chr18	69500000	0.0488332113051532	0.963853	0.2146099052206128	0.128552132333418	0.0014145141451414	pat	18	80373285	69.5	10.873285		51.0	end_q	10.0	chr18q
chr18	70500000	0.0336194878444445	0.920431	0.152886571377778	-0.0343231343856002	0.0010455104551045	pat	18	80373285	70.5	9.873285		52.0	end_q	9.0	chr18q
chr18	71500000	0.0495171409869637	1.188151	0.2218315839478548	0.0316035697858814	0.0014760147601476	pat	18	80373285	71.5	8.873285		53.0	end_q	8.0	chr18q
chr18	72500000	0.0549078252568185	1.851707	0.256665441027274	-0.1376920041182806	0.0018450184501845	pat	18	80373285	72.5	7.873285		54.0	end_q	7.0	chr18q
chr18	73500000	0.0691834223946691	1.936111	0.3154559095786764	-0.0452752401550531	0.0021525215252152	pat	18	80373285	73.5	6.873285		55.0	end_q	6.0	chr18q
chr18	74500000	0.0583157139085942	2.193834	0.2771395356343767	-0.1908659867287107	0.0017220172201722	pat	18	80373285	74.5	5.873285		56.0	end_q	5.0	chr18q
chr18	75500000	0.1138382724026945	2.508576	0.5055246096107779	0.0740497741525704	0.0030750307503075	pat	18	80373285	75.5	4.873285		57.0	end_q	4.0	chr18q
chr18	76500000	0.1175153200116004	3.34659	0.5369930800464016	-0.0539802717045256	0.0033210332103321	pat	18	80373285	76.5	3.873285		58.0	end_q	3.0	chr18q
chr18	77500000	0.1323079315535941	4.397097	0.6171736662143764	-0.1305039079092495	0.0038745387453874	pat	18	80373285	77.5	2.873285		59.0	end_q	2.0	chr18q
chr18	78500000	0.1033414504701901	4.356719	0.5005001818807604	-0.2450940008972032	0.0030135301353013	pat	18	80373285	78.5	1.873285		60.0	end_q	1.0	chr18q
chr18	79500000	0.1063609107304507	4.501233	0.5154683029218028	-0.2468943096888095	0.002460024600246	pat	18	80373285	79.5	0.873285		61.0	end_q	0.0	chr18q
chr19	500000	0.2089244467254591	7.706816	0.9898341069018364	-0.1813830433610849	0.0021525215252152	pat	19	58617616	0.5	58.117616		25.7	end_p	0.0	chr19p
chr19	1500000	0.1878081594048125	6.710866	0.8854499576192499	-0.1659506020400825	0.002890528905289	pat	19	58617616	1.5	57.117616		24.7	end_p	1.0	chr19p
chr19	2500000	0.1282916204520428	6.364482	0.6404561218081711	-0.3199214805500572	0.0022140221402214	pat	19	58617616	2.5	56.117616		23.7	end_p	2.0	chr19p
chr19	3500000	0.0919800324395612	4.791007	0.4637402697582448	-0.3416246981291305	0.0015375153751537	pat	19	58617616	3.5	55.117616		22.7	end_p	3.0	chr19p
chr19	4500000	0.1058344260300801	3.722822	0.4977941441203204	-0.1583065672555344	0.0017220172201722	pat	19	58617616	4.5	54.117616		21.7	end_p	4.0	chr19p
chr19	5500000	0.101695845995504	2.5681	0.458145383982016	0.0060638013606807	0.0017835178351783	pat	19	58617616	5.5	53.117616		20.7	end_p	5.0	chr19p
chr19	6500000	0.0878569234430675	2.174025	0.39490819377227	0.0162170550561563	0.0017220172201722	pat	19	58617616	6.5	52.117616		19.7	end_p	6.0	chr19p
chr19	7500000	0.0640393573527633	2.110488	0.2983671894110531	-0.1263775377753354	0.0014145141451414	pat	19	58617616	7.5	51.117616		18.7	end_p	7.0	chr19p
chr19	8500000	0.0468681896379148	1.73685	0.2222097585516592	-0.1836071657378646	0.0010455104551045	pat	19	58617616	8.5	50.117616		17.7	end_p	8.0	chr19p
chr19	9500000	0.0346027167746518	1.327929	0.1649694470986072	-0.2004394758018232	0.0007380073800738	pat	19	58617616	9.5	49.117616		16.7	end_p	9.0	chr19p
chr19	10500000	0.0234319810541847	0.908955	0.1119070242167388	-0.2055929859499544	0.0003690036900369	pat	19	58617616	10.5	48.117616		15.7	end_p	10.0	chr19p
chr19	11500000	0.026437399203461	0.736682	0.1204832368138439	-0.0431301145997283	0.0003075030750307	pat	19	58617616	11.5	47.117616		14.7	end_p	11.0	chr19p
chr19	12500000	0.0464943254670155	0.934925	0.204675801868062	0.1193912498171517	0.0006765067650676	pat	19	58617616	12.5	46.117616		13.7	end_p	12.0	chr19p
chr19	13500000	0.0531863653941703	1.167116	0.2360877815766812	0.0761393275730758	0.0008610086100861	pat	19	58617616	13.5	45.117616		12.7	end_p	13.0	chr19p
chr19	14500000	0.0480123098107974	1.322926	0.2185077592431896	-0.0375228233524756	0.0010455104551045	pat	19	58617616	14.5	44.117616		11.7	end_p	14.0	chr19p
chr19	15500000	0.0529726601152333	1.274251	0.2373756604609332	0.0303531728600547	0.0011685116851168	pat	19	58617616	15.5	43.117616		10.7	end_p	15.0	chr19p
chr19	16500000	0.0441906674261879	0.964976	0.1960621897047516	0.0785743401079865	0.0009840098400984	pat	19	58617616	16.5	42.117616		9.7	end_p	16.0	chr19p
chr19	17500000	0.0484958484243225	0.693546	0.20785431369729	0.2824677456396146	0.0009225092250922	pat	19	58617616	17.5	41.117616		8.7	end_p	17.0	chr19p
chr19	18500000	0.0273887358071138	0.389352	0.1173419832284552	0.2852202397573312	0.0005535055350553	pat	19	58617616	18.5	40.117616		7.699999999999999	end_p	18.0	chr19p
chr19	19500000	0.0329515761465631	0.262357	0.1370534445862524	0.5249858518253877	0.0006765067650676	pat	19	58617616	19.5	39.117616		6.699999999999999	end_p	19.0	chr19p
chr19	20500000	0.0265938667915816	0.161623	0.1096079271663264	0.615817020459159	0.0005535055350553	pat	19	58617616	20.5	38.117616		5.699999999999999	other		
chr19	21500000	0.0274109739121259	0.096529	0.1115744756485036	0.7578230707701109	0.0004920049200492	pat	19	58617616	21.5	37.117616		4.699999999999999	other		
chr19	22500000	0.0137747271482946	0.029509	0.0556890885931784	0.8453419240225292	0.0001230012300123	pat	19	58617616	22.5	36.117616		3.6999999999999993	other		
chr19	23500000	0.0147400034579532	0.014708	0.0592541738318128	0.9248586245865404	6.150061500615003e-05	pat	19	58617616	23.5	35.117616		2.6999999999999993	other		
chr19	24500000	0.0163167965575946	0.006176	0.0653907062303784	0.9708161378255422	0.0	pat	19	58617616	24.5	34.117616		1.6999999999999993	other		
chr19	25500000	0.0247688427879533	0.001869	0.0991127511518132	0.994113221907239	0.0	pat	19	58617616	25.5	33.117616		0.6999999999999993	other		
chr19	26500000	0.0188007013110919	0.004118	0.0752851652443676	0.9830073588722764	0.0	pat	19	58617616	26.5	32.117616		0.3000000000000007	other		
chr19	27500000	0.0149483146976376	0.013134	0.0600559387905504	0.9335367642396238	0.0001845018450184	pat	19	58617616	27.5	31.117616		1.3000000000000007	other		
chr19	28500000	0.0147996949602331	0.040883	0.0600164398409324	0.8049364290926116	0.0003690036900369	pat	19	58617616	28.5	30.117616		2.3000000000000007	other		
chr19	29500000	0.024552192199654	0.183884	0.101886448798616	0.5467820856677387	0.0007380073800738	pat	19	58617616	29.5	29.117616		3.3000000000000007	other		
chr19	30500000	0.0336723046072651	0.312383	0.1409368784290603	0.4674124441063311	0.0007995079950799	pat	19	58617616	30.5	28.117616		4.300000000000001	other		
chr19	31500000	0.0601194936754213	0.37386	0.2479551747016851	0.6086397226288663	0.001230012300123	pat	19	58617616	31.5	27.117616		5.300000000000001	other		
chr19	32500000	0.0594875952711136	0.332108	0.2445925410844544	0.6414804072536967	0.001230012300123	pat	19	58617616	32.5	26.117616		6.300000000000001	other		
chr19	33500000	0.0673368619053069	0.267473	0.2746969076212275	0.7310020742601246	0.0013530135301353	pat	19	58617616	33.5	25.117616		7.300000000000001	other		
chr19	34500000	0.0504152776429412	0.312714	0.2079153905717648	0.6094425637027113	0.0010455104551045	pat	19	58617616	34.5	24.117616		8.3	other		
chr19	35500000	0.0328445841627735	0.240266	0.136183656651094	0.554981517064282	0.0007380073800738	pat	19	58617616	35.5	23.117616		9.3	other		
chr19	36500000	0.0433527127513861	0.265648	0.1787238110055444	0.6132601347105959	0.0008610086100861	pat	19	58617616	36.5	22.117616		10.3	interior		
chr19	37500000	0.0490741824680024	0.229279	0.2008823098720096	0.6909274429169328	0.0007995079950799	pat	19	58617616	37.5	21.117616		11.3	interior		
chr19	38500000	0.058557805655336	0.472953	0.2436902826213439	0.5197817314440024	0.0010455104551045	pat	19	58617616	38.5	20.117616		12.3	interior		
chr19	39500000	0.0417325680513052	0.536992	0.1776701122052208	0.330314087974653	0.0007995079950799	pat	19	58617616	39.5	19.117616		13.3	end_q	19.0	chr19q
chr19	40500000	0.0300070421869327	0.688482	0.1337978087477308	0.0539504743416436	0.0006150061500615	pat	19	58617616	40.5	18.117616		14.3	end_q	18.0	chr19q
chr19	41500000	0.0347532464633927	0.539271	0.1497984058535708	0.2445039127906333	0.000430504305043	pat	19	58617616	41.5	17.117616		15.3	end_q	17.0	chr19q
chr19	42500000	0.0438405274317104	0.595602	0.1872741497268416	0.3059078040438556	0.000430504305043	pat	19	58617616	42.5	16.117616		16.3	end_q	16.0	chr19q
chr19	43500000	0.0435561314349881	0.517704	0.1845786057399523	0.3651841860934912	0.0004920049200492	pat	19	58617616	43.5	15.117616		17.3	end_q	15.0	chr19q
chr19	44500000	0.0301903619265628	0.625073	0.1332629077062512	0.1049704755543025	0.0004920049200492	pat	19	58617616	44.5	14.117616		18.3	end_q	14.0	chr19q
chr19	45500000	0.0256317394452484	0.767178	0.1178705177809936	-0.0787488786285588	0.0004920049200492	pat	19	58617616	45.5	13.117616		19.3	end_q	13.0	chr19q
chr19	46500000	0.0309927278817424	1.124121	0.1464533315269696	-0.1732066321009096	0.0005535055350553	pat	19	58617616	46.5	12.117616		20.3	end_q	12.0	chr19q
chr19	47500000	0.0293214370235132	1.528706	0.1478598680940528	-0.3420369684287989	0.0005535055350553	pat	19	58617616	47.5	11.117616		21.3	end_q	11.0	chr19q
chr19	48500000	0.031631303046068	1.635164	0.159228492184272	-0.3382756920748309	0.0005535055350553	pat	19	58617616	48.5	10.117616		22.3	end_q	10.0	chr19q
chr19	49500000	0.0356176154497639	2.231336	0.1870971817990556	-0.4204399136606186	0.0007380073800738	pat	19	58617616	49.5	9.117616		23.3	end_q	9.0	chr19q
chr19	50500000	0.0486892561956466	2.710058	0.2489581847825864	-0.3705858212662603	0.0009840098400984	pat	19	58617616	50.5	8.117616		24.3	end_q	8.0	chr19q
chr19	51500000	0.0587209063592868	3.284121	0.3005660454371471	-0.3726507481692896	0.0012915129151291	pat	19	58617616	51.5	7.117616		25.3	end_q	7.0	chr19q
chr19	52500000	0.0911015705214848	4.125369	0.4469136620859392	-0.2783904059121734	0.0020295202952029	pat	19	58617616	52.5	6.117616		26.3	end_q	6.0	chr19q
chr19	53500000	0.1050860070788174	5.182395	0.5239919283152696	-0.3172535098523353	0.0019680196801968	pat	19	58617616	53.5	5.117616		27.3	end_q	5.0	chr19q
chr19	54500000	0.1051982817818863	5.725311	0.5352993471275451	-0.3608572488856009	0.0019680196801968	pat	19	58617616	54.5	4.117616		28.3	end_q	4.0	chr19q
chr19	55500000	0.1004275492480216	6.083946	0.5233891169920863	-0.4065362693848656	0.0019680196801968	pat	19	58617616	55.5	3.117616		29.3	end_q	3.0	chr19q
chr19	56500000	0.0909433138067882	4.808954	0.4599523352271528	-0.3482648975592366	0.0020910209102091	pat	19	58617616	56.5	2.117616		30.3	end_q	2.0	chr19q
chr19	57500000	0.1092258456207762	4.988605	0.5366754824831048	-0.2823331348562466	0.0021525215252152	pat	19	58617616	57.5	1.117616		31.3	end_q	1.0	chr19q
chr19	58500000	0.0882358179241693	3.153247	0.4160082116966772	-0.1660054217826629	0.0010455104551045	pat	19	58617616	58.5	0.117616		32.3	end_q	0.0	chr19q
chr2	500000	0.0969554065564479	2.268055	0.4331827262257915	0.0442890735020479	0.0020295202952029	pat	2	242193529	0.5	241.693529	-113.0701475	93.4	end_p	0.0	chr2p
chr2	1500000	0.1194450155156632	2.869882	0.5351777020626528	0.03093655035917	0.0035670356703567	pat	2	242193529	1.5	240.693529	-112.0701475	92.4	end_p	1.0	chr2p
chr2	2500000	0.1308266047484504	2.960778	0.5825219789938016	0.0607891389197402	0.0039360393603936	pat	2	242193529	2.5	239.693529	-111.0701475	91.4	end_p	2.0	chr2p
chr2	3500000	0.1121714291815523	3.51119	0.5189095167262092	-0.1009643520743918	0.0033825338253382	pat	2	242193529	3.5	238.693529	-110.0701475	90.4	end_p	3.0	chr2p
chr2	4500000	0.0677288423695984	3.009583	0.3311070294783936	-0.2696542235175444	0.0020295202952029	pat	2	242193529	4.5	237.693529	-109.0701475	89.4	end_p	4.0	chr2p
chr2	5500000	0.0415695295308338	2.989657	0.2260712581233352	-0.4755684261813769	0.0012915129151291	pat	2	242193529	5.5	236.693529	-108.0701475	88.4	end_p	5.0	chr2p
chr2	6500000	0.051780309048893	2.622869	0.259578616195572	-0.329239983008771	0.0015375153751537	pat	2	242193529	6.5	235.693529	-107.0701475	87.4	end_p	6.0	chr2p
chr2	7500000	0.0711624669081438	2.844687	0.3415436076325752	-0.2199370393023295	0.0018450184501845	pat	2	242193529	7.5	234.693529	-106.0701475	86.4	end_p	7.0	chr2p
chr2	8500000	0.0602691099287357	2.319857	0.2874735797149428	-0.2018775594001233	0.0015375153751537	pat	2	242193529	8.5	233.693529	-105.0701475	85.4	end_p	8.0	chr2p
chr2	9500000	0.0358159650933793	1.75207	0.1783052603735172	-0.3136136999094627	0.0011070110701107	pat	2	242193529	9.5	232.693529	-104.0701475	84.4	end_p	9.0	chr2p
chr2	10500000	0.0471884229664703	1.181582	0.2123853318658812	0.0103006299326559	0.0013530135301353	pat	2	242193529	10.5	231.693529	-103.0701475	83.4	end_p	10.0	chr2p
chr2	11500000	0.0414093592438643	1.258138	0.1908001969754572	-0.0861947339467897	0.001230012300123	pat	2	242193529	11.5	230.693529	-102.0701475	82.4	end_p	11.0	chr2p
chr2	12500000	0.0415814097619936	1.254483	0.1914152990479743	-0.0826921045437171	0.0010455104551045	pat	2	242193529	12.5	229.693529	-101.0701475	81.4	end_p	12.0	chr2p
chr2	13500000	0.0179566802203515	1.109047	0.094007660881406	-0.4145687608910575	0.0004920049200492	pat	2	242193529	13.5	228.693529	-100.0701475	80.4	end_p	13.0	chr2p
chr2	14500000	0.0224099977569818	0.904882	0.1077376310279272	-0.2247158174732163	0.0006765067650676	pat	2	242193529	14.5	227.693529	-99.0701475	79.4	end_p	14.0	chr2p
chr2	15500000	0.0287067022620362	0.965224	0.1341312890481448	-0.1362310606271414	0.0008610086100861	pat	2	242193529	15.5	226.693529	-98.0701475	78.4	end_p	15.0	chr2p
chr2	16500000	0.0267757099910506	0.90721	0.1252470399642024	-0.139982730750914	0.0007380073800738	pat	2	242193529	16.5	225.693529	-97.0701475	77.4	end_p	16.0	chr2p
chr2	17500000	0.025600789859264	0.932068	0.1210445194370559	-0.1750385947130506	0.0006765067650676	pat	2	242193529	17.5	224.693529	-96.0701475	76.4	end_p	17.0	chr2p
chr2	18500000	0.0272961688869696	0.738118	0.1239470355478784	-0.0281397915952365	0.0008610086100861	pat	2	242193529	18.5	223.693529	-95.0701475	75.4	end_p	18.0	chr2p
chr2	19500000	0.0442567538505402	0.891244	0.1948518954021608	0.1186645876957547	0.0012915129151291	pat	2	242193529	19.5	222.693529	-94.0701475	74.4	end_p	19.0	chr2p
chr2	20500000	0.0328175209328627	0.786524	0.1470005637314508	0.032189979847565	0.0009225092250922	pat	2	242193529	20.5	221.693529	-93.0701475	73.4	interior		
chr2	21500000	0.0309327770075031	0.835408	0.1404392680300124	-0.0275135354619915	0.0006765067650676	pat	2	242193529	21.5	220.693529	-92.0701475	72.4	interior		
chr2	22500000	0.0297815666007881	0.799725	0.1351207664031524	-0.0246526975175791	0.0006150061500615	pat	2	242193529	22.5	219.693529	-91.0701475	71.4	interior		
chr2	23500000	0.0395141152631912	0.786433	0.1737851210527648	0.1244580134138137	0.0007995079950799	pat	2	242193529	23.5	218.693529	-90.0701475	70.4	interior		
chr2	24500000	0.054296976402547	0.744065	0.232069205610188	0.3019842437840834	0.0010455104551045	pat	2	242193529	24.5	217.693529	-89.0701475	69.4	interior		
chr2	25500000	0.0473757197274536	0.540879	0.2003204589098144	0.3825031997525167	0.0008610086100861	pat	2	242193529	25.5	216.693529	-88.0701475	68.4	interior		
chr2	26500000	0.0451739869745421	0.410452	0.1889049878981684	0.4755071792056304	0.0007995079950799	pat	2	242193529	26.5	215.693529	-87.0701475	67.4	interior		
chr2	27500000	0.0538408295742225	0.344414	0.22225159829689	0.5996658825355786	0.0010455104551045	pat	2	242193529	27.5	214.693529	-86.0701475	66.4	interior		
chr2	28500000	0.0500391755951137	0.46372	0.2094311023804548	0.4678342091105534	0.0011070110701107	pat	2	242193529	28.5	213.693529	-85.0701475	65.4	interior		
chr2	29500000	0.0404901416178616	0.633943	0.1746394264714464	0.2402893694265039	0.0010455104551045	pat	2	242193529	29.5	212.693529	-84.0701475	64.4	interior		
chr2	30500000	0.0211456075532268	0.685638	0.0982951902129072	-0.1183698070034932	0.0005535055350553	pat	2	242193529	30.5	211.693529	-83.0701475	63.400000000000006	interior		
chr2	31500000	0.0233359229914398	0.598787	0.1053194319657592	-0.0019245526115868	0.0005535055350553	pat	2	242193529	31.5	210.693529	-82.0701475	62.400000000000006	interior		
chr2	32500000	0.0270190271526902	0.713352	0.1223431486107607	-0.016183966995561	0.0007380073800738	pat	2	242193529	32.5	209.693529	-81.0701475	61.400000000000006	interior		
chr2	33500000	0.0277621014447521	0.683453	0.1247174657790084	0.0187862109245869	0.0009225092250922	pat	2	242193529	33.5	208.693529	-80.0701475	60.400000000000006	interior		
chr2	34500000	0.0214629681460333	0.701279	0.0998774525841331	-0.1221440116942955	0.0009225092250922	pat	2	242193529	34.5	207.693529	-79.0701475	59.400000000000006	interior		
chr2	35500000	0.020355627906836	0.606229	0.093547091627344	-0.0762703261231848	0.0008610086100861	pat	2	242193529	35.5	206.693529	-78.0701475	58.400000000000006	interior		
chr2	36500000	0.0228770044152519	0.54604	0.1024288176610076	0.0342380614065792	0.0008610086100861	pat	2	242193529	36.5	205.693529	-77.0701475	57.400000000000006	interior		
chr2	37500000	0.0285055147406949	0.552497	0.1250719989627796	0.1374801143880067	0.0007995079950799	pat	2	242193529	37.5	204.693529	-76.0701475	56.400000000000006	interior		
chr2	38500000	0.0291586511387	0.467913	0.1259928645548	0.2286514732901469	0.0006765067650676	pat	2	242193529	38.5	203.693529	-75.0701475	55.400000000000006	interior		
chr2	39500000	0.0221799874159894	0.61712	0.1010623496639576	-0.0423796908851972	0.0004920049200492	pat	2	242193529	39.5	202.693529	-74.0701475	54.400000000000006	interior		
chr2	40500000	0.0170774071526842	0.70698	0.0824492286107368	-0.2365265017814597	0.0004920049200492	pat	2	242193529	40.5	201.693529	-73.0701475	53.400000000000006	interior		
chr2	41500000	0.021410943035249	0.804331	0.101730392140996	-0.1901790331724775	0.0007380073800738	pat	2	242193529	41.5	200.693529	-72.0701475	52.400000000000006	interior		
chr2	42500000	0.0225338037918243	0.615226	0.1024397351672972	-0.0329431789065646	0.0007380073800738	pat	2	242193529	42.5	199.693529	-71.0701475	51.400000000000006	interior		
chr2	43500000	0.0221657881200308	0.538886	0.0994408724801232	0.025049198107264	0.0006150061500615	pat	2	242193529	43.5	198.693529	-70.0701475	50.400000000000006	interior		
chr2	44500000	0.0144336627034633	0.587792	0.0694904908138532	-0.2287533081928114	0.0003690036900369	pat	2	242193529	44.5	197.693529	-69.0701475	49.400000000000006	interior		
chr2	45500000	0.0183432148188163	0.716813	0.0877091192752652	-0.2091154600075486	0.0005535055350553	pat	2	242193529	45.5	196.693529	-68.0701475	48.400000000000006	interior		
chr2	46500000	0.0238895022316558	0.724023	0.1100384689266232	-0.0849552922842767	0.0007380073800738	pat	2	242193529	46.5	195.693529	-67.0701475	47.400000000000006	interior		
chr2	47500000	0.0326667099599338	0.622147	0.1431097798397352	0.1460691493178814	0.0009840098400984	pat	2	242193529	47.5	194.693529	-66.0701475	46.400000000000006	interior		
chr2	48500000	0.0252090221093237	0.555781	0.1119517084372948	0.0738107782789585	0.0007380073800738	pat	2	242193529	48.5	193.693529	-65.0701475	45.400000000000006	interior		
chr2	49500000	0.0191762915965344	0.677496	0.0902550863861376	-0.160434869649244	0.0006150061500615	pat	2	242193529	49.5	192.693529	-64.0701475	44.400000000000006	interior		
chr2	50500000	0.0134548118424585	0.628047	0.066380187369834	-0.2923259387542749	0.000430504305043	pat	2	242193529	50.5	191.693529	-63.0701475	43.400000000000006	interior		
chr2	51500000	0.0141847342105904	0.588434	0.0685076168423616	-0.2374950718450982	0.0004920049200492	pat	2	242193529	51.5	190.693529	-62.0701475	42.400000000000006	interior		
chr2	52500000	0.0119997217695977	0.545998	0.0589188470783908	-0.2806011440163676	0.0003690036900369	pat	2	242193529	52.5	189.693529	-61.0701475	41.400000000000006	interior		
chr2	53500000	0.0094387075525883	0.53714	0.0484976302103532	-0.3801101571285496	0.0002460024600246	pat	2	242193529	53.5	188.693529	-60.0701475	40.400000000000006	interior		
chr2	54500000	0.0109342675542632	0.514948	0.0540360302170528	-0.296383990141226	0.0002460024600246	pat	2	242193529	54.5	187.693529	-59.0701475	39.400000000000006	interior		
chr2	55500000	0.0095238501704238	0.543416	0.0489637206816952	-0.3812372626867262	0.0002460024600246	pat	2	242193529	55.5	186.693529	-58.0701475	38.400000000000006	interior		
chr2	56500000	0.0121278303738015	0.582672	0.060164761495206	-0.3054589511961829	0.0003690036900369	pat	2	242193529	56.5	185.693529	-57.0701475	37.400000000000006	interior		
chr2	57500000	0.0097070830013672	0.693784	0.0527040120054688	-0.47314983763385	0.0002460024600246	pat	2	242193529	57.5	184.693529	-56.0701475	36.400000000000006	interior		
chr2	58500000	0.011621995857584	0.689798	0.060283943430336	-0.3979562052654415	0.0002460024600246	pat	2	242193529	58.5	183.693529	-55.0701475	35.400000000000006	interior		
chr2	59500000	0.0172928784808144	0.877453	0.0867205739232576	-0.3300041061373484	0.0003690036900369	pat	2	242193529	59.5	182.693529	-54.0701475	34.400000000000006	interior		
chr2	60500000	0.0176653458306281	0.750491	0.0856712033225124	-0.2487031201792791	0.0003690036900369	pat	2	242193529	60.5	181.693529	-53.0701475	33.400000000000006	interior		
chr2	61500000	0.024642639314108	0.623885	0.111048257256432	0.0047875089793309	0.0005535055350553	pat	2	242193529	61.5	180.693529	-52.0701475	32.400000000000006	interior		
chr2	62500000	0.0170197352658076	0.319674	0.0744724210632304	0.152859815228212	0.0003075030750307	pat	2	242193529	62.5	179.693529	-51.0701475	31.400000000000006	interior		
chr2	63500000	0.0331295302354162	0.524503	0.1430081809416648	0.2350408014269314	0.0007380073800738	pat	2	242193529	63.5	178.693529	-50.0701475	30.400000000000006	interior		
chr2	64500000	0.0327016079811728	0.829045	0.1473873319246912	0.0041063340083729	0.0007380073800738	pat	2	242193529	64.5	177.693529	-49.0701475	29.400000000000006	interior		
chr2	65500000	0.0333230312514604	1.411087	0.1615138650058415	-0.2471752093795865	0.0008610086100861	pat	2	242193529	65.5	176.693529	-48.0701475	28.400000000000006	interior		
chr2	66500000	0.0258374870094054	1.368192	0.1307137880376216	-0.3488888604610857	0.0007995079950799	pat	2	242193529	66.5	175.693529	-47.0701475	27.400000000000006	interior		
chr2	67500000	0.0213266769908395	1.154718	0.108401067963358	-0.3586144034614736	0.0006765067650676	pat	2	242193529	67.5	174.693529	-46.0701475	26.400000000000006	interior		
chr2	68500000	0.0196287200022595	0.608489	0.0906846600090379	-0.096162995397711	0.0005535055350553	pat	2	242193529	68.5	173.693529	-45.0701475	25.400000000000006	interior		
chr2	69500000	0.0245341984904096	0.533638	0.1088095539616384	0.0805318235059284	0.0005535055350553	pat	2	242193529	69.5	172.693529	-44.0701475	24.400000000000006	interior		
chr2	70500000	0.0243587628713086	0.41649	0.1057648514852344	0.1983804134033815	0.0004920049200492	pat	2	242193529	70.5	171.693529	-43.0701475	23.400000000000006	interior		
chr2	71500000	0.0321045896986602	0.475155	0.1379214587946408	0.2666095984658626	0.0006765067650676	pat	2	242193529	71.5	170.693529	-42.0701475	22.400000000000006	interior		
chr2	72500000	0.0263018727206481	0.410504	0.1134175708825924	0.2417752156524253	0.0004920049200492	pat	2	242193529	72.5	169.693529	-41.0701475	21.400000000000006	interior		
chr2	73500000	0.0320956451298693	0.496409	0.1383107605194772	0.2460383962443448	0.0005535055350553	pat	2	242193529	73.5	168.693529	-40.0701475	20.400000000000006	interior		
chr2	74500000	0.0222499127742306	0.620374	0.1014071310969224	-0.0434334241827499	0.000430504305043	pat	2	242193529	74.5	167.693529	-39.0701475	19.400000000000006	interior		
chr2	75500000	0.0199170505683122	0.654762	0.0927634422732488	-0.125156662876917	0.0005535055350553	pat	2	242193529	75.5	166.693529	-38.0701475	18.400000000000006	interior		
chr2	76500000	0.0167203908297957	0.631776	0.0795170833191828	-0.1929712449002475	0.0005535055350553	pat	2	242193529	76.5	165.693529	-37.0701475	17.400000000000006	interior		
chr2	77500000	0.017078317947439	0.567546	0.079664191789756	-0.1304765281114894	0.0005535055350553	pat	2	242193529	77.5	164.693529	-36.0701475	16.400000000000006	interior		
chr2	78500000	0.0196365162423138	0.589154	0.0903291449692552	-0.0799459247594971	0.0005535055350553	pat	2	242193529	78.5	163.693529	-35.0701475	15.400000000000006	interior		
chr2	79500000	0.0244475825927162	0.588678	0.1095638903708648	0.02984857804542	0.0007380073800738	pat	2	242193529	79.5	162.693529	-34.0701475	14.400000000000006	interior		
chr2	80500000	0.0249501940125393	0.450187	0.1088045160501572	0.1724015441645481	0.0007995079950799	pat	2	242193529	80.5	161.693529	-33.0701475	13.400000000000006	interior		
chr2	81500000	0.0168641337933448	0.335683	0.0741701951733792	0.1243947180396272	0.0004920049200492	pat	2	242193529	81.5	160.693529	-32.0701475	12.400000000000006	interior		
chr2	82500000	0.0151544249399389	0.267692	0.0659715397597556	0.1826852027424568	0.0003690036900369	pat	2	242193529	82.5	159.693529	-31.0701475	11.400000000000006	interior		
chr2	83500000	0.0147886808763447	0.323751	0.0656297435053788	0.0773204992688522	0.0003075030750307	pat	2	242193529	83.5	158.693529	-30.0701475	10.400000000000006	interior		
chr2	84500000	0.0246949767666586	0.361514	0.1060101870666344	0.2716838699040855	0.0006150061500615	pat	2	242193529	84.5	157.693529	-29.0701475	9.400000000000006	other		
chr2	85500000	0.0244812769676224	0.24719	0.1028689078704895	0.4336693204131948	0.0005535055350553	pat	2	242193529	85.5	156.693529	-28.0701475	8.400000000000006	other		
chr2	86500000	0.0286980294735576	0.149526	0.1177826378942304	0.6613506727995236	0.000430504305043	pat	2	242193529	86.5	155.693529	-27.0701475	7.400000000000006	other		
chr2	87500000	0.0193547677455781	0.088936	0.0791977909823124	0.6952476598742058	0.0001230012300123	pat	2	242193529	87.5	154.693529	-26.0701475	6.400000000000006	other		
chr2	88500000	0.0197143995301527	0.079842	0.0804544381206108	0.7264557596796278	0.0	pat	2	242193529	88.5	153.693529	-25.0701475	5.400000000000006	other		
chr2	89500000	0.0197697815826851	0.055791	0.0801949463307404	0.801145534739088	0.0	pat	2	242193529	89.5	152.693529	-24.0701475	4.400000000000006	other		
chr2	90500000	0.0381892573929121	0.016746	0.1530919495716484	0.966268400102782	0.0	pat	2	242193529	90.5	151.693529	-23.0701475	3.4000000000000057	other		
chr2	91500000	0.0381892573929121	0.004089	0.1528388095716484	0.9916571440930864	0.0	pat	2	242193529	91.5	150.693529	-22.0701475	2.4000000000000057	other		
chr2	92500000	0.0381892573929121	0.001173	0.1527804895716484	0.9975995674831784	0.0	pat	2	242193529	92.5	149.693529	-21.0701475	1.4000000000000057	other		
chr2	93500000	0.0354931948732941	0.003647	0.1420457194931764	0.9919923955343806	0.0	pat	2	242193529	93.5	148.693529	-20.0701475	0.4000000000000057	other		
chr2	94500000	0.0299245390045011	0.011428	0.1199267160180044	0.9705587384793812	0.0	pat	2	242193529	94.5	147.693529	-19.0701475	0.5999999999999943	fusion_2a	19.0	
chr2	95500000	0.0262542849640465	0.040799	0.105833119856186	0.8853769938573577	6.150061500615006e-05	pat	2	242193529	95.5	146.693529	-18.0701475	1.5999999999999943	fusion_2a	18.0	
chr2	96500000	0.0274541626777919	0.053913	0.1108949107111676	0.8573098711133598	0.0001230012300123	pat	2	242193529	96.5	145.693529	-17.0701475	2.5999999999999943	fusion_2a	17.0	
chr2	97500000	0.0501283734363029	0.168403	0.2038815537452116	0.7676764410161699	0.0005535055350553	pat	2	242193529	97.5	144.693529	-16.0701475	3.5999999999999943	fusion_2a	16.0	
chr2	98500000	0.0330554532546008	0.265311	0.1375280330184032	0.5220643544734254	0.0004920049200492	pat	2	242193529	98.5	143.693529	-15.0701475	4.599999999999994	fusion_2a	15.0	
chr2	99500000	0.0324391658022661	0.529694	0.1403505432090644	0.2203890333700942	0.0007380073800738	pat	2	242193529	99.5	142.693529	-14.0701475	5.599999999999994	fusion_2a	14.0	
chr2	100500000	0.0202046303177258	0.553451	0.0918875412709032	-0.0345854598546202	0.000430504305043	pat	2	242193529	100.5	141.693529	-13.0701475	6.599999999999994	fusion_2a	13.0	
chr2	101500000	0.0225887734618702	0.670771	0.1037705138474808	-0.0748158694952904	0.0006150061500615	pat	2	242193529	101.5	140.693529	-12.0701475	7.599999999999994	fusion_2a	12.0	
chr2	102500000	0.0155662196462374	0.514873	0.0725623385849495	-0.1281682937015579	0.0003075030750307	pat	2	242193529	102.5	139.693529	-11.0701475	8.599999999999994	fusion_2a	11.0	
chr2	103500000	0.0177858445000176	0.663859	0.0844205580000704	-0.1870727163200142	0.0003690036900369	pat	2	242193529	103.5	138.693529	-10.0701475	9.599999999999994	fusion_2a	10.0	
chr2	104500000	0.0219651132491822	0.78139	0.1034882529967288	-0.1637893334156071	0.0005535055350553	pat	2	242193529	104.5	137.693529	-9.0701475	10.599999999999994	fusion_2a	9.0	
chr2	105500000	0.0239213045904998	0.785641	0.1113980383619992	-0.1246816155555153	0.0006765067650676	pat	2	242193529	105.5	136.693529	-8.0701475	11.599999999999994	fusion_2a	8.0	
chr2	106500000	0.0232411547925493	0.737634	0.1077172991701972	-0.1078095000063027	0.0006765067650676	pat	2	242193529	106.5	135.693529	-7.0701475	12.599999999999994	fusion_2a	7.0	
chr2	107500000	0.0181288859505052	0.49073	0.0823301438020208	-0.0286544554568585	0.0003690036900369	pat	2	242193529	107.5	134.693529	-6.0701475	13.599999999999994	fusion_2a	6.0	
chr2	108500000	0.0208160097229155	0.478681	0.092837658891662	0.0528262203176602	0.000430504305043	pat	2	242193529	108.5	133.693529	-5.0701475	14.599999999999994	fusion_2a	5.0	
chr2	109500000	0.0250570670409878	0.282553	0.1058793281639512	0.3877730879223476	0.000430504305043	pat	2	242193529	109.5	132.693529	-4.0701475	15.599999999999994	fusion_2a	4.0	
chr2	110500000	0.0435749870216395	0.347175	0.1812434480865579	0.5247400208914837	0.0006765067650676	pat	2	242193529	110.5	131.693529	-3.0701475	16.599999999999994	fusion_2a	3.0	
chr2	111500000	0.0467686718375118	0.313673	0.1933481473500472	0.5842971447087265	0.0007380073800738	pat	2	242193529	111.5	130.693529	-2.0701475	17.599999999999994	fusion_2a	2.0	
chr2	112500000	0.0339764680900841	0.391456	0.1437349923603364	0.3786039300659186	0.0007380073800738	pat	2	242193529	112.5	129.693529	-1.0701475	18.599999999999994	fusion_2a	1.0	
chr2	113500000	0.0290574783266887	0.632584	0.1288815933067548	0.0800909689543016	0.0006150061500615	pat	2	242193529	113.5	128.693529	-0.0701475	19.599999999999994	fusion_2a	0.0	
chr2	114500000	0.0193898037630288	0.68823	0.0913238150521152	-0.1626976146454208	0.0003690036900369	pat	2	242193529	114.5	127.693529	0.9298525	20.599999999999994	fusion_2b	0.0	
chr2	115500000	0.0206365728933194	0.73639	0.0972740915732776	-0.165285711577013	0.000430504305043	pat	2	242193529	115.5	126.693529	1.9298525	21.599999999999994	fusion_2b	1.0	
chr2	116500000	0.0133147684623434	0.453191	0.0623228938493736	-0.1422178351037054	0.0002460024600246	pat	2	242193529	116.5	125.693529	2.9298525	22.599999999999994	fusion_2b	2.0	
chr2	117500000	0.0163341450663448	0.557826	0.0764931002653792	-0.1438583387633134	0.0003690036900369	pat	2	242193529	117.5	124.693529	3.9298525	23.599999999999994	fusion_2b	3.0	
chr2	118500000	0.0175371840236733	0.673087	0.0836104760946932	-0.2004910652351005	0.0004920049200492	pat	2	242193529	118.5	123.693529	4.9298525	24.599999999999994	fusion_2b	4.0	
chr2	119500000	0.0347994219085696	0.89125	0.1570226876342784	-0.0009806483013834	0.0010455104551045	pat	2	242193529	119.5	122.693529	5.9298525	25.599999999999994	fusion_2b	5.0	
chr2	120500000	0.0545044217235302	0.864605	0.2353097868941208	0.2341124528475233	0.0013530135301353	pat	2	242193529	120.5	121.693529	6.9298525	26.599999999999994	fusion_2b	6.0	
chr2	121500000	0.0784621009415814	0.895539	0.3317591837663256	0.3826208682910383	0.0017835178351783	pat	2	242193529	121.5	120.693529	7.9298525	27.599999999999994	fusion_2b	7.0	
chr2	122500000	0.0577565459108973	0.819888	0.2474239436435892	0.2858727795127219	0.0015375153751537	pat	2	242193529	122.5	119.693529	8.9298525	28.599999999999994	fusion_2b	8.0	
chr2	123500000	0.0429226130020971	0.919013	0.1900707120083884	0.0883497548793187	0.0012915129151291	pat	2	242193529	123.5	118.693529	9.9298525	29.599999999999994	fusion_2b	9.0	
chr2	124500000	0.019593093752514	0.705702	0.092486415010056	-0.1698153300507125	0.0006765067650676	pat	2	242193529	124.5	117.693529	10.9298525	30.599999999999994	fusion_2b	10.0	
chr2	125500000	0.0176375638353533	0.737711	0.0853044753414132	-0.2413707535924324	0.0006150061500615	pat	2	242193529	125.5	116.693529	11.9298525	31.599999999999994	fusion_2b	11.0	
chr2	126500000	0.0191631385367267	0.574209	0.0881367341469068	-0.0793041062551687	0.0005535055350553	pat	2	242193529	126.5	115.693529	12.9298525	32.599999999999994	fusion_2b	12.0	
chr2	127500000	0.01971294804855	0.777564	0.0944030721942	-0.2135744778183023	0.0005535055350553	pat	2	242193529	127.5	114.693529	13.9298525	33.599999999999994	fusion_2b	13.0	
chr2	128500000	0.0212182262398524	0.902906	0.1029310249594096	-0.2494699500606579	0.0005535055350553	pat	2	242193529	128.5	113.693529	14.9298525	34.599999999999994	fusion_2b	14.0	
chr2	129500000	0.0213556729877718	0.876077	0.1029442319510872	-0.2322219881944788	0.000430504305043	pat	2	242193529	129.5	112.693529	15.9298525	35.599999999999994	fusion_2b	15.0	
chr2	130500000	0.0219288623966289	0.700662	0.1017286895865156	-0.1111187479667974	0.0003075030750307	pat	2	242193529	130.5	111.693529	16.9298525	36.599999999999994	fusion_2b	16.0	
chr2	131500000	0.0406428347978591	0.584921	0.1742697591914364	0.2795596532347012	0.0003690036900369	pat	2	242193529	131.5	110.693529	17.9298525	37.599999999999994	fusion_2b	17.0	
chr2	132500000	0.0506128192999093	0.936534	0.2211819571996372	0.1601503320066091	0.0008610086100861	pat	2	242193529	132.5	109.693529	18.9298525	38.599999999999994	fusion_2b	18.0	
chr2	133500000	0.0432292598378389	1.177381	0.1964646593513556	-0.0317229933575214	0.0009225092250922	pat	2	242193529	133.5	108.693529	19.9298525	39.599999999999994	fusion_2b	19.0	
chr2	134500000	0.0318737794336464	0.896387	0.1454228577345856	-0.047726527502605	0.0006150061500615	pat	2	242193529	134.5	107.693529	20.9298525	40.599999999999994	interior		
chr2	135500000	0.0343413804765458	0.752533	0.1524161819061832	0.0768328261354326	0.0005535055350553	pat	2	242193529	135.5	106.693529	21.9298525	41.599999999999994	interior		
chr2	136500000	0.0318268817296335	0.770923	0.142725986918534	0.0268863544376469	0.0006150061500615	pat	2	242193529	136.5	105.693529	22.9298525	42.599999999999994	interior		
chr2	137500000	0.0287092853031724	1.107882	0.1369947812126896	-0.2030972320665857	0.0007380073800738	pat	2	242193529	137.5	104.693529	23.9298525	43.599999999999994	interior		
chr2	138500000	0.0161776825298608	1.019045	0.0850916301194432	-0.4226901157546558	0.000430504305043	pat	2	242193529	138.5	103.693529	24.9298525	44.599999999999994	interior		
chr2	139500000	0.0162919093716549	0.758528	0.0803381974866196	-0.2911516253774016	0.000430504305043	pat	2	242193529	139.5	102.693529	25.9298525	45.599999999999994	interior		
chr2	140500000	0.015329755259452	0.560285	0.072524721037808	-0.176912357426539	0.0004920049200492	pat	2	242193529	140.5	101.693529	26.9298525	46.599999999999994	interior		
chr2	141500000	0.0151713632909334	0.48809	0.0704472531637336	-0.1145091597641211	0.000430504305043	pat	2	242193529	141.5	100.693529	27.9298525	47.599999999999994	interior		
chr2	142500000	0.0208858496809449	0.655801	0.0966594187237795	-0.1025000602193679	0.0005535055350553	pat	2	242193529	142.5	99.693529	28.9298525	48.599999999999994	interior		
chr2	143500000	0.0288466469378303	0.738959	0.1301657677513212	-0.0010928881375657	0.0005535055350553	pat	2	242193529	143.5	98.693529	29.9298525	49.599999999999994	interior		
chr2	144500000	0.0306248802099371	0.69017	0.1363029208397484	0.062885762816727	0.0006150061500615	pat	2	242193529	144.5	97.693529	30.9298525	50.599999999999994	interior		
chr2	145500000	0.0275464801863816	0.52671	0.1207201207455264	0.1441330587778753	0.0004920049200492	pat	2	242193529	145.5	96.693529	31.9298525	51.599999999999994	interior		
chr2	146500000	0.0197773103823357	0.498904	0.0890873215293428	0.0065921782690416	0.0003690036900369	pat	2	242193529	146.5	95.693529	32.9298525	52.599999999999994	interior		
chr2	147500000	0.0262143463532337	0.622923	0.1173158454129348	0.0364572427981972	0.0004920049200492	pat	2	242193529	147.5	94.693529	33.9298525	53.599999999999994	interior		
chr2	148500000	0.0238668968028333	0.667577	0.1088191272113331	-0.0450192549141224	0.0004920049200492	pat	2	242193529	148.5	93.693529	34.9298525	54.599999999999994	interior		
chr2	149500000	0.0241554778341241	0.787937	0.1123806513364964	-0.1213214767086004	0.0005535055350553	pat	2	242193529	149.5	92.693529	35.9298525	55.599999999999994	interior		
chr2	150500000	0.0198279850694908	0.681062	0.0929331802779632	-0.14668227590659	0.000430504305043	pat	2	242193529	150.5	91.693529	36.9298525	56.599999999999994	interior		
chr2	151500000	0.020858829246132	0.58473	0.095129916984528	-0.046122242956322	0.0004920049200492	pat	2	242193529	151.5	90.693529	37.9298525	57.599999999999994	interior		
chr2	152500000	0.0255557403645475	0.353632	0.10929560145819	0.2975541530083323	0.0006765067650676	pat	2	242193529	152.5	89.693529	38.9298525	58.599999999999994	interior		
chr2	153500000	0.0284725839098148	0.524141	0.1243731556392592	0.162664021730014	0.0008610086100861	pat	2	242193529	153.5	88.693529	39.9298525	59.599999999999994	interior		
chr2	154500000	0.027697538417545	0.511273	0.1210156136701799	0.1613294514975502	0.0008610086100861	pat	2	242193529	154.5	87.693529	40.9298525	60.599999999999994	interior		
chr2	155500000	0.0223082875239644	0.52951	0.0998233500958576	0.0370176257823313	0.0006150061500615	pat	2	242193529	155.5	86.693529	41.9298525	61.599999999999994	interior		
chr2	156500000	0.0168180129909791	0.430733	0.0758867119639164	-0.0009874972035116	0.0003075030750307	pat	2	242193529	156.5	85.693529	42.9298525	62.599999999999994	interior		
chr2	157500000	0.0201313794189651	0.509513	0.0907157776758603	0.0049436072093503	0.0003690036900369	pat	2	242193529	157.5	84.693529	43.9298525	63.599999999999994	interior		
chr2	158500000	0.0271093173999193	0.512342	0.1186841095996772	0.1498373112487439	0.0006150061500615	pat	2	242193529	158.5	83.693529	44.9298525	64.6	interior		
chr2	159500000	0.0398004256877958	0.498389	0.1691694827511832	0.3423744521702559	0.0011070110701107	pat	2	242193529	159.5	82.693529	45.9298525	65.6	interior		
chr2	160500000	0.0352636868484002	0.467121	0.1503971673936008	0.317319949670664	0.0009225092250922	pat	2	242193529	160.5	81.693529	46.9298525	66.6	interior		
chr2	161500000	0.030463522134402	0.668715	0.135228388537608	0.0759707908524515	0.0006765067650676	pat	2	242193529	161.5	80.693529	47.9298525	67.6	interior		
chr2	162500000	0.0191891274828258	0.675926	0.0902750299313032	-0.1589783991025434	0.0002460024600246	pat	2	242193529	162.5	79.693529	48.9298525	68.6	interior		
chr2	163500000	0.0127826497961863	0.749602	0.0661226391847452	-0.3928750836682904	0.0001230012300123	pat	2	242193529	163.5	78.693529	49.9298525	69.6	interior		
chr2	164500000	0.009325427101828	0.580562	0.048912948407312	-0.4178583207247051	6.150061500615003e-05	pat	2	242193529	164.5	77.693529	50.9298525	70.6	interior		
chr2	165500000	0.0075620756499021	0.53095	0.0408673025996084	-0.4662200295256838	6.150061500615006e-05	pat	2	242193529	165.5	76.693529	51.9298525	71.6	interior		
chr2	166500000	0.0116492431655915	0.556182	0.057720612662366	-0.302615013462116	0.0001845018450184	pat	2	242193529	166.5	75.693529	52.9298525	72.6	interior		
chr2	167500000	0.022467535722485	0.759394	0.10505802288994	-0.1387915885676897	0.0005535055350553	pat	2	242193529	167.5	74.693529	53.9298525	73.6	interior		
chr2	168500000	0.0269124620788773	0.834475	0.1243393483155091	-0.0962760865394862	0.0007380073800738	pat	2	242193529	168.5	73.693529	54.9298525	74.6	interior		
chr2	169500000	0.028371582909746	0.911721	0.131720751638984	-0.113944535052351	0.0009225092250922	pat	2	242193529	169.5	72.693529	55.9298525	75.6	interior		
chr2	170500000	0.0200354942973939	0.615458	0.0924511371895756	-0.0916413560702184	0.0006150061500615	pat	2	242193529	170.5	71.693529	56.9298525	76.6	interior		
chr2	171500000	0.0244284527138325	0.645541	0.11062463085533	-0.0166371034716858	0.0007380073800738	pat	2	242193529	171.5	70.693529	57.9298525	77.6	interior		
chr2	172500000	0.0719958879045239	0.729467	0.3025728916180956	0.4322650603519679	0.0017835178351783	pat	2	242193529	172.5	69.693529	58.9298525	78.6	interior		
chr2	173500000	0.0678667335652572	0.747204	0.2864110142610288	0.3978864473347313	0.0017220172201722	pat	2	242193529	173.5	68.693529	59.9298525	79.6	interior		
chr2	174500000	0.0731171165681383	0.589019	0.3042488462725531	0.5207246436688143	0.0017220172201722	pat	2	242193529	174.5	67.693529	60.9298525	80.6	interior		
chr2	175500000	0.0270069116201513	0.403044	0.1160885264806051	0.2627452837721206	0.0006765067650676	pat	2	242193529	175.5	66.693529	61.9298525	81.6	interior		
chr2	176500000	0.0279032055078954	0.478958	0.1211919820315816	0.1965061728686873	0.0007380073800738	pat	2	242193529	176.5	65.693529	62.9298525	82.6	interior		
chr2	177500000	0.0208908509914234	0.488719	0.0933377839656936	0.0442643210052189	0.0004920049200492	pat	2	242193529	177.5	64.693529	63.9298525	83.6	interior		
chr2	178500000	0.0182006073667057	0.507984	0.0829621094668228	-0.0439377359199538	0.000430504305043	pat	2	242193529	178.5	63.693529	64.9298525	84.6	interior		
chr2	179500000	0.0273371414441684	0.539849	0.1201455457766735	0.1282988555268482	0.0007380073800738	pat	2	242193529	179.5	62.693529	65.9298525	85.6	interior		
chr2	180500000	0.0284598655741142	0.54516	0.1247426622964568	0.1432471779511373	0.0008610086100861	pat	2	242193529	180.5	61.693529	66.9298525	86.6	interior		
chr2	181500000	0.0329080382582494	0.425815	0.1401484530329976	0.3278232376801896	0.0009840098400984	pat	2	242193529	181.5	60.693529	67.9298525	87.6	interior		
chr2	182500000	0.0266125846012147	0.322116	0.1128926584048588	0.3572828675576863	0.0007995079950799	pat	2	242193529	182.5	59.693529	68.9298525	88.6	interior		
chr2	183500000	0.0229935831003698	0.28564	0.0976871324014792	0.3458946457204316	0.0006765067650676	pat	2	242193529	183.5	58.693529	69.9298525	89.6	interior		
chr2	184500000	0.016655154260422	0.246571	0.071552037041688	0.2664757428595409	0.000430504305043	pat	2	242193529	184.5	57.693529	70.9298525	90.6	interior		
chr2	185500000	0.0180343228253803	0.208547	0.0763082313015212	0.3770254141806154	0.000430504305043	pat	2	242193529	185.5	56.693529	71.9298525	91.6	interior		
chr2	186500000	0.0187291578531408	0.159638	0.0781093914125632	0.4998587662355345	0.000430504305043	pat	2	242193529	186.5	55.693529	72.9298525	92.6	interior		
chr2	187500000	0.0184769222852936	0.146908	0.0768458491411744	0.5254866022787663	0.0003690036900369	pat	2	242193529	187.5	54.693529	73.9298525	93.6	interior		
chr2	188500000	0.0135414195853987	0.176926	0.0577041983415948	0.3234918815790719	0.0001845018450184	pat	2	242193529	188.5	53.693529	74.9298525	94.6	interior		
chr2	189500000	0.0196431921567507	0.278724	0.0841472486270028	0.2860747104531346	0.0003690036900369	pat	2	242193529	189.5	52.693529	75.9298525	95.6	interior		
chr2	190500000	0.0219892561312487	0.450988	0.0969767845249948	0.1096454844733012	0.000430504305043	pat	2	242193529	190.5	51.693529	76.9298525	96.6	interior		
chr2	191500000	0.0283614146856062	0.538909	0.1242238387424247	0.1471957644589413	0.0006150061500615	pat	2	242193529	191.5	50.693529	77.9298525	97.6	interior		
chr2	192500000	0.0257621999878275	0.466801	0.11238481995131	0.1703567748258894	0.0004920049200492	pat	2	242193529	192.5	49.693529	78.9298525	98.6	interior		
chr2	193500000	0.0232518877590782	0.319935	0.0994062510363127	0.3001329286962041	0.0003690036900369	pat	2	242193529	193.5	48.693529	79.9298525	99.6	interior		
chr2	194500000	0.0191591892795298	0.260548	0.0818477171181192	0.3054587581693809	0.0002460024600246	pat	2	242193529	194.5	47.693529	80.9298525	100.6	interior		
chr2	195500000	0.0280684175583402	0.440806	0.1210897902333607	0.2388474930907669	0.0004920049200492	pat	2	242193529	195.5	46.693529	81.9298525	101.6	interior		
chr2	196500000	0.040915237915105	0.518617	0.17403329166042	0.336996107877802	0.0007995079950799	pat	2	242193529	196.5	45.693529	82.9298525	102.6	interior		
chr2	197500000	0.0497684652047947	0.748175	0.2140373608191788	0.2593428793231918	0.0009840098400984	pat	2	242193529	197.5	44.693529	83.9298525	103.6	interior		
chr2	198500000	0.0320315177055198	0.581431	0.1397546908220792	0.1694938240790775	0.0006150061500615	pat	2	242193529	198.5	43.693529	84.9298525	104.6	interior		
chr2	199500000	0.043903743026717	0.545013	0.186515232106868	0.3462058255887364	0.0008610086100861	pat	2	242193529	199.5	42.693529	85.9298525	105.6	interior		
chr2	200500000	0.0403293193462261	0.350757	0.1683324173849044	0.492248798570193	0.0007995079950799	pat	2	242193529	200.5	41.693529	86.9298525	106.6	interior		
chr2	201500000	0.053660198959081	0.343539	0.221511575836324	0.5994042913432083	0.0010455104551045	pat	2	242193529	201.5	40.693529	87.9298525	107.6	interior		
chr2	202500000	0.0320737192534108	0.334346	0.1349817970136432	0.4206337395451118	0.0005535055350553	pat	2	242193529	202.5	39.693529	88.9298525	108.6	interior		
chr2	203500000	0.0304025989365229	0.459657	0.1308035357460916	0.2566839574708307	0.0005535055350553	pat	2	242193529	203.5	38.693529	89.9298525	109.6	interior		
chr2	204500000	0.0293376103548858	0.703577	0.1314219814195432	0.0318671557794505	0.0006765067650676	pat	2	242193529	204.5	37.693529	90.9298525	110.6	interior		
chr2	205500000	0.034911640569654	0.722498	0.154096522278616	0.1051936701825612	0.0009225092250922	pat	2	242193529	205.5	36.693529	91.9298525	111.6	interior		
chr2	206500000	0.0291489750055868	0.662648	0.1298488600223472	0.058552308950582	0.0007380073800738	pat	2	242193529	206.5	35.693529	92.9298525	112.6	interior		
chr2	207500000	0.0187209635218169	0.467527	0.0842343940872676	0.0116243456325426	0.0003690036900369	pat	2	242193529	207.5	34.693529	93.9298525	113.6	interior		
chr2	208500000	0.0102905923948551	0.448112	0.0501246095794204	-0.2602486396614161	0.0001845018450184	pat	2	242193529	208.5	33.693529	94.9298525	114.6	interior		
chr2	209500000	0.0131398209293844	0.323401	0.0590273037175375	0.0189063695457023	0.0003075030750307	pat	2	242193529	209.5	32.693529	95.9298525	115.6	interior		
chr2	210500000	0.0131334429877815	0.399402	0.060521811951126	-0.0866539513315874	0.000430504305043	pat	2	242193529	210.5	31.693529	96.9298525	116.6	interior		
chr2	211500000	0.0120217838105475	0.463849	0.05736411524219	-0.2030272341717655	0.0003690036900369	pat	2	242193529	211.5	30.693529	97.9298525	117.6	interior		
chr2	212500000	0.0154040104600947	0.438282	0.0703816818403788	-0.0535346412710805	0.0004920049200492	pat	2	242193529	212.5	29.693529	98.9298525	118.6	interior		
chr2	213500000	0.0155647406383672	0.371869	0.0696963425534687	0.0337518739373604	0.000430504305043	pat	2	242193529	213.5	28.693529	99.9298525	119.6	interior		
chr2	214500000	0.0231379718288554	0.504291	0.1026377073154216	0.0795239665511111	0.0006150061500615	pat	2	242193529	214.5	27.693529	100.9298525	120.6	interior		
chr2	215500000	0.0248999798285799	0.678593	0.1131717793143196	-0.0320348567942905	0.0006765067650676	pat	2	242193529	215.5	26.693529	101.9298525	121.6	interior		
chr2	216500000	0.031550765536073	0.84822	0.143167462144292	-0.0252342835751251	0.0007995079950799	pat	2	242193529	216.5	25.693529	102.9298525	122.6	interior		
chr2	217500000	0.0276311120726098	0.637359	0.1232716282904392	0.0512910557255766	0.0006150061500615	pat	2	242193529	217.5	24.693529	103.9298525	123.6	interior		
chr2	218500000	0.0299618336713191	0.740629	0.1346599146852764	0.0167421531050451	0.0006150061500615	pat	2	242193529	218.5	23.693529	104.9298525	124.6	interior		
chr2	219500000	0.048181296573443	0.797102	0.208667226293772	0.2141583816524693	0.0009840098400984	pat	2	242193529	219.5	22.693529	105.9298525	125.6	interior		
chr2	220500000	0.0455878095675225	0.993391	0.20221905827009	0.079620559164989	0.0010455104551045	pat	2	242193529	220.5	21.693529	106.9298525	126.6	interior		
chr2	221500000	0.0395854095334626	1.046709	0.1792758181338504	-0.0169397450843515	0.0009840098400984	pat	2	242193529	221.5	20.693529	107.9298525	127.6	interior		
chr2	222500000	0.0263183267124792	1.086104	0.1269953868499168	-0.2350346803060346	0.0006765067650676	pat	2	242193529	222.5	19.693529	108.9298525	128.6	end_q	19.0	chr2q
chr2	223500000	0.0234268857110751	1.071679	0.1151411228443003	-0.2830708812644483	0.0006150061500615	pat	2	242193529	223.5	18.693529	109.9298525	129.6	end_q	18.0	chr2q
chr2	224500000	0.0159374335280853	1.024281	0.0842353541123411	-0.4309040308657734	0.0003690036900369	pat	2	242193529	224.5	17.693529	110.9298525	130.6	end_q	17.0	chr2q
chr2	225500000	0.007165465659349	0.946809	0.047598042637396	-0.675820672019181	6.150061500615003e-05	pat	2	242193529	225.5	16.693529	111.9298525	131.6	end_q	16.0	chr2q
chr2	226500000	0.0299130388066674	1.547588	0.1506039152266696	-0.3386330821141052	0.0009225092250922	pat	2	242193529	226.5	15.693529	112.9298525	132.6	end_q	15.0	chr2q
chr2	227500000	0.0298551081354481	1.351544	0.1464513125417924	-0.2782572212233247	0.0009225092250922	pat	2	242193529	227.5	14.693529	113.9298525	133.6	end_q	14.0	chr2q
chr2	228500000	0.0452459382335372	1.382817	0.2086400929341488	-0.0891140746211329	0.0012915129151291	pat	2	242193529	228.5	13.693529	114.9298525	134.6	end_q	13.0	chr2q
chr2	229500000	0.0251604251242395	0.792707	0.116495840496958	-0.1041798442576202	0.0007380073800738	pat	2	242193529	229.5	12.693529	115.9298525	135.6	end_q	12.0	chr2q
chr2	230500000	0.0463937275779962	0.802057	0.2016160503119848	0.1930696717640988	0.0011070110701107	pat	2	242193529	230.5	11.693529	116.9298525	136.6	end_q	11.0	chr2q
chr2	231500000	0.0445721542366317	0.639065	0.1910699169465268	0.2812906101181349	0.0010455104551045	pat	2	242193529	231.5	10.693529	117.9298525	137.6	end_q	10.0	chr2q
chr2	232500000	0.0398464047008206	0.852879	0.1764431988032824	0.0885065028305116	0.0008610086100861	pat	2	242193529	232.5	9.693529	118.9298525	138.6	end_q	9.0	chr2q
chr2	233500000	0.0309217467420651	1.516115	0.1540092869682604	-0.3146444651420297	0.0008610086100861	pat	2	242193529	233.5	8.693529	119.9298525	139.6	end_q	8.0	chr2q
chr2	234500000	0.0659883663306133	2.515674	0.3142669453224532	-0.1972574359494255	0.0018450184501845	pat	2	242193529	234.5	7.693529	120.9298525	140.6	end_q	7.0	chr2q
chr2	235500000	0.0695558856306055	2.639849	0.331020522522422	-0.1951079176073197	0.0019680196801968	pat	2	242193529	235.5	6.693529	121.9298525	141.6	end_q	6.0	chr2q
chr2	236500000	0.0845173467200108	2.671288	0.3914951468800431	-0.1057512824327758	0.0022755227552275	pat	2	242193529	236.5	5.693529	122.9298525	142.6	end_q	5.0	chr2q
chr2	237500000	0.0695970848780833	2.168182	0.3217519795123332	-0.0986078798929894	0.0019065190651906	pat	2	242193529	237.5	4.693529	123.9298525	143.6	end_q	4.0	chr2q
chr2	238500000	0.1027174273349149	3.418691	0.4792435293396596	-0.131223079884687	0.0029520295202952	pat	2	242193529	238.5	3.693529	124.9298525	144.6	end_q	3.0	chr2q
chr2	239500000	0.1485813783970952	4.167797	0.6776814535883808	-0.0464401547593257	0.0045510455104551	pat	2	242193529	239.5	2.693529	125.9298525	145.6	end_q	2.0	chr2q
chr2	240500000	0.2157952262492913	4.323863	0.9496581649971652	0.1211462300969474	0.0055350553505535	pat	2	242193529	240.5	1.693529	126.9298525	146.6	end_q	1.0	chr2q
chr2	241500000	0.2407178348462784	3.486716	1.0326056593851136	0.2765905277915222	0.0041820418204182	pat	2	242193529	241.5	0.693529	127.9298525	147.6	end_q	0.0	chr2q
chr20	500000	0.1735052420262396	7.773374	0.8494884481049584	-0.2734551550330584	0.0030750307503075	pat	20	64444167	0.5	63.944167		27.6	end_p	0.0	chr20p
chr20	1500000	0.1294587600935925	6.190734	0.64164972037437	-0.3033380338740096	0.0034440344403444	pat	20	64444167	1.5	62.944167		26.6	end_p	1.0	chr20p
chr20	2500000	0.0790890808330233	3.937152	0.3950993633320931	-0.3214717202742716	0.0019065190651906	pat	20	64444167	2.5	61.944167		25.6	end_p	2.0	chr20p
chr20	3500000	0.043224463886081	3.480426	0.242506375544324	-0.5180861886832863	0.0011685116851168	pat	20	64444167	3.5	60.944167		24.6	end_p	3.0	chr20p
chr20	4500000	0.0580422210196403	4.083323	0.3138353440785612	-0.4669919653177003	0.0015990159901599	pat	20	64444167	4.5	59.944167		23.6	end_p	4.0	chr20p
chr20	5500000	0.0444987665934827	3.524741	0.2484898863739308	-0.5120607654198448	0.0013530135301353	pat	20	64444167	5.5	58.944167		22.6	end_p	5.0	chr20p
chr20	6500000	0.0403867575463484	3.162613	0.2247992901853936	-0.5078249504397787	0.0011685116851168	pat	20	64444167	6.5	57.944167		21.6	end_p	6.0	chr20p
chr20	7500000	0.0209003530492713	1.650184	0.1166050921970852	-0.5108701865983877	0.0006150061500615	pat	20	64444167	7.5	56.944167		20.6	end_p	7.0	chr20p
chr20	8500000	0.0274997444376439	1.893028	0.1478595377505756	-0.4584496930209271	0.0007995079950799	pat	20	64444167	8.5	55.944167		19.6	end_p	8.0	chr20p
chr20	9500000	0.0339129791917597	1.475433	0.1651605767670388	-0.2598271542994725	0.0010455104551045	pat	20	64444167	9.5	54.944167		18.6	end_p	9.0	chr20p
chr20	10500000	0.0429521116132573	1.592295	0.2036543464530292	-0.1837794581869206	0.001230012300123	pat	20	64444167	10.5	53.944167		17.6	end_p	10.0	chr20p
chr20	11500000	0.0468550291141775	1.337901	0.21417813645671	-0.055311489946032	0.0014145141451414	pat	20	64444167	11.5	52.944167		16.6	end_p	11.0	chr20p
chr20	12500000	0.0511239512403367	1.333852	0.2311728449613468	-0.0102547783113344	0.0014760147601476	pat	20	64444167	12.5	51.944167		15.600000000000001	end_p	12.0	chr20p
chr20	13500000	0.0549884189545301	0.957451	0.2391026958181203	0.189632059945663	0.0014145141451414	pat	20	64444167	13.5	50.944167		14.600000000000001	end_p	13.0	chr20p
chr20	14500000	0.0538413808161918	1.214766	0.2396608432647672	0.0623183820303527	0.0013530135301353	pat	20	64444167	14.5	49.944167		13.600000000000001	end_p	14.0	chr20p
chr20	15500000	0.0335133288334242	1.078939	0.1556320953336968	-0.1148545745038439	0.0010455104551045	pat	20	64444167	15.5	48.944167		12.600000000000001	end_p	15.0	chr20p
chr20	16500000	0.0403482448633221	1.082882	0.1830506194532884	-0.0243804120809697	0.001230012300123	pat	20	64444167	16.5	47.944167		11.600000000000001	end_p	16.0	chr20p
chr20	17500000	0.0249797153868187	0.545294	0.1108247415472748	0.0787376336667788	0.0007995079950799	pat	20	64444167	17.5	46.944167		10.600000000000001	end_p	17.0	chr20p
chr20	18500000	0.0256393293180358	0.441963	0.1113965772721432	0.1944732714675763	0.0007380073800738	pat	20	64444167	18.5	45.944167		9.600000000000001	end_p	18.0	chr20p
chr20	19500000	0.0191256859147131	0.399424	0.0844912236588524	0.1006934160182649	0.000430504305043	pat	20	64444167	19.5	44.944167		8.600000000000001	end_p	19.0	chr20p
chr20	20500000	0.0211335310216709	0.300612	0.0905463640866836	0.2849411860396229	0.000430504305043	pat	20	64444167	20.5	43.944167		7.600000000000001	other		
chr20	21500000	0.017654078014146	0.193365	0.074483612056584	0.4000639432118255	0.0003075030750307	pat	20	64444167	21.5	42.944167		6.600000000000001	other		
chr20	22500000	0.0121766932377419	0.119692	0.0511006129509676	0.4445059966788986	0.0001845018450184	pat	20	64444167	22.5	41.944167		5.600000000000001	other		
chr20	23500000	0.019233204356767	0.151933	0.079971477427068	0.5278288557417821	0.000430504305043	pat	20	64444167	23.5	40.944167		4.600000000000001	other		
chr20	24500000	0.0208356686511053	0.104248	0.0854276346044212	0.6726012772607882	0.000430504305043	pat	20	64444167	24.5	39.944167		3.6000000000000014	other		
chr20	25500000	0.0230607164879745	0.069056	0.093623985951898	0.7902653025457755	0.0003075030750307	pat	20	64444167	25.5	38.944167		2.6000000000000014	other		
chr20	26500000	0.0189764328628521	0.008829	0.0760823114514084	0.9642466106670544	0.0	pat	20	64444167	26.5	37.944167		1.6000000000000014	other		
chr20	27500000	0.0381892573929121	0.00257	0.1528084295716484	0.9947482472776258	0.0	pat	20	64444167	27.5	36.944167		0.6000000000000014	other		
chr20	28500000	0.0381892573929121	0.002408	0.1528051895716484	0.995078476991499	0.0	pat	20	64444167	28.5	35.944167		0.3999999999999986	other		
chr20	29500000	0.0381892573929121	0.002483	0.1528066895716484	0.9949255792733928	0.0	pat	20	64444167	29.5	34.944167		1.3999999999999986	other		
chr20	30500000	0.0257577004305071	0.005456	0.1031399217220284	0.9835624375275758	6.150061500615006e-05	pat	20	64444167	30.5	33.944167		2.3999999999999986	other		
chr20	31500000	0.0238932109302382	0.016617	0.0959051837209528	0.9470246517675556	0.0001845018450184	pat	20	64444167	31.5	32.944167		3.3999999999999986	other		
chr20	32500000	0.0213471910974563	0.043227	0.0862533043898252	0.8531890807448748	0.0002460024600246	pat	20	64444167	32.5	31.944167		4.399999999999999	other		
chr20	33500000	0.0217590238821211	0.04517	0.0879394955284844	0.8497712754712808	0.0002460024600246	pat	20	64444167	33.5	30.944167		5.399999999999999	other		
chr20	34500000	0.0167693103192917	0.054735	0.0681719412771668	0.7735290533650445	0.0001230012300123	pat	20	64444167	34.5	29.944167		6.399999999999999	other		
chr20	35500000	0.04026169586069	0.094134	0.16292946344276	0.8323911655593966	0.0004920049200492	pat	20	64444167	35.5	28.944167		7.399999999999999	other		
chr20	36500000	0.0554617493198706	0.134685	0.2245406972794824	0.8264744113165786	0.0007995079950799	pat	20	64444167	36.5	27.944167		8.399999999999999	other		
chr20	37500000	0.0600905906699311	0.185118	0.2440647226797244	0.7848823527324753	0.0009840098400984	pat	20	64444167	37.5	26.944167		9.399999999999999	other		
chr20	38500000	0.0278337924629121	0.169441	0.1147239898516484	0.615299001900613	0.0006150061500615	pat	20	64444167	38.5	25.944167		10.399999999999999	interior		
chr20	39500000	0.0268699976218546	0.38169	0.1151137904874183	0.2855663336336869	0.0006150061500615	pat	20	64444167	39.5	24.944167		11.399999999999999	interior		
chr20	40500000	0.0296774793809048	0.453266	0.1277752375236192	0.2519427157856125	0.0006765067650676	pat	20	64444167	40.5	23.944167		12.399999999999999	interior		
chr20	41500000	0.0329494326106833	0.754049	0.1468787104427332	0.055233523287411	0.0007995079950799	pat	20	64444167	41.5	22.944167		13.399999999999999	interior		
chr20	42500000	0.0309369878467838	0.693048	0.1376089113871351	0.0658625790005445	0.0007380073800738	pat	20	64444167	42.5	21.944167		14.399999999999999	interior		
chr20	43500000	0.0263200024477732	0.698837	0.1192567497910928	-0.0190104222224765	0.0006150061500615	pat	20	64444167	43.5	20.944167		15.399999999999999	interior		
chr20	44500000	0.0227211020881744	0.426774	0.0994198883526975	0.1528440224143307	0.0005535055350553	pat	20	64444167	44.5	19.944167		16.4	end_q	19.0	chr20q
chr20	45500000	0.0145409751331504	0.477133	0.0677065605326016	-0.1242357628930751	0.0003075030750307	pat	20	64444167	45.5	18.944167		17.4	end_q	18.0	chr20q
chr20	46500000	0.0126165035890302	0.747608	0.0654181743561208	-0.3972716146941546	0.0003075030750307	pat	20	64444167	46.5	17.944167		18.4	end_q	17.0	chr20q
chr20	47500000	0.0256952963428199	1.171092	0.1262030253712796	-0.2813619875110019	0.0006150061500615	pat	20	64444167	47.5	16.944167		19.4	end_q	16.0	chr20q
chr20	48500000	0.023506126361954	1.119644	0.116417385447816	-0.3015475122342606	0.0005535055350553	pat	20	64444167	48.5	15.944167		20.4	end_q	15.0	chr20q
chr20	49500000	0.0349385037339634	1.055005	0.1608541149358536	-0.083131899027196	0.0007995079950799	pat	20	64444167	49.5	14.944167		21.4	end_q	14.0	chr20q
chr20	50500000	0.029257811748516	1.123076	0.139492766994064	-0.2005529030521891	0.0007380073800738	pat	20	64444167	50.5	13.944167		22.4	end_q	13.0	chr20q
chr20	51500000	0.0405792173447466	1.389704	0.1901109493789864	-0.1452293952128767	0.0010455104551045	pat	20	64444167	51.5	12.944167		23.4	end_q	12.0	chr20q
chr20	52500000	0.0298626351822619	1.884528	0.1571411007290475	-0.4234438514997934	0.0008610086100861	pat	20	64444167	52.5	11.944167		24.4	end_q	11.0	chr20q
chr20	53500000	0.0210648928964536	1.729981	0.1188591915858144	-0.5252752470823396	0.0006150061500615	pat	20	64444167	53.5	10.944167		25.4	end_q	10.0	chr20q
chr20	54500000	0.0175417707721889	1.933939	0.1088458630887556	-0.6235747965348825	0.0004920049200492	pat	20	64444167	54.5	9.944167		26.4	end_q	9.0	chr20q
chr20	55500000	0.0179356135022631	1.726544	0.1062733340090524	-0.5803649861885545	0.0005535055350553	pat	20	64444167	55.5	8.944167		27.4	end_q	8.0	chr20q
chr20	56500000	0.0343816520061743	2.347865	0.1844839080246972	-0.4552776352829499	0.0011685116851168	pat	20	64444167	56.5	7.944167		28.4	end_q	7.0	chr20q
chr20	57500000	0.0611911691682191	2.550247	0.2957696166728764	-0.2396849712918996	0.0017220172201722	pat	20	64444167	57.5	6.944167		29.4	end_q	6.0	chr20q
chr20	58500000	0.0733913751045857	2.981773	0.3532009604183428	-0.2276427983000897	0.0018450184501845	pat	20	64444167	58.5	5.944167		30.4	end_q	5.0	chr20q
chr20	59500000	0.0738164017800669	3.779649	0.3708585871202676	-0.3340422085454985	0.0017220172201722	pat	20	64444167	59.5	4.944167		31.4	end_q	4.0	chr20q
chr20	60500000	0.079326279958011	5.183182	0.420968759832044	-0.4376101324530281	0.0020910209102091	pat	20	64444167	60.5	3.944167		32.4	end_q	3.0	chr20q
chr20	61500000	0.1008920748739502	5.60018	0.5155718994958008	-0.3693928843342625	0.0027675276752767	pat	20	64444167	61.5	2.944167		33.4	end_q	2.0	chr20q
chr20	62500000	0.1674462287721335	5.080912	0.771403155088534	-0.0855508023548512	0.0041820418204182	pat	20	64444167	62.5	1.944167		34.4	end_q	1.0	chr20q
chr20	63500000	0.2193288536184547	4.098912	0.9592936544738188	0.1553119406319233	0.0035055350553505	pat	20	64444167	63.5	0.944167		35.4	end_q	0.0	chr20q
chr21	500000	0.0381892573929121	0.0	0.1527570295716484	1.0	0.0	pat	21	46709983	0.5	46.209983		11.5	other		
chr21	1500000	0.0381892573929121	0.0	0.1527570295716484	1.0	0.0	pat	21	46709983	1.5	45.209983		10.5	other		
chr21	2500000	0.0381892573929121	0.0	0.1527570295716484	1.0	0.0	pat	21	46709983	2.5	44.209983		9.5	other		
chr21	3500000	0.0381892573929121	0.0	0.1527570295716484	1.0	0.0	pat	21	46709983	3.5	43.209983		8.5	other		
chr21	4500000	0.0381892573929121	0.0	0.1527570295716484	1.0	0.0	pat	21	46709983	4.5	42.209983		7.5	other		
chr21	5500000	0.0381892573929121	0.0	0.1527570295716484	1.0	0.0	pat	21	46709983	5.5	41.209983		6.5	other		
chr21	6500000	0.0381892573929121	0.0	0.1527570295716484	1.0	0.0	pat	21	46709983	6.5	40.209983		5.5	other		
chr21	7500000	0.0381892573929121	0.0	0.1527570295716484	1.0	0.0	pat	21	46709983	7.5	39.209983		4.5	other		
chr21	8500000	0.0381892573929121	0.0	0.1527570295716484	1.0	0.0	pat	21	46709983	8.5	38.209983		3.5	other		
chr21	9500000	0.0381892573929121	0.0	0.1527570295716484	1.0	0.0	pat	21	46709983	9.5	37.209983		2.5	other		
chr21	10500000	0.0381892573929121	0.0	0.1527570295716484	1.0	0.0	pat	21	46709983	10.5	36.209983		1.5	other		
chr21	11500000	0.0381892573929121	0.0	0.1527570295716484	1.0	0.0	pat	21	46709983	11.5	35.209983		0.5	other		
chr21	12500000	0.0381892573929121	0.0	0.1527570295716484	1.0	0.0	pat	21	46709983	12.5	34.209983		0.5	other		
chr21	13500000	0.0324480638447051	0.48337	0.1394596553788203	0.2635882055603771	0.0003690036900369	pat	21	46709983	13.5	33.209983		1.5	other		
chr21	14500000	0.0244536171474568	0.567236	0.1091591885898272	0.0484947318010621	0.000430504305043	pat	21	46709983	14.5	32.209983		2.5	other		
chr21	15500000	0.0339513744133011	0.669497	0.1491954376532044	0.129009816297415	0.0009225092250922	pat	21	46709983	15.5	31.209983		3.5	other		
chr21	16500000	0.0313516680075912	0.597042	0.1373475120303648	0.146118029737381	0.0007995079950799	pat	21	46709983	16.5	30.209983		4.5	other		
chr21	17500000	0.0327828909418663	0.632054	0.1437726437674652	0.1400704291078254	0.0009840098400984	pat	21	46709983	17.5	29.209983		5.5	other		
chr21	18500000	0.0218028141512196	0.554146	0.0982941766048784	0.002836872746265	0.0007380073800738	pat	21	46709983	18.5	28.209983		6.5	other		
chr21	19500000	0.0240448991979025	0.688199	0.10994357679161	-0.0564859379609025	0.0009225092250922	pat	21	46709983	19.5	27.209983		7.5	other		
chr21	20500000	0.0307527534169455	0.751163	0.138034273667782	0.0227059765747142	0.0011685116851168	pat	21	46709983	20.5	26.209983		8.5	other		
chr21	21500000	0.0505885535015815	0.731563	0.216985474006326	0.2773440029350351	0.0015375153751537	pat	21	46709983	21.5	25.209983		9.5	other		
chr21	22500000	0.0544193061512723	0.846582	0.2346088646050892	0.2433081268756394	0.0015990159901599	pat	21	46709983	22.5	24.209983		10.5	interior		
chr21	23500000	0.0471167588931594	0.861292	0.2056928755726376	0.1660763847403231	0.0014145141451414	pat	21	46709983	23.5	23.209983		11.5	interior		
chr21	24500000	0.0317086305625391	0.829216	0.1434188422501564	-0.0114139418409741	0.0010455104551045	pat	21	46709983	24.5	22.209983		12.5	interior		
chr21	25500000	0.0282881194182264	0.928639	0.1317252576729056	-0.124458968839871	0.0009840098400984	pat	21	46709983	25.5	21.209983		13.5	interior		
chr21	26500000	0.03351849516613	1.085316	0.15578030066452	-0.1176852274842873	0.0010455104551045	pat	21	46709983	26.5	20.209983		14.5	interior		
chr21	27500000	0.0305029936378688	1.282573	0.1476634345514751	-0.2438541604211064	0.0011070110701107	pat	21	46709983	27.5	19.209983		15.5	end_q	19.0	chr21q
chr21	28500000	0.0262508209156908	1.085426	0.1267118036627632	-0.2359526924492851	0.0007995079950799	pat	21	46709983	28.5	18.209983		16.5	end_q	18.0	chr21q
chr21	29500000	0.0267554275897827	1.14748	0.1299713103591308	-0.2531368788612086	0.0008610086100861	pat	21	46709983	29.5	17.209983		17.5	end_q	17.0	chr21q
chr21	30500000	0.0570597355940085	1.466511	0.257569162376034	-0.0027398819507786	0.0013530135301353	pat	21	46709983	30.5	16.209983		18.5	end_q	16.0	chr21q
chr21	31500000	0.0527461444815931	1.657651	0.2441375979263724	-0.1029357301187208	0.0012915129151291	pat	21	46709983	31.5	15.209983		19.5	end_q	15.0	chr21q
chr21	32500000	0.0486153254094597	1.4984	0.2244293016378388	-0.0933035403215614	0.0010455104551045	pat	21	46709983	32.5	14.209983		20.5	end_q	14.0	chr21q
chr21	33500000	0.0280274512775784	1.497185	0.1420535051103136	-0.3527204085520592	0.0006765067650676	pat	21	46709983	33.5	13.209983		21.5	end_q	13.0	chr21q
chr21	34500000	0.0401342518930119	1.374489	0.1880267875720476	-0.1452377975156149	0.0011070110701107	pat	21	46709983	34.5	12.209983		22.5	end_q	12.0	chr21q
chr21	35500000	0.0534195678245994	1.779572	0.2492697112983976	-0.1316750497363035	0.0014760147601476	pat	21	46709983	35.5	11.209983		23.5	end_q	11.0	chr21q
chr21	36500000	0.04769009349043	1.724637	0.22525311396172	-0.1717726536332432	0.0013530135301353	pat	21	46709983	36.5	10.209983		24.5	end_q	10.0	chr21q
chr21	37500000	0.0434849594517362	2.049992	0.2149396778069448	-0.2968453793253532	0.0011685116851168	pat	21	46709983	37.5	9.209983		25.5	end_q	9.0	chr21q
chr21	38500000	0.0441290298864638	2.147906	0.2194742395458551	-0.311344894468371	0.0014760147601476	pat	21	46709983	38.5	8.209983		26.5	end_q	8.0	chr21q
chr21	39500000	0.0549619582361351	2.246034	0.2647685129445404	-0.2303968735865152	0.0019680196801968	pat	21	46709983	39.5	7.209983		27.5	end_q	7.0	chr21q
chr21	40500000	0.0558697863779057	2.760561	0.2786903655116228	-0.318117524103705	0.0020295202952029	pat	21	46709983	40.5	6.209983		28.5	end_q	6.0	chr21q
chr21	41500000	0.0691245809645035	2.893993	0.334378183858014	-0.2418231498166827	0.0022140221402214	pat	21	46709983	41.5	5.209983		29.5	end_q	5.0	chr21q
chr21	42500000	0.0665055423484608	3.075865	0.3275394693938432	-0.2881032841124824	0.001660516605166	pat	21	46709983	42.5	4.209983		30.5	end_q	4.0	chr21q
chr21	43500000	0.1045335571054834	3.350855	0.4851513284219336	-0.1127188310300061	0.0021525215252152	pat	21	46709983	43.5	3.209983		31.5	end_q	3.0	chr21q
chr21	44500000	0.1201882197550175	3.227619	0.54530525902007	-0.0246840253689288	0.0021525215252152	pat	21	46709983	44.5	2.209983		32.5	end_q	2.0	chr21q
chr21	45500000	0.1802349762953837	4.1539	0.8040179051815348	0.0517145203266414	0.0033825338253382	pat	21	46709983	45.5	1.209983		33.5	end_q	1.0	chr21q
chr21	46500000	0.1968940024616794	4.031019	0.8681963898467175	0.1105236141551562	0.0025215252152521	pat	21	46709983	46.5	0.209983		34.5	end_q	0.0	chr21q
chr22	500000	0.0381892573929121	0.0	0.1527570295716484	1.0	0.0	pat	22	50818468	0.5	50.318468		14.5	other		
chr22	1500000	0.0381892573929121	0.0	0.1527570295716484	1.0	0.0	pat	22	50818468	1.5	49.318468		13.5	other		
chr22	2500000	0.0381892573929121	0.0	0.1527570295716484	1.0	0.0	pat	22	50818468	2.5	48.318468		12.5	other		
chr22	3500000	0.0381892573929121	0.0	0.1527570295716484	1.0	0.0	pat	22	50818468	3.5	47.318468		11.5	other		
chr22	4500000	0.0381892573929121	0.0	0.1527570295716484	1.0	0.0	pat	22	50818468	4.5	46.318468		10.5	other		
chr22	5500000	0.0381892573929121	0.0	0.1527570295716484	1.0	0.0	pat	22	50818468	5.5	45.318468		9.5	other		
chr22	6500000	0.0381892573929121	0.0	0.1527570295716484	1.0	0.0	pat	22	50818468	6.5	44.318468		8.5	other		
chr22	7500000	0.0381892573929121	0.0	0.1527570295716484	1.0	0.0	pat	22	50818468	7.5	43.318468		7.5	other		
chr22	8500000	0.0381892573929121	0.0	0.1527570295716484	1.0	0.0	pat	22	50818468	8.5	42.318468		6.5	other		
chr22	9500000	0.0381892573929121	0.0	0.1527570295716484	1.0	0.0	pat	22	50818468	9.5	41.318468		5.5	other		
chr22	10500000	0.0381892573929121	0.0	0.1527570295716484	1.0	0.0	pat	22	50818468	10.5	40.318468		4.5	other		
chr22	11500000	0.0381892573929121	0.0	0.1527570295716484	1.0	0.0	pat	22	50818468	11.5	39.318468		3.5	other		
chr22	12500000	0.0381892573929121	0.0	0.1527570295716484	1.0	0.0	pat	22	50818468	12.5	38.318468		2.5	other		
chr22	13500000	0.0381892573929121	0.0	0.1527570295716484	1.0	0.0	pat	22	50818468	13.5	37.318468		1.5	other		
chr22	14500000	0.0381892573929121	0.0	0.1527570295716484	1.0	0.0	pat	22	50818468	14.5	36.318468		0.5	other		
chr22	15500000	0.1116002901662791	0.0	0.4464011606651164	1.0	0.0003075030750307	pat	22	50818468	15.5	35.318468		0.5	other		
chr22	16500000	0.1228608797397213	3.038639	0.5522162989588852	0.016473789060695	0.0014760147601476	pat	22	50818468	16.5	34.318468		1.5	other		
chr22	17500000	0.1139070791959282	1.906258	0.4937534767837128	0.2086641166115488	0.0015375153751537	pat	22	50818468	17.5	33.318468		2.5	other		
chr22	18500000	0.0861642143847421	1.760629	0.3798694375389684	0.1114804206572823	0.0017835178351783	pat	22	50818468	18.5	32.318468		3.5	other		
chr22	19500000	0.0426740104254067	1.263536	0.1959667617016268	-0.0733761056283517	0.0007995079950799	pat	22	50818468	19.5	31.318468		4.5	other		
chr22	20500000	0.03616953090937	1.187406	0.16842624363748	-0.1244742939894092	0.0007995079950799	pat	22	50818468	20.5	30.318468		5.5	other		
chr22	21500000	0.0294417195479276	1.657379	0.1509144581917104	-0.3754552738855814	0.0004920049200492	pat	22	50818468	21.5	29.318468		6.5	other		
chr22	22500000	0.0438914051507529	1.622871	0.2080230406030115	-0.1825171327417949	0.0006765067650676	pat	22	50818468	22.5	28.318468		7.5	other		
chr22	23500000	0.0559256360599439	1.793663	0.2595758042397756	-0.1129802687564371	0.0009840098400984	pat	22	50818468	23.5	27.318468		8.5	other		
chr22	24500000	0.0463053199190491	1.821641	0.2216540996761964	-0.2123075978346147	0.0007995079950799	pat	22	50818468	24.5	26.318468		9.5	other		
chr22	25500000	0.0327857958285122	2.380305	0.1787492833140488	-0.4792135018353472	0.0007995079950799	pat	22	50818468	25.5	25.318468		10.5	interior		
chr22	26500000	0.0293022013031244	2.950562	0.1762200452124976	-0.5950915427231174	0.0008610086100861	pat	22	50818468	26.5	24.318468		11.5	interior		
chr22	27500000	0.03110920642786	2.00005	0.16443782571144	-0.4310457640594207	0.0008610086100861	pat	22	50818468	27.5	23.318468		12.5	interior		
chr22	28500000	0.0308224624771452	1.212745	0.1475447499085808	-0.2123848367301331	0.0007380073800738	pat	22	50818468	28.5	22.318468		13.5	interior		
chr22	29500000	0.0269381833024261	0.406918	0.1158910932097044	0.2570974918845646	0.0004920049200492	pat	22	50818468	29.5	21.318468		14.5	interior		
chr22	30500000	0.0294780032497944	0.501326	0.1279385329991776	0.2009528678451885	0.0005535055350553	pat	22	50818468	30.5	20.318468		15.5	interior		
chr22	31500000	0.0333051408714342	0.611607	0.1454527034857368	0.1638519534643757	0.0007380073800738	pat	22	50818468	31.5	19.318468		16.5	end_q	19.0	chr22q
chr22	32500000	0.0270275313315244	1.191058	0.1319312853260976	-0.265800093100548	0.0006765067650676	pat	22	50818468	32.5	18.318468		17.5	end_q	18.0	chr22q
chr22	33500000	0.0263029985218652	1.403686	0.1332857140874608	-0.3522897385122309	0.0008610086100861	pat	22	50818468	33.5	17.318468		18.5	end_q	17.0	chr22q
chr22	34500000	0.0307963884616747	1.420778	0.1516011138466988	-0.2869595207920554	0.0009225092250922	pat	22	50818468	34.5	16.318468		19.5	end_q	16.0	chr22q
chr22	35500000	0.0525347093014149	1.207196	0.2342827572056596	0.0531904453128808	0.0013530135301353	pat	22	50818468	35.5	15.318468		20.5	end_q	15.0	chr22q
chr22	36500000	0.0749940492763767	1.135353	0.3226832571055068	0.2560590852547087	0.0015990159901599	pat	22	50818468	36.5	14.318468		21.5	end_q	14.0	chr22q
chr22	37500000	0.0744595708470417	1.051919	0.3188766633881668	0.2880824481599745	0.0014145141451414	pat	22	50818468	37.5	13.318468		22.5	end_q	13.0	chr22q
chr22	38500000	0.0883845791469293	0.867544	0.3708891965877172	0.4450792686415165	0.0014760147601476	pat	22	50818468	38.5	12.318468		23.5	end_q	12.0	chr22q
chr22	39500000	0.0764762969754925	0.733816	0.32058150790197	0.4541312789876294	0.0011070110701107	pat	22	50818468	39.5	11.318468		24.5	end_q	11.0	chr22q
chr22	40500000	0.0956090799497224	0.535843	0.3931531797988896	0.6403369942364994	0.001230012300123	pat	22	50818468	40.5	10.318468		25.5	end_q	10.0	chr22q
chr22	41500000	0.0855940931018191	0.451829	0.3514129524072764	0.657664974502543	0.0011685116851168	pat	22	50818468	41.5	9.318468		26.5	end_q	9.0	chr22q
chr22	42500000	0.0744781354293081	0.698481	0.3118821617172324	0.4631626941252763	0.0013530135301353	pat	22	50818468	42.5	8.318468		27.5	end_q	8.0	chr22q
chr22	43500000	0.0611362413977781	1.970904	0.2839630455911124	-0.1155218843245374	0.0015375153751537	pat	22	50818468	43.5	7.318468		28.5	end_q	7.0	chr22q
chr22	44500000	0.0707253920473898	2.636801	0.3356375881895592	-0.1865178611151017	0.0019065190651906	pat	22	50818468	44.5	6.318468		29.5	end_q	6.0	chr22q
chr22	45500000	0.077295085696335	3.09621	0.37110454278534	-0.2209174163229268	0.0020295202952029	pat	22	50818468	45.5	5.318468		30.5	end_q	5.0	chr22q
chr22	46500000	0.0907464070445213	2.880388	0.4205933881780852	-0.1078531167353851	0.0023985239852398	pat	22	50818468	46.5	4.318468		31.5	end_q	4.0	chr22q
chr22	47500000	0.0832302854284186	4.064831	0.4142177617136743	-0.3128726617837078	0.0025830258302583	pat	22	50818468	47.5	3.318468		32.5	end_q	3.0	chr22q
chr22	48500000	0.1026393503620733	5.891535	0.5283881014482932	-0.3837874364183406	0.0034440344403444	pat	22	50818468	48.5	2.318468		33.5	end_q	2.0	chr22q
chr22	49500000	0.1204353704034465	6.559276	0.612927001613786	-0.3611690529471811	0.0035055350553505	pat	22	50818468	49.5	1.318468		34.5	end_q	1.0	chr22q
chr22	50500000	0.1429861053409797	6.784174	0.7076279013639187	-0.2997716900084209	0.0023985239852398	pat	22	50818468	50.5	0.318468		35.5	end_q	0.0	chr22q
chr3	500000	0.1113608204526085	3.174727	0.508937821810434	-0.0545151287929172	0.0027060270602706	pat	3	198295559	0.5	197.795559		90.4	end_p	0.0	chr3p
chr3	1500000	0.1285350155381511	4.384341	0.6018268821526045	-0.1432725991179991	0.0047355473554735	pat	3	198295559	1.5	196.795559		89.4	end_p	1.0	chr3p
chr3	2500000	0.1077747617210551	5.501257	0.5411241868842204	-0.3326568510465913	0.0041820418204182	pat	3	198295559	2.5	195.795559		88.4	end_p	2.0	chr3p
chr3	3500000	0.1119781101206851	5.180095	0.5515143404827404	-0.2882037444596131	0.0038745387453874	pat	3	198295559	3.5	194.795559		87.4	end_p	3.0	chr3p
chr3	4500000	0.078539675039379	3.908816	0.392335020157516	-0.3213586503382111	0.0027060270602706	pat	3	198295559	4.5	193.795559		86.4	end_p	4.0	chr3p
chr3	5500000	0.0754766003116337	2.549176	0.3528899212465348	-0.1384254771220752	0.0025830258302583	pat	3	198295559	5.5	192.795559		85.4	end_p	5.0	chr3p
chr3	6500000	0.0452590224676285	2.244144	0.225918969870514	-0.3196949070586558	0.0017220172201722	pat	3	198295559	6.5	191.795559		84.4	end_p	6.0	chr3p
chr3	7500000	0.0338469682694121	1.955367	0.1744952130776484	-0.3865268989000594	0.0013530135301353	pat	3	198295559	7.5	190.795559		83.4	end_p	7.0	chr3p
chr3	8500000	0.0348907103996952	1.655777	0.1726783815987808	-0.2998648316054786	0.001230012300123	pat	3	198295559	8.5	189.795559		82.4	end_p	8.0	chr3p
chr3	9500000	0.0452874670677277	1.415327	0.2094564082709108	-0.1001742144630254	0.001230012300123	pat	3	198295559	9.5	188.795559		81.4	end_p	9.0	chr3p
chr3	10500000	0.0656184130800485	1.301732	0.288508292320194	0.1260599553193816	0.0015375153751537	pat	3	198295559	10.5	187.795559		80.4	end_p	10.0	chr3p
chr3	11500000	0.0863863049528783	1.033723	0.3662196798115132	0.3622601044599411	0.0019680196801968	pat	3	198295559	11.5	186.795559		79.4	end_p	11.0	chr3p
chr3	12500000	0.0749758336014646	0.881111	0.3175255544058584	0.3700858459523264	0.0017835178351783	pat	3	198295559	12.5	185.795559		78.4	end_p	12.0	chr3p
chr3	13500000	0.0907791807592291	0.91777	0.3814721230369164	0.433154337391105	0.0022140221402214	pat	3	198295559	13.5	184.795559		77.4	end_p	13.0	chr3p
chr3	14500000	0.070080725081142	0.805741	0.296437720324568	0.3794989526232039	0.0017220172201722	pat	3	198295559	14.5	183.795559		76.4	end_p	14.0	chr3p
chr3	15500000	0.0591461799940139	0.623548	0.2490556799760556	0.4159829929229299	0.0014760147601476	pat	3	198295559	15.5	182.795559		75.4	end_p	15.0	chr3p
chr3	16500000	0.020241513332778	0.34453	0.0878566533311119	0.200553008159462	0.000430504305043	pat	3	198295559	16.5	181.795559		74.4	end_p	16.0	chr3p
chr3	17500000	0.0135305948528055	0.498477	0.064091919411222	-0.1807622475049036	0.0002460024600246	pat	3	198295559	17.5	180.795559		73.4	end_p	17.0	chr3p
chr3	18500000	0.0167481182280994	0.588728	0.0787670329123976	-0.1579735892779842	0.0003075030750307	pat	3	198295559	18.5	179.795559		72.4	end_p	18.0	chr3p
chr3	19500000	0.011751612212514	0.576273	0.058531908850056	-0.3147094975718633	0.0002460024600246	pat	3	198295559	19.5	178.795559		71.4	end_p	19.0	chr3p
chr3	20500000	0.0119229261017831	0.583444	0.0593605844071324	-0.3137606093708766	0.0003690036900369	pat	3	198295559	20.5	177.795559		70.4	interior		
chr3	21500000	0.0119088525497074	0.569677	0.0590289501988296	-0.3034928087955411	0.000430504305043	pat	3	198295559	21.5	176.795559		69.4	interior		
chr3	22500000	0.0203949313293353	0.638015	0.0943400253173412	-0.1006641429629794	0.0007380073800738	pat	3	198295559	22.5	175.795559		68.4	interior		
chr3	23500000	0.0231816776677972	0.588291	0.1044925306711888	0.0036016780229379	0.0007380073800738	pat	3	198295559	23.5	174.795559		67.4	interior		
chr3	24500000	0.024129741712495	0.658332	0.10968560684998	-0.0325890996101284	0.0007380073800738	pat	3	198295559	24.5	173.795559		66.4	interior		
chr3	25500000	0.0157701723017934	0.644838	0.0759774492071735	-0.2306803610091283	0.0004920049200492	pat	3	198295559	25.5	172.795559		65.4	interior		
chr3	26500000	0.0178745430522971	0.597615	0.0834504722091884	-0.1334523388728923	0.0005535055350553	pat	3	198295559	26.5	171.795559		64.4	interior		
chr3	27500000	0.0190193154500865	0.496101	0.085999281800346	-0.0101304383997332	0.0005535055350553	pat	3	198295559	27.5	170.795559		63.400000000000006	interior		
chr3	28500000	0.0226575935126455	0.545353	0.1015374340505819	0.0300532762739665	0.0006765067650676	pat	3	198295559	28.5	169.795559		62.400000000000006	interior		
chr3	29500000	0.0203724772591226	0.572995	0.0929498090364903	-0.0477782222619347	0.0006150061500615	pat	3	198295559	29.5	168.795559		61.400000000000006	interior		
chr3	30500000	0.0221513362516975	0.682167	0.10224868500679	-0.0928883410359671	0.0006765067650676	pat	3	198295559	30.5	167.795559		60.400000000000006	interior		
chr3	31500000	0.0289311322434819	0.784905	0.1314226289739276	-0.0297819581774665	0.0007995079950799	pat	3	198295559	31.5	166.795559		59.400000000000006	interior		
chr3	32500000	0.0427476141962803	0.759534	0.1861811367851212	0.1798576722872554	0.0009840098400984	pat	3	198295559	32.5	165.795559		58.400000000000006	interior		
chr3	33500000	0.0321155602659534	0.625223	0.1409667010638136	0.1353125575850052	0.0007995079950799	pat	3	198295559	33.5	164.795559		57.400000000000006	interior		
chr3	34500000	0.0202125926924833	0.446176	0.0897738907699332	0.0731964647752698	0.0004920049200492	pat	3	198295559	34.5	163.795559		56.400000000000006	interior		
chr3	35500000	0.0122219765227625	0.564893	0.06018576609105	-0.2878027071072305	0.0002460024600246	pat	3	198295559	35.5	162.795559		55.400000000000006	interior		
chr3	36500000	0.0221226219863734	0.588107	0.1002526279454936	-0.0196201319210833	0.0005535055350553	pat	3	198295559	36.5	161.795559		54.400000000000006	interior		
chr3	37500000	0.0264749342641086	0.609948	0.1180986970564344	0.0518971331257753	0.0006150061500615	pat	3	198295559	37.5	160.795559		53.400000000000006	interior		
chr3	38500000	0.0346650433327584	0.562592	0.1499120133310336	0.2232937182669836	0.0008610086100861	pat	3	198295559	38.5	159.795559		52.400000000000006	interior		
chr3	39500000	0.0300799153954357	0.575117	0.1318220015817428	0.144162207267443	0.0006765067650676	pat	3	198295559	39.5	158.795559		51.400000000000006	interior		
chr3	40500000	0.0265023386719408	0.514434	0.1162980346877631	0.1367521377355027	0.0006150061500615	pat	3	198295559	40.5	157.795559		50.400000000000006	interior		
chr3	41500000	0.0198205140765495	0.548058	0.090243216306198	-0.0392801567192294	0.0003690036900369	pat	3	198295559	41.5	156.795559		49.400000000000006	interior		
chr3	42500000	0.0260256569433597	0.510141	0.1143054477734388	0.1319553192703875	0.0005535055350553	pat	3	198295559	42.5	155.795559		48.400000000000006	interior		
chr3	43500000	0.0496032372953679	0.518019	0.2087733291814716	0.4198859375947574	0.0009225092250922	pat	3	198295559	43.5	154.795559		47.400000000000006	interior		
chr3	44500000	0.0638369186664132	0.502393	0.2653955346656528	0.5291803007953003	0.001230012300123	pat	3	198295559	44.5	153.795559		46.400000000000006	interior		
chr3	45500000	0.0576814754425514	0.538617	0.2414982417702056	0.4648630063067195	0.001230012300123	pat	3	198295559	45.5	152.795559		45.400000000000006	interior		
chr3	46500000	0.0465656868610125	0.487581	0.19601436744405	0.4187994287298186	0.0008610086100861	pat	3	198295559	46.5	151.795559		44.400000000000006	interior		
chr3	47500000	0.0451488928241617	0.293793	0.1864714312966468	0.5941632289991572	0.0006150061500615	pat	3	198295559	47.5	150.795559		43.400000000000006	interior		
chr3	48500000	0.0341796011509953	0.129544	0.1393092846039811	0.7417396071539082	0.0003075030750307	pat	3	198295559	48.5	149.795559		42.400000000000006	interior		
chr3	49500000	0.0251013630530963	0.093442	0.1022742922123852	0.745755019865751	0.0001845018450184	pat	3	198295559	49.5	148.795559		41.400000000000006	interior		
chr3	50500000	0.0222355256582086	0.086634	0.0906747826328344	0.7354660825020682	0.0001230012300123	pat	3	198295559	50.5	147.795559		40.400000000000006	interior		
chr3	51500000	0.0241694015264947	0.141045	0.0994985061059788	0.6282596340700239	0.0001845018450184	pat	3	198295559	51.5	146.795559		39.400000000000006	interior		
chr3	52500000	0.0502328441687494	0.439224	0.2097158566749976	0.4902286095648167	0.0006765067650676	pat	3	198295559	52.5	145.795559		38.400000000000006	interior		
chr3	53500000	0.0622376180732273	1.002515	0.2690007722929092	0.2268610401089262	0.0012915129151291	pat	3	198295559	53.5	144.795559		37.400000000000006	interior		
chr3	54500000	0.0541873645393292	1.351752	0.2437844981573168	0.0121763214510141	0.0014145141451414	pat	3	198295559	54.5	143.795559		36.400000000000006	interior		
chr3	55500000	0.0332551322067618	1.445001	0.1619205488270472	-0.259242951579481	0.0011070110701107	pat	3	198295559	55.5	142.795559		35.400000000000006	interior		
chr3	56500000	0.018302966192614	0.939576	0.092003384770456	-0.3351789394189511	0.0005535055350553	pat	3	198295559	56.5	141.795559		34.400000000000006	interior		
chr3	57500000	0.0163313657561353	0.767195	0.0806693630245412	-0.2952384493527064	0.000430504305043	pat	3	198295559	57.5	140.795559		33.400000000000006	interior		
chr3	58500000	0.0202290844107727	0.757556	0.0960674576430908	-0.1886689071318167	0.0005535055350553	pat	3	198295559	58.5	139.795559		32.400000000000006	interior		
chr3	59500000	0.0282027987948135	1.362849	0.140068175179254	-0.3080814343620316	0.0009225092250922	pat	3	198295559	59.5	138.795559		31.400000000000006	interior		
chr3	60500000	0.0258039440506714	1.399028	0.1311963362026856	-0.3592037295347415	0.0008610086100861	pat	3	198295559	60.5	137.795559		30.400000000000006	interior		
chr3	61500000	0.0222969991186913	1.565236	0.1204927164747652	-0.4661486670864562	0.0006765067650676	pat	3	198295559	61.5	136.795559		29.400000000000006	interior		
chr3	62500000	0.0182541825156747	1.406698	0.1011506900626988	-0.5018468340629048	0.0005535055350553	pat	3	198295559	62.5	135.795559		28.400000000000006	interior		
chr3	63500000	0.0156618849947037	1.58532	0.0943539399788148	-0.5967756681105673	0.0005535055350553	pat	3	198295559	63.5	134.795559		27.400000000000006	interior		
chr3	64500000	0.0187566742301657	1.372005	0.1024667969206628	-0.4820933981600823	0.0007380073800738	pat	3	198295559	64.5	133.795559		26.400000000000006	interior		
chr3	65500000	0.020517342242152	1.174296	0.105555288968608	-0.3825516651853857	0.0007380073800738	pat	3	198295559	65.5	132.795559		25.400000000000006	interior		
chr3	66500000	0.0261807238833659	1.181521	0.1283533155334636	-0.2768208419107993	0.0008610086100861	pat	3	198295559	66.5	131.795559		24.400000000000006	interior		
chr3	67500000	0.024104346444522	1.051484	0.117447065778088	-0.2610653651503999	0.0007380073800738	pat	3	198295559	67.5	130.795559		23.400000000000006	interior		
chr3	68500000	0.0178602199542894	0.859436	0.0886295998171576	-0.3061745646174499	0.0004920049200492	pat	3	198295559	68.5	129.795559		22.400000000000006	interior		
chr3	69500000	0.024717000563859	0.670487	0.112277742255436	-0.0297163110389938	0.0006765067650676	pat	3	198295559	69.5	128.795559		21.400000000000006	interior		
chr3	70500000	0.0362776240957891	0.964541	0.1644013163831564	-0.0196916070672058	0.0009840098400984	pat	3	198295559	70.5	127.795559		20.400000000000006	interior		
chr3	71500000	0.0543299226288866	1.020596	0.2377316105155464	0.1527920580437454	0.001230012300123	pat	3	198295559	71.5	126.795559		19.400000000000006	interior		
chr3	72500000	0.0412967502455113	0.999528	0.1851775609820452	0.0272750046741196	0.0010455104551045	pat	3	198295559	72.5	125.795559		18.400000000000006	interior		
chr3	73500000	0.0237845012939525	0.688791	0.10891382517581	-0.0623394688025214	0.0006150061500615	pat	3	198295559	73.5	124.795559		17.400000000000006	interior		
chr3	74500000	0.0158703541809181	0.506912	0.0736196567236724	-0.1109521530044702	0.0002460024600246	pat	3	198295559	74.5	123.795559		16.400000000000006	interior		
chr3	75500000	0.0170004345767799	0.40113	0.0760243383071196	0.0399867885544581	0.0003075030750307	pat	3	198295559	75.5	122.795559		15.400000000000006	interior		
chr3	76500000	0.0236717001999365	0.320227	0.101091340799746	0.3078390825550337	0.0004920049200492	pat	3	198295559	76.5	121.795559		14.400000000000006	interior		
chr3	77500000	0.0232066497201794	0.428276	0.1013921188807176	0.1614420243788679	0.0006765067650676	pat	3	198295559	77.5	120.795559		13.400000000000006	interior		
chr3	78500000	0.0179610461666881	0.33473	0.0785387846667523	0.1566709014791728	0.000430504305043	pat	3	198295559	78.5	119.795559		12.400000000000006	interior		
chr3	79500000	0.0098576312726016	0.217008	0.0437706850904064	0.0745487279079119	0.0001845018450184	pat	3	198295559	79.5	118.795559		11.400000000000006	interior		
chr3	80500000	0.0115641372285412	0.202577	0.0503080889141648	0.1867096272618481	0.0002460024600246	pat	3	198295559	80.5	117.795559		10.400000000000006	interior		
chr3	81500000	0.0126361335812117	0.185792	0.0542603743248467	0.269660620214017	0.0003075030750307	pat	3	198295559	81.5	116.795559		9.400000000000006	other		
chr3	82500000	0.0204608784682403	0.192952	0.0857025538729611	0.460990274978408	0.0004920049200492	pat	3	198295559	82.5	115.795559		8.400000000000006	other		
chr3	83500000	0.0173167325584448	0.108818	0.0714432902337792	0.6053378317339879	0.000430504305043	pat	3	198295559	83.5	114.795559		7.400000000000006	other		
chr3	84500000	0.0172828171901701	0.109822	0.0713277087606804	0.601795510898661	0.000430504305043	pat	3	198295559	84.5	113.795559		6.400000000000006	other		
chr3	85500000	0.0120960640811728	0.106338	0.0505110163246911	0.4881739603940071	0.0003075030750307	pat	3	198295559	85.5	112.795559		5.400000000000006	other		
chr3	86500000	0.0144474404765515	0.105895	0.059907661906206	0.554299185746308	0.0003690036900369	pat	3	198295559	86.5	111.795559		4.400000000000006	other		
chr3	87500000	0.0124042537676088	0.097985	0.0515767150704352	0.5278384174593032	0.0003075030750307	pat	3	198295559	87.5	110.795559		3.4000000000000057	other		
chr3	88500000	0.0174399113763777	0.077976	0.0713191655055107	0.7022426946059883	0.000430504305043	pat	3	198295559	88.5	109.795559		2.4000000000000057	other		
chr3	89500000	0.0162823913456254	0.040909	0.0659477453825016	0.8210068085781294	0.0001845018450184	pat	3	198295559	89.5	108.795559		1.4000000000000057	other		
chr3	90500000	0.0289327086904922	0.011335	0.1159575347619688	0.9698087729243852	0.0001845018450184	pat	3	198295559	90.5	107.795559		0.4000000000000057	other		
chr3	91500000	0.0328852360282262	0.000943	0.1315598041129048	0.99775881322086	0.0	pat	3	198295559	91.5	106.795559		0.5999999999999943	other		
chr3	92500000	0.0341348835637588	0.001987	0.1365792742550352	0.995455712477456	0.0	pat	3	198295559	92.5	105.795559		1.5999999999999943	other		
chr3	93500000	0.0297372258141661	0.015375	0.1192564032566644	0.9603473720026188	0.0002460024600246	pat	3	198295559	93.5	104.795559		2.5999999999999943	other		
chr3	94500000	0.0154667712764188	0.024088	0.0623488451056752	0.8851399643115067	0.0002460024600246	pat	3	198295559	94.5	103.795559		3.5999999999999943	other		
chr3	95500000	0.0179231824895062	0.032822	0.0723491699580247	0.8662930390265129	0.0005535055350553	pat	3	198295559	95.5	102.795559		4.599999999999994	other		
chr3	96500000	0.0152859476005917	0.056706	0.0622779104023668	0.7465246997754211	0.0003690036900369	pat	3	198295559	96.5	101.795559		5.599999999999994	other		
chr3	97500000	0.0295065494029278	0.117568	0.1203775576117111	0.7302809618973535	0.0007995079950799	pat	3	198295559	97.5	100.795559		6.599999999999994	other		
chr3	98500000	0.0221291966479686	0.133216	0.0911811065918744	0.6187607021802023	0.0005535055350553	pat	3	198295559	98.5	99.795559		7.599999999999994	other		
chr3	99500000	0.0239590383188356	0.16292	0.0990945532753423	0.5797424113659252	0.0006765067650676	pat	3	198295559	99.5	98.795559		8.599999999999994	other		
chr3	100500000	0.0214433182110669	0.162012	0.0890135128442676	0.5437065724193317	0.0004920049200492	pat	3	198295559	100.5	97.795559		9.599999999999994	other		
chr3	101500000	0.0236771940844167	0.243109	0.0995709563376668	0.4268452049921497	0.0005535055350553	pat	3	198295559	101.5	96.795559		10.599999999999994	interior		
chr3	102500000	0.0146077296358425	0.273662	0.06390415854337	0.1541219646574619	0.0003690036900369	pat	3	198295559	102.5	95.795559		11.599999999999994	interior		
chr3	103500000	0.0079518884421258	0.297601	0.0377595737685032	-0.1883642105727846	0.0001845018450184	pat	3	198295559	103.5	94.795559		12.599999999999994	interior		
chr3	104500000	0.0134856720057111	0.325652	0.0604557280228444	0.0284230232995035	0.000430504305043	pat	3	198295559	104.5	93.795559		13.599999999999994	interior		
chr3	105500000	0.0181823954735995	0.348452	0.079698621894398	0.143020820881625	0.0005535055350553	pat	3	198295559	105.5	92.795559		14.599999999999994	interior		
chr3	106500000	0.0307150115559092	0.388717	0.1306343862236368	0.3376886877124295	0.0009225092250922	pat	3	198295559	106.5	91.795559		15.599999999999994	interior		
chr3	107500000	0.0273337020402864	0.376074	0.1168562881611456	0.3001629752074601	0.0008610086100861	pat	3	198295559	107.5	90.795559		16.599999999999994	interior		
chr3	108500000	0.0273104673117995	0.399087	0.117223609247198	0.2725133115799462	0.0009225092250922	pat	3	198295559	108.5	89.795559		17.599999999999994	interior		
chr3	109500000	0.0155981895170087	0.459288	0.0715785180680348	-0.070612145335399	0.0004920049200492	pat	3	198295559	109.5	88.795559		18.599999999999994	interior		
chr3	110500000	0.0182234815981828	0.489012	0.0826741663927312	-0.0243017988620594	0.0005535055350553	pat	3	198295559	110.5	87.795559		19.599999999999994	interior		
chr3	111500000	0.0211779419556783	0.45938	0.0938993678227132	0.081888872677685	0.0006150061500615	pat	3	198295559	111.5	86.795559		20.599999999999994	interior		
chr3	112500000	0.0338590249236834	0.569627	0.1468286396947336	0.2061464078688544	0.0009840098400984	pat	3	198295559	112.5	85.795559		21.599999999999994	interior		
chr3	113500000	0.0327366219908535	0.699417	0.1449348279634139	0.0894156323042552	0.0007995079950799	pat	3	198295559	113.5	84.795559		22.599999999999994	interior		
chr3	114500000	0.0397973811564423	1.106385	0.1813172246257692	-0.0419699374455177	0.0007995079950799	pat	3	198295559	114.5	83.795559		23.599999999999994	interior		
chr3	115500000	0.0226204754175746	1.1894	0.1142699016702984	-0.3457802228757298	0.0004920049200492	pat	3	198295559	115.5	82.795559		24.599999999999994	interior		
chr3	116500000	0.0227205295302047	1.2821	0.1165241181208188	-0.3764881037874239	0.0005535055350553	pat	3	198295559	116.5	81.795559		25.599999999999994	interior		
chr3	117500000	0.0135674928794239	0.966104	0.0735920515176956	-0.4717088312022193	0.0003075030750307	pat	3	198295559	117.5	80.795559		26.599999999999994	interior		
chr3	118500000	0.0153640590939038	0.75639	0.0765840363756152	-0.3164810751444653	0.000430504305043	pat	3	198295559	118.5	79.795559		27.599999999999994	interior		
chr3	119500000	0.012077173633671	0.502505	0.058358794534684	-0.2389052253153301	0.0003075030750307	pat	3	198295559	119.5	78.795559		28.599999999999994	interior		
chr3	120500000	0.0126817020716141	0.375982	0.0582464482864564	-0.0740234493560565	0.0003075030750307	pat	3	198295559	120.5	77.795559		29.599999999999994	interior		
chr3	121500000	0.0191859828800987	0.49753	0.0866945315203948	-0.0072063765130825	0.0005535055350553	pat	3	198295559	121.5	76.795559		30.599999999999994	interior		
chr3	122500000	0.0230056109472951	0.758925	0.1072009437891804	-0.1268637117919162	0.0006765067650676	pat	3	198295559	122.5	75.795559		31.599999999999994	interior		
chr3	123500000	0.0296780456463543	0.978631	0.1382848025854172	-0.1266582027824272	0.0008610086100861	pat	3	198295559	123.5	74.795559		32.599999999999994	interior		
chr3	124500000	0.0300283872202174	0.874341	0.1376003688808696	-0.065040247268199	0.0006765067650676	pat	3	198295559	124.5	73.795559		33.599999999999994	interior		
chr3	125500000	0.0283484662006344	0.656545	0.1265247648025376	0.0492823383198735	0.0006765067650676	pat	3	198295559	125.5	72.795559		34.599999999999994	interior		
chr3	126500000	0.0324507173416425	0.686704	0.14353694936657	0.094161275344252	0.0007995079950799	pat	3	198295559	126.5	71.795559		35.599999999999994	interior		
chr3	127500000	0.0270384595273983	0.576602	0.1196858781095931	0.0903385000486329	0.0006765067650676	pat	3	198295559	127.5	70.795559		36.599999999999994	interior		
chr3	128500000	0.0264570221095539	0.47516	0.1153312884382156	0.1746572462257984	0.0004920049200492	pat	3	198295559	128.5	69.795559		37.599999999999994	interior		
chr3	129500000	0.0175612761694289	0.278628	0.0758176646777156	0.2340224808526691	0.0001845018450184	pat	3	198295559	129.5	68.795559		38.599999999999994	interior		
chr3	130500000	0.0245970117141738	0.45053	0.1073986468566952	0.1651062988241958	0.0003690036900369	pat	3	198295559	130.5	67.795559		39.599999999999994	interior		
chr3	131500000	0.0160186476370609	0.771096	0.0794965105482436	-0.3063371786327278	0.0003075030750307	pat	3	198295559	131.5	66.795559		40.599999999999994	interior		
chr3	132500000	0.0254624690887169	1.133478	0.1245194363548675	-0.2704866345134357	0.0006765067650676	pat	3	198295559	132.5	65.795559		41.599999999999994	interior		
chr3	133500000	0.0189250319152544	1.136125	0.0984226276610175	-0.4027400112071935	0.0004920049200492	pat	3	198295559	133.5	64.795559		42.599999999999994	interior		
chr3	134500000	0.0346971264253382	1.065623	0.1601009657013528	-0.0915405694378442	0.0008610086100861	pat	3	198295559	134.5	63.795559		43.599999999999994	interior		
chr3	135500000	0.0307839349534717	0.624607	0.1356278798138868	0.1149561723201431	0.0006150061500615	pat	3	198295559	135.5	62.795559		44.599999999999994	interior		
chr3	136500000	0.0284845071436589	0.495219	0.1238424085746356	0.1903608597930208	0.0005535055350553	pat	3	198295559	136.5	61.795559		45.599999999999994	interior		
chr3	137500000	0.0219168338114547	0.312019	0.0939077152458188	0.2845508266377983	0.0003690036900369	pat	3	198295559	137.5	60.795559		46.599999999999994	interior		
chr3	138500000	0.0255956754385984	0.380973	0.1100021617543935	0.2639773684708018	0.0005535055350553	pat	3	198295559	138.5	59.795559		47.599999999999994	interior		
chr3	139500000	0.0288237192724169	0.439477	0.1240844170896676	0.2527404223098034	0.0006150061500615	pat	3	198295559	139.5	58.795559		48.599999999999994	interior		
chr3	140500000	0.0280443151524903	0.604765	0.1242725606099612	0.0848002945488271	0.0006765067650676	pat	3	198295559	140.5	57.795559		49.599999999999994	interior		
chr3	141500000	0.0338173652100991	0.640975	0.1480889608403964	0.1484190040124499	0.0008610086100861	pat	3	198295559	141.5	56.795559		50.599999999999994	interior		
chr3	142500000	0.0313365775152541	0.76604	0.1406671100610164	0.0223035695690718	0.0008610086100861	pat	3	198295559	142.5	55.795559		51.599999999999994	interior		
chr3	143500000	0.0242176052635977	0.653626	0.1099429410543908	-0.0271895787798242	0.0006765067650676	pat	3	198295559	143.5	54.795559		52.599999999999994	interior		
chr3	144500000	0.0116966601807763	0.625124	0.0592891207231052	-0.3529345410377597	0.0003075030750307	pat	3	198295559	144.5	53.795559		53.599999999999994	interior		
chr3	145500000	0.0093846909083886	0.430338	0.0461455236335544	-0.2841714460935843	0.0002460024600246	pat	3	198295559	145.5	52.795559		54.599999999999994	interior		
chr3	146500000	0.0117038242863604	0.493138	0.0566780571454416	-0.2448295956135321	0.0003075030750307	pat	3	198295559	146.5	51.795559		55.599999999999994	interior		
chr3	147500000	0.0217577602622332	0.655942	0.1001498810489328	-0.0823326957839731	0.0006765067650676	pat	3	198295559	147.5	50.795559		56.599999999999994	interior		
chr3	148500000	0.0279523319944573	0.766328	0.1271358879778292	-0.0350090598143766	0.0007995079950799	pat	3	198295559	148.5	49.795559		57.599999999999994	interior		
chr3	149500000	0.0329901082067788	0.746635	0.1468931328271152	0.0607721283534217	0.0009840098400984	pat	3	198295559	149.5	48.795559		58.599999999999994	interior		
chr3	150500000	0.0279688096295902	0.698292	0.1258410785183608	0.0117572050976977	0.0007995079950799	pat	3	198295559	150.5	47.795559		59.599999999999994	interior		
chr3	151500000	0.0282938785978484	0.609724	0.1253699943913936	0.0851443380241073	0.0007995079950799	pat	3	198295559	151.5	46.795559		60.599999999999994	interior		
chr3	152500000	0.0269645748670314	0.535284	0.1185639794681256	0.1257259030090615	0.0007995079950799	pat	3	198295559	152.5	45.795559		61.599999999999994	interior		
chr3	153500000	0.0249588958810739	0.406141	0.1079584035242956	0.2220357471757275	0.0006765067650676	pat	3	198295559	153.5	44.795559		62.599999999999994	interior		
chr3	154500000	0.0267105050606903	0.520688	0.1172557802427612	0.1346614675883423	0.0007380073800738	pat	3	198295559	154.5	43.795559		63.599999999999994	interior		
chr3	155500000	0.0349013812799347	0.549057	0.1505866651197388	0.2380382751253688	0.0008610086100861	pat	3	198295559	155.5	42.795559		64.6	interior		
chr3	156500000	0.0371415289679582	0.596694	0.1604999958718328	0.2281121684011171	0.0009840098400984	pat	3	198295559	156.5	41.795559		65.6	interior		
chr3	157500000	0.0285002167625931	0.420811	0.1224170870503724	0.2677099995426523	0.0007995079950799	pat	3	198295559	157.5	40.795559		66.6	interior		
chr3	158500000	0.0243283117577257	0.492105	0.1071553470309027	0.1164747359627553	0.0006765067650676	pat	3	198295559	158.5	39.795559		67.6	interior		
chr3	159500000	0.0208752161352291	0.469283	0.0928865245409164	0.0641216650244039	0.0004920049200492	pat	3	198295559	159.5	38.795559		68.6	interior		
chr3	160500000	0.0250244624038861	0.459193	0.1092817096155444	0.1642224072737612	0.0006150061500615	pat	3	198295559	160.5	37.795559		69.6	interior		
chr3	161500000	0.0159370233591659	0.255761	0.0688633134366636	0.2286193611694926	0.0004920049200492	pat	3	198295559	161.5	36.795559		70.6	interior		
chr3	162500000	0.011538581286431	0.191177	0.049977865145724	0.2134466527810961	0.000430504305043	pat	3	198295559	162.5	35.795559		71.6	interior		
chr3	163500000	0.0067443462761304	0.164213	0.0302616451045216	0.0242967668660607	0.0002460024600246	pat	3	198295559	163.5	34.795559		72.6	interior		
chr3	164500000	0.0048485039404241	0.209378	0.0235815757616964	-0.2563559154581072	6.150061500615006e-05	pat	3	198295559	164.5	33.795559		73.6	interior		
chr3	165500000	0.0073400647227402	0.202916	0.0334185788909607	-0.0391707178491046	0.0001230012300123	pat	3	198295559	165.5	32.795559		74.6	interior		
chr3	166500000	0.0105191478991252	0.268119	0.0474389715965008	0.0014145959138201	0.0001845018450184	pat	3	198295559	166.5	31.795559		75.6	interior		
chr3	167500000	0.0147892610487404	0.618496	0.0715269641949616	-0.2413086916724082	0.0003075030750307	pat	3	198295559	167.5	30.795559		76.6	interior		
chr3	168500000	0.0209548476695874	0.744785	0.0987150906783496	-0.1633545961788753	0.000430504305043	pat	3	198295559	168.5	29.795559		77.6	interior		
chr3	169500000	0.0218448496001085	0.756539	0.102510178400434	-0.1507062335718261	0.000430504305043	pat	3	198295559	169.5	28.795559		78.6	interior		
chr3	170500000	0.0175650510497482	0.701076	0.0842817241989928	-0.2192052624511168	0.0003690036900369	pat	3	198295559	170.5	27.795559		79.6	interior		
chr3	171500000	0.0137252425910543	0.962013	0.0741412303642172	-0.4655424434936734	0.0003075030750307	pat	3	198295559	171.5	26.795559		80.6	interior		
chr3	172500000	0.0235057312173453	1.219438	0.1184116848693812	-0.3398466117857856	0.0006150061500615	pat	3	198295559	172.5	25.795559		81.6	interior		
chr3	173500000	0.0248471212831468	0.957516	0.1185388051325872	-0.2024335705321796	0.0006765067650676	pat	3	198295559	173.5	24.795559		82.6	interior		
chr3	174500000	0.018984003980823	0.777271	0.091481435923292	-0.2313020889060399	0.0004920049200492	pat	3	198295559	174.5	23.795559		83.6	interior		
chr3	175500000	0.0072467888613478	0.66216	0.0422303554453912	-0.5628144359880145	0.0001230012300123	pat	3	198295559	175.5	22.795559		84.6	interior		
chr3	176500000	0.022873588231456	0.800664	0.107507632925824	-0.1559156217294611	0.0006765067650676	pat	3	198295559	176.5	21.795559		85.6	interior		
chr3	177500000	0.0274899624184469	0.735197	0.1246637896737875	-0.0226234669686961	0.0007380073800738	pat	3	198295559	177.5	20.795559		86.6	interior		
chr3	178500000	0.0404568342013823	0.693467	0.1756966768055292	0.1971806192141926	0.0009840098400984	pat	3	198295559	178.5	19.795559		87.6	end_q	19.0	chr3q
chr3	179500000	0.0186391223009025	0.578638	0.08612924920361	-0.0968709928788126	0.0003690036900369	pat	3	198295559	179.5	18.795559		88.6	end_q	18.0	chr3q
chr3	180500000	0.0265482423498121	0.831075	0.1228144693992484	-0.1010012360505829	0.0004920049200492	pat	3	198295559	180.5	17.795559		89.6	end_q	17.0	chr3q
chr3	181500000	0.0266945549634037	1.111493	0.1290080798536148	-0.2392406087425635	0.000430504305043	pat	3	198295559	181.5	16.795559		90.6	end_q	16.0	chr3q
chr3	182500000	0.0356260768265036	1.125742	0.1650191473060144	-0.1056328977178398	0.0007380073800738	pat	3	198295559	182.5	15.795559		91.6	end_q	15.0	chr3q
chr3	183500000	0.0370464894362725	1.004096	0.16826787774509	-0.0292948247076936	0.0009225092250922	pat	3	198295559	183.5	14.795559		92.6	end_q	14.0	chr3q
chr3	184500000	0.0460624710984288	0.730938	0.1988686443937152	0.2339521543146519	0.0010455104551045	pat	3	198295559	184.5	13.795559		93.6	end_q	13.0	chr3q
chr3	185500000	0.044829730861073	0.997218	0.199263283444292	0.0693709252277749	0.0010455104551045	pat	3	198295559	185.5	12.795559		94.6	end_q	12.0	chr3q
chr3	186500000	0.0312959592893748	1.219633	0.1495764971574992	-0.2078054841987324	0.0007995079950799	pat	3	198295559	186.5	11.795559		95.6	end_q	11.0	chr3q
chr3	187500000	0.0251399259317696	2.031591	0.1411915237270784	-0.5194068920140482	0.0006765067650676	pat	3	198295559	187.5	10.795559		96.6	end_q	10.0	chr3q
chr3	188500000	0.0147927079166094	2.107913	0.1013290916664376	-0.6958082232005365	0.0003690036900369	pat	3	198295559	188.5	9.795559		97.6	end_q	9.0	chr3q
chr3	189500000	0.020894621525284	2.221298	0.1280044461011359	-0.61233348526478	0.0006150061500615	pat	3	198295559	189.5	8.795559		98.6	end_q	8.0	chr3q
chr3	190500000	0.0214099896085148	1.622517	0.1180902984340591	-0.4955623819729083	0.0007380073800738	pat	3	198295559	190.5	7.795559		99.6	end_q	7.0	chr3q
chr3	191500000	0.0358087282951246	1.995582	0.1831465531804984	-0.371117284712875	0.001230012300123	pat	3	198295559	191.5	6.795559		100.6	end_q	6.0	chr3q
chr3	192500000	0.0334568871034357	2.109738	0.1760223084137428	-0.4231306067844714	0.0011685116851168	pat	3	198295559	192.5	5.795559		101.6	end_q	5.0	chr3q
chr3	193500000	0.0523535182239248	3.296862	0.2753513128956992	-0.4225745977314217	0.0017220172201722	pat	3	198295559	193.5	4.795559		102.6	end_q	4.0	chr3q
chr3	194500000	0.0727140326242834	3.221803	0.3552921904971336	-0.2683171807127241	0.0020910209102091	pat	3	198295559	194.5	3.795559		103.6	end_q	3.0	chr3q
chr3	195500000	0.1575092000616393	3.705619	0.7041491802465571	0.0414468295187593	0.0040590405904059	pat	3	198295559	195.5	2.795559		104.6	end_q	2.0	chr3q
chr3	196500000	0.2348157296543987	2.867111	0.9966051386175948	0.3534684477913835	0.0048585485854858	pat	3	198295559	196.5	1.795559		105.6	end_q	1.0	chr3q
chr3	197500000	0.2507187057697232	3.150158	1.065877983078893	0.3408847924513581	0.0039360393603936	pat	3	198295559	197.5	0.795559		106.6	end_q	0.0	chr3q
chr4	500000	0.2708318179486926	1.921933	1.1217659317947704	0.5654012269546465	0.003690036900369	pat	4	190214555	0.5	189.714555		49.5	end_p	0.0	chr4p
chr4	1500000	0.2290129890781159	1.747136	0.9509946763124636	0.5402823293120532	0.0041820418204182	pat	4	190214555	1.5	188.714555		48.5	end_p	1.0	chr4p
chr4	2500000	0.1955304499974381	2.106439	0.8242505799897524	0.4070017689509099	0.0033825338253382	pat	4	190214555	2.5	187.714555		47.5	end_p	2.0	chr4p
chr4	3500000	0.0924192551792559	1.96232	0.4089234207170236	0.0924926432172128	0.0020295202952029	pat	4	190214555	3.5	186.714555		46.5	end_p	3.0	chr4p
chr4	4500000	0.0755433690375668	3.174423	0.3656619361502672	-0.2435604946324881	0.0020295202952029	pat	4	190214555	4.5	185.714555		45.5	end_p	4.0	chr4p
chr4	5500000	0.0615790616998753	3.731133	0.3209389067995012	-0.4066085131980446	0.0018450184501845	pat	4	190214555	5.5	184.714555		44.5	end_p	5.0	chr4p
chr4	6500000	0.0483492865230148	3.74137	0.2682245460920592	-0.5033974439982369	0.001660516605166	pat	4	190214555	6.5	183.714555		43.5	end_p	6.0	chr4p
chr4	7500000	0.051948151189989	2.641587	0.260624344759956	-0.3309663255333651	0.001660516605166	pat	4	190214555	7.5	182.714555		42.5	end_p	7.0	chr4p
chr4	8500000	0.042899554227836	1.296779	0.1975337969113439	-0.083661210053484	0.0010455104551045	pat	4	190214555	8.5	181.714555		41.5	end_p	8.0	chr4p
chr4	9500000	0.0300110757372113	0.911196	0.1382682229488452	-0.0858524419826189	0.0007380073800738	pat	4	190214555	9.5	180.714555		40.5	end_p	9.0	chr4p
chr4	10500000	0.0266180135756053	0.618617	0.1188443943024211	0.0475464958927597	0.0007380073800738	pat	4	190214555	10.5	179.714555		39.5	end_p	10.0	chr4p
chr4	11500000	0.020017622122029	0.726904	0.094608568488116	-0.1737775854338526	0.0007380073800738	pat	4	190214555	11.5	178.714555		38.5	end_p	11.0	chr4p
chr4	12500000	0.0201103134524865	0.974146	0.099924173809946	-0.3091748137960455	0.0006765067650676	pat	4	190214555	12.5	177.714555		37.5	end_p	12.0	chr4p
chr4	13500000	0.0097670596629378	0.970344	0.0584751186517512	-0.5907296935717348	0.0003690036900369	pat	4	190214555	13.5	176.714555		36.5	end_p	13.0	chr4p
chr4	14500000	0.0225109866788755	1.05358	0.111115546715502	-0.2935452269228731	0.0007995079950799	pat	4	190214555	14.5	175.714555		35.5	end_p	14.0	chr4p
chr4	15500000	0.0267278921388732	1.073485	0.1283812685554928	-0.2221794208589864	0.0009840098400984	pat	4	190214555	15.5	174.714555		34.5	end_p	15.0	chr4p
chr4	16500000	0.0315163240671728	1.155217	0.1491696362686912	-0.1783108016499423	0.0009840098400984	pat	4	190214555	16.5	173.714555		33.5	end_p	16.0	chr4p
chr4	17500000	0.025867847171314	1.274731	0.128966008685256	-0.3169145157906421	0.0007995079950799	pat	4	190214555	17.5	172.714555		32.5	end_p	17.0	chr4p
chr4	18500000	0.0220862027829956	0.978116	0.1079071311319824	-0.2680912589198551	0.0006765067650676	pat	4	190214555	18.5	171.714555		31.5	end_p	18.0	chr4p
chr4	19500000	0.0307355978421861	1.176435	0.1464710913687444	-0.199181186250965	0.0009840098400984	pat	4	190214555	19.5	170.714555		30.5	end_p	19.0	chr4p
chr4	20500000	0.0254858036774644	1.284135	0.1276259147098576	-0.3268773918955601	0.0008610086100861	pat	4	190214555	20.5	169.714555		29.5	interior		
chr4	21500000	0.0316370365394582	1.578854	0.1581252261578328	-0.3225867111495462	0.0009840098400984	pat	4	190214555	21.5	168.714555		28.5	interior		
chr4	22500000	0.0324123178132136	1.394609	0.1575414512528543	-0.2546546369950863	0.0009225092250922	pat	4	190214555	22.5	167.714555		27.5	interior		
chr4	23500000	0.0429371081821528	1.458022	0.2009088727286112	-0.1410711703322717	0.0011070110701107	pat	4	190214555	23.5	166.714555		26.5	interior		
chr4	24500000	0.0419008692219067	1.325884	0.1941211568876268	-0.1063291515277457	0.0011685116851168	pat	4	190214555	24.5	165.714555		25.5	interior		
chr4	25500000	0.0321725522604036	1.110728	0.1509047690416144	-0.1491756136038866	0.0009225092250922	pat	4	190214555	25.5	164.714555		24.5	interior		
chr4	26500000	0.0242058443642153	0.776037	0.1123441174568612	-0.1127896279356027	0.0006765067650676	pat	4	190214555	26.5	163.714555		23.5	interior		
chr4	27500000	0.0194000359606822	0.69169	0.0914339438427288	-0.1648810358900292	0.0005535055350553	pat	4	190214555	27.5	162.714555		22.5	interior		
chr4	28500000	0.0135985104363945	0.704595	0.068485941745578	-0.3392989030259188	0.000430504305043	pat	4	190214555	28.5	161.714555		21.5	interior		
chr4	29500000	0.0155124720072599	0.619545	0.0744407880290396	-0.2195079068842473	0.0004920049200492	pat	4	190214555	29.5	160.714555		20.5	interior		
chr4	30500000	0.0115638488106817	0.70127	0.0602807952427268	-0.4069689905437826	0.0003075030750307	pat	4	190214555	30.5	159.714555		19.5	interior		
chr4	31500000	0.014046726758977	0.647751	0.069141927035908	-0.2867551016170424	0.000430504305043	pat	4	190214555	31.5	158.714555		18.5	interior		
chr4	32500000	0.017291904874387	0.589399	0.080955599497548	-0.1429158864565513	0.000430504305043	pat	4	190214555	32.5	157.714555		17.5	interior		
chr4	33500000	0.0183422599984891	0.324753	0.0798640999939564	0.181567206546707	0.000430504305043	pat	4	190214555	33.5	156.714555		16.5	interior		
chr4	34500000	0.0137678082809956	0.312711	0.0613254531239823	0.0589897289575207	0.0003075030750307	pat	4	190214555	34.5	155.714555		15.5	interior		
chr4	35500000	0.0082969274387813	0.413981	0.0414673297551252	-0.3225010349750241	0.0002460024600246	pat	4	190214555	35.5	154.714555		14.5	interior		
chr4	36500000	0.0107848762815903	0.526225	0.0536640051263612	-0.3124521771968325	0.0003690036900369	pat	4	190214555	36.5	153.714555		13.5	interior		
chr4	37500000	0.0249629695425429	0.733009	0.1145120581701716	-0.0692398178603751	0.0009225092250922	pat	4	190214555	37.5	152.714555		12.5	interior		
chr4	38500000	0.032779143074316	0.618474	0.143486052297264	0.1506447465721201	0.0010455104551045	pat	4	190214555	38.5	151.714555		11.5	interior		
chr4	39500000	0.055602333482383	0.634521	0.235099753929532	0.3826912198621145	0.0014760147601476	pat	4	190214555	39.5	150.714555		10.5	interior		
chr4	40500000	0.0346488197470624	0.465017	0.1478956189882496	0.3114282652940567	0.0009225092250922	pat	4	190214555	40.5	149.714555		9.5	other		
chr4	41500000	0.0285895194511392	0.46036	0.1235652778045568	0.2270217717356644	0.0008610086100861	pat	4	190214555	41.5	148.714555		8.5	other		
chr4	42500000	0.0096341036579811	0.28191	0.0441746146319244	-0.0675050319920155	0.0001845018450184	pat	4	190214555	42.5	147.714555		7.5	other		
chr4	43500000	0.0087719679889202	0.136422	0.0378163119556808	0.2434474740461654	0.0001845018450184	pat	4	190214555	43.5	146.714555		6.5	other		
chr4	44500000	0.0070463346745033	0.10192	0.0302237386980132	0.2772412569160036	6.150061500615006e-05	pat	4	190214555	44.5	145.714555		5.5	other		
chr4	45500000	0.0090959947579608	0.083771	0.0380593990318431	0.4702607708881783	0.0001230012300123	pat	4	190214555	45.5	144.714555		4.5	other		
chr4	46500000	0.0152931930753279	0.071745	0.0626076723013116	0.6898535563320816	0.0003075030750307	pat	4	190214555	46.5	143.714555		3.5	other		
chr4	47500000	0.0241134505779064	0.05872	0.0976282023116256	0.8260356697106811	0.0005535055350553	pat	4	190214555	47.5	142.714555		2.5	other		
chr4	48500000	0.0294806355895956	0.045705	0.1188366423583824	0.8856311182896516	0.0004920049200492	pat	4	190214555	48.5	141.714555		1.5	other		
chr4	49500000	0.0329287203503047	0.021492	0.1321447214012187	0.950202677351394	0.0002460024600246	pat	4	190214555	49.5	140.714555		0.5	other		
chr4	50500000	0.028004854099951	0.000908	0.112037576399804	0.99746629376108	0.0	pat	4	190214555	50.5	139.714555		0.5	other		
chr4	51500000	0.0201636817147657	0.011668	0.0808880868590628	0.955724992854043	6.150061500615006e-05	pat	4	190214555	51.5	138.714555		1.5	other		
chr4	52500000	0.0168460015118779	0.039022	0.0681644460475116	0.8338147699104768	0.0001845018450184	pat	4	190214555	52.5	137.714555		2.5	other		
chr4	53500000	0.0235599305085296	0.085218	0.0959440820341184	0.7520680133068592	0.0005535055350553	pat	4	190214555	53.5	136.714555		3.5	other		
chr4	54500000	0.0243005005568143	0.130672	0.0998154422272571	0.652382142374325	0.0006765067650676	pat	4	190214555	54.5	135.714555		4.5	other		
chr4	55500000	0.0471773669079771	0.244008	0.1935896276319084	0.663414684053056	0.0012915129151291	pat	4	190214555	55.5	134.714555		5.5	other		
chr4	56500000	0.0462605116514635	0.288579	0.190813626605854	0.6076526089366713	0.0014145141451414	pat	4	190214555	56.5	133.714555		6.5	other		
chr4	57500000	0.0356539802639313	0.272729	0.1480705010557252	0.5393386782685303	0.0012915129151291	pat	4	190214555	57.5	132.714555		7.5	other		
chr4	58500000	0.0171523189275615	0.191119	0.072431655710246	0.3928367223569386	0.0006150061500615	pat	4	190214555	58.5	131.714555		8.5	other		
chr4	59500000	0.0059813557910129	0.131848	0.0265623831640516	0.0738952651124695	0.0001230012300123	pat	4	190214555	59.5	130.714555		9.5	other		
chr4	60500000	0.0090881462158773	0.217222	0.0406970248635092	0.0335443989927114	0.0001845018450184	pat	4	190214555	60.5	129.714555		10.5	interior		
chr4	61500000	0.0169205806123031	0.201796	0.0717182424492124	0.3637215018227503	0.0004920049200492	pat	4	190214555	61.5	128.714555		11.5	interior		
chr4	62500000	0.0174162529590055	0.208641	0.073837831836022	0.3617742557192783	0.0004920049200492	pat	4	190214555	62.5	127.714555		12.5	interior		
chr4	63500000	0.0145061650703653	0.11209	0.0602664602814612	0.5357441451071283	0.000430504305043	pat	4	190214555	63.5	126.714555		13.5	interior		
chr4	64500000	0.0066418543550029	0.143105	0.0294295174200116	0.0852304519116082	0.0001230012300123	pat	4	190214555	64.5	125.714555		14.5	interior		
chr4	65500000	0.0101460126418611	0.197322	0.0445304905674444	0.1358090640597164	0.0002460024600246	pat	4	190214555	65.5	124.714555		15.5	interior		
chr4	66500000	0.0137766108656489	0.320443	0.0615153034625956	0.047130444644607	0.000430504305043	pat	4	190214555	66.5	123.714555		16.5	interior		
chr4	67500000	0.0171593802477823	0.325211	0.0751417409911292	0.1484614454174776	0.0003690036900369	pat	4	190214555	67.5	122.714555		17.5	interior		
chr4	68500000	0.0141811723567131	0.343621	0.0635971094268524	0.0267130374187107	0.0002460024600246	pat	4	190214555	68.5	121.714555		18.5	interior		
chr4	69500000	0.0098924890868221	0.348483	0.0465396163472884	-0.1590144133206627	6.150061500615006e-05	pat	4	190214555	69.5	120.714555		19.5	interior		
chr4	70500000	0.0093093243284431	0.495642	0.0471501373137724	-0.3512660175340037	0.0001230012300123	pat	4	190214555	70.5	119.714555		20.5	interior		
chr4	71500000	0.0113029720160726	0.613864	0.0574891680642904	-0.3599447291106804	0.0001845018450184	pat	4	190214555	71.5	118.714555		21.5	interior		
chr4	72500000	0.0174990380669538	0.598439	0.0819649322678152	-0.1445385481069067	0.0003075030750307	pat	4	190214555	72.5	117.714555		22.5	interior		
chr4	73500000	0.0414648605829779	0.711939	0.1800982223319116	0.1963741893423513	0.0009225092250922	pat	4	190214555	73.5	116.714555		23.5	interior		
chr4	74500000	0.0367725522866706	0.597914	0.1590484891466823	0.2224040438795878	0.0009225092250922	pat	4	190214555	74.5	115.714555		24.5	interior		
chr4	75500000	0.041447824957586	0.631284	0.178416979830344	0.2532394557851239	0.0011685116851168	pat	4	190214555	75.5	114.714555		25.5	interior		
chr4	76500000	0.0258046871852764	0.431619	0.1118511287411056	0.2089162782134698	0.0008610086100861	pat	4	190214555	76.5	113.714555		26.5	interior		
chr4	77500000	0.0358900166141918	0.48682	0.1532964664567672	0.3066231179930382	0.001230012300123	pat	4	190214555	77.5	112.714555		27.5	interior		
chr4	78500000	0.0282018618832928	0.48956	0.1225986475331712	0.1910935650457099	0.0009225092250922	pat	4	190214555	78.5	111.714555		28.5	interior		
chr4	79500000	0.0235832773236116	0.629619	0.1069254892944464	-0.0217536185998471	0.0006150061500615	pat	4	190214555	79.5	110.714555		29.5	interior		
chr4	80500000	0.0178309341446528	0.682903	0.0849817965786112	-0.1994671404094902	0.0003690036900369	pat	4	190214555	80.5	109.714555		30.5	interior		
chr4	81500000	0.0255832169319105	0.736776	0.117068387727642	-0.0595716125554882	0.0006150061500615	pat	4	190214555	81.5	108.714555		31.5	interior		
chr4	82500000	0.0348907024396623	0.763678	0.1548363697586492	0.0774133267545908	0.0009840098400984	pat	4	190214555	82.5	107.714555		32.5	interior		
chr4	83500000	0.0361600513908189	0.775167	0.1601435455632756	0.0877434607948524	0.0009225092250922	pat	4	190214555	83.5	106.714555		33.5	interior		
chr4	84500000	0.0309523871094774	0.890049	0.1416105284379096	-0.0588137922003763	0.0007995079950799	pat	4	190214555	84.5	105.714555		34.5	interior		
chr4	85500000	0.0281822023463186	0.856645	0.1298617093852744	-0.0864189193050621	0.0006765067650676	pat	4	190214555	85.5	104.714555		35.5	interior		
chr4	86500000	0.023133228381452	0.783695	0.108206813525808	-0.1399195181462596	0.0006765067650676	pat	4	190214555	86.5	103.714555		36.5	interior		
chr4	87500000	0.0214105732487333	0.717249	0.0999872729949332	-0.134419165501006	0.0005535055350553	pat	4	190214555	87.5	102.714555		37.5	interior		
chr4	88500000	0.0160249117137626	0.848362	0.0810668868550504	-0.3487764013459126	0.000430504305043	pat	4	190214555	88.5	101.714555		38.5	interior		
chr4	89500000	0.0167306261552206	0.972593	0.0863743646208824	-0.3891779857508944	0.0004920049200492	pat	4	190214555	89.5	100.714555		39.5	interior		
chr4	90500000	0.0192808399812052	0.787595	0.0928752599248208	-0.2302037629418923	0.0006150061500615	pat	4	190214555	90.5	99.714555		40.5	interior		
chr4	91500000	0.0167886380047651	0.425921	0.0756729720190604	0.0037556648336084	0.000430504305043	pat	4	190214555	91.5	98.714555		41.5	interior		
chr4	92500000	0.0183152390008886	0.403251	0.0813259760035544	0.0744803915910373	0.0003690036900369	pat	4	190214555	92.5	97.714555		42.5	interior		
chr4	93500000	0.0221697467437986	0.51526	0.0989841869751944	0.0475241091700665	0.0005535055350553	pat	4	190214555	93.5	96.714555		43.5	interior		
chr4	94500000	0.0209303164300934	0.712886	0.0979789857203736	-0.1425524237911288	0.0006765067650676	pat	4	190214555	94.5	95.714555		44.5	interior		
chr4	95500000	0.0179818235352835	0.5307	0.082541294141134	-0.0717627010790033	0.0006150061500615	pat	4	190214555	95.5	94.714555		45.5	interior		
chr4	96500000	0.0086490401650471	0.342468	0.0414455206601884	-0.2154059532719824	0.0001845018450184	pat	4	190214555	96.5	93.714555		46.5	interior		
chr4	97500000	0.0100156368399024	0.2628	0.0453185473596096	-0.0130906677746629	0.0001845018450184	pat	4	190214555	97.5	92.714555		47.5	interior		
chr4	98500000	0.0146076690805654	0.254903	0.0635287363222616	0.1885788871779936	0.0003690036900369	pat	4	190214555	98.5	91.714555		48.5	interior		
chr4	99500000	0.0221997212565153	0.388087	0.0965606250260612	0.1877042828209704	0.0006765067650676	pat	4	190214555	99.5	90.714555		49.5	interior		
chr4	100500000	0.0270003530358129	0.399735	0.1159961121432515	0.2664656932479847	0.0007995079950799	pat	4	190214555	100.5	89.714555		50.5	interior		
chr4	101500000	0.0272497006646824	0.462143	0.1182416626587296	0.2022865671047192	0.0007380073800738	pat	4	190214555	101.5	88.714555		51.5	interior		
chr4	102500000	0.0253633165378431	0.48028	0.1110588661513723	0.1488838268982419	0.0006150061500615	pat	4	190214555	102.5	87.714555		52.5	interior		
chr4	103500000	0.0301819662244264	0.45018	0.1297314648977056	0.2630012882057383	0.0007380073800738	pat	4	190214555	103.5	86.714555		53.5	interior		
chr4	104500000	0.0263929480959028	0.483924	0.1152502723836112	0.1646046600422249	0.0006765067650676	pat	4	190214555	104.5	85.714555		54.5	interior		
chr4	105500000	0.0242812955787002	0.40537	0.1052325823148008	0.2098213835257129	0.0006150061500615	pat	4	190214555	105.5	84.714555		55.5	interior		
chr4	106500000	0.0174815085932202	0.50296	0.0799852343728808	-0.0590831431159668	0.000430504305043	pat	4	190214555	106.5	83.714555		56.5	interior		
chr4	107500000	0.0249607320575952	0.573153	0.1113059882303807	0.0535557461178619	0.0006150061500615	pat	4	190214555	107.5	82.714555		57.5	interior		
chr4	108500000	0.0268766928860961	0.770557	0.1229179115443844	-0.0573326849567498	0.0006765067650676	pat	4	190214555	108.5	81.714555		58.5	interior		
chr4	109500000	0.0305283443952888	0.868881	0.1394909975811552	-0.0536921654618948	0.0007995079950799	pat	4	190214555	109.5	80.714555		59.5	interior		
chr4	110500000	0.0243407771302539	0.852199	0.1144070885210156	-0.1560173658714107	0.0006150061500615	pat	4	190214555	110.5	79.714555		60.5	interior		
chr4	111500000	0.0278004307269947	0.81162	0.1274341229079788	-0.0663612457253136	0.0006765067650676	pat	4	190214555	111.5	78.714555		61.5	interior		
chr4	112500000	0.0316133840644505	0.772033	0.141894196257802	0.0228041366903103	0.0007995079950799	pat	4	190214555	112.5	77.714555		62.5	interior		
chr4	113500000	0.0406227198554624	0.728028	0.1770514394218496	0.175683743079416	0.0009840098400984	pat	4	190214555	113.5	76.714555		63.5	interior		
chr4	114500000	0.0300878060497679	0.555213	0.1314554841990716	0.1614893257812649	0.0008610086100861	pat	4	190214555	114.5	75.714555		64.5	interior		
chr4	115500000	0.0165153928997945	0.331395	0.072689471599178	0.1204349589445695	0.000430504305043	pat	4	190214555	115.5	74.714555		65.5	interior		
chr4	116500000	0.0084917511582377	0.221194	0.0383908846329507	-0.0094407217589797	0.0001845018450184	pat	4	190214555	116.5	73.714555		66.5	interior		
chr4	117500000	0.0160680611063876	0.257284	0.0694179244255504	0.2296859899251618	0.000430504305043	pat	4	190214555	117.5	72.714555		67.5	interior		
chr4	118500000	0.0200936288764634	0.267939	0.0857332955058536	0.3143392389790288	0.0005535055350553	pat	4	190214555	118.5	71.714555		68.5	interior		
chr4	119500000	0.0198016832290094	0.371688	0.0866404929160375	0.1531724745076552	0.0005535055350553	pat	4	190214555	119.5	70.714555		69.5	interior		
chr4	120500000	0.0182625109204983	0.53951	0.0838402436819931	-0.0722479219160757	0.0005535055350553	pat	4	190214555	120.5	69.714555		70.5	interior		
chr4	121500000	0.0180750266064357	0.550977	0.0833196464257428	-0.087822625959751	0.0004920049200492	pat	4	190214555	121.5	68.714555		71.5	interior		
chr4	122500000	0.0224530042721716	0.500861	0.0998292370886864	0.0679743706080037	0.0006150061500615	pat	4	190214555	122.5	67.714555		72.5	interior		
chr4	123500000	0.0135992995592868	0.354899	0.0614951782371472	-0.0103756545753233	0.0003075030750307	pat	4	190214555	123.5	66.714555		73.5	interior		
chr4	124500000	0.0104808226661756	0.418413	0.0502915506647023	-0.2193084050431529	0.0002460024600246	pat	4	190214555	124.5	65.714555		74.5	interior		
chr4	125500000	0.0170826472937408	0.404372	0.0764180291749632	0.0383765552335464	0.0005535055350553	pat	4	190214555	125.5	64.714555		75.5	interior		
chr4	126500000	0.0205974165192209	0.293308	0.0882558260768835	0.2844366235801102	0.0006150061500615	pat	4	190214555	126.5	63.714555		76.5	interior		
chr4	127500000	0.0250932010755818	0.29039	0.1061806043023272	0.3767078611246055	0.0006765067650676	pat	4	190214555	127.5	62.714555		77.5	interior		
chr4	128500000	0.0196933837977013	0.246825	0.0837100351908052	0.3419799820701366	0.000430504305043	pat	4	190214555	128.5	61.714555		78.5	interior		
chr4	129500000	0.0173924519796992	0.325899	0.0760877879187968	0.1540203128107273	0.000430504305043	pat	4	190214555	129.5	60.714555		79.5	interior		
chr4	130500000	0.0198145303502785	0.193042	0.083118961401114	0.4480719800281463	0.0004920049200492	pat	4	190214555	130.5	59.714555		80.5	interior		
chr4	131500000	0.0142682817334584	0.161852	0.0603101669338336	0.3852497226983468	0.000430504305043	pat	4	190214555	131.5	58.714555		81.5	interior		
chr4	132500000	0.0150236485639871	0.143496	0.0629645142559484	0.4559533810622967	0.000430504305043	pat	4	190214555	132.5	57.714555		82.5	interior		
chr4	133500000	0.0114927959001941	0.164608	0.0492633436007764	0.281774162677752	0.0003690036900369	pat	4	190214555	133.5	56.714555		83.5	interior		
chr4	134500000	0.0091652291927464	0.175879	0.0401784967709855	0.142368025723442	0.0001845018450184	pat	4	190214555	134.5	55.714555		84.5	interior		
chr4	135500000	0.0094951552832879	0.299	0.0439606211331516	-0.1039229229021539	0.0001845018450184	pat	4	190214555	135.5	54.714555		85.5	interior		
chr4	136500000	0.0101425996912512	0.421647	0.0490033387650048	-0.2384977127999479	0.0002460024600246	pat	4	190214555	136.5	53.714555		86.5	interior		
chr4	137500000	0.0153954128066649	0.800317	0.0775879912266596	-0.3407472561940011	0.000430504305043	pat	4	190214555	137.5	52.714555		87.5	interior		
chr4	138500000	0.0216438916890627	0.80953	0.1027661667562508	-0.188068247221079	0.0006150061500615	pat	4	190214555	138.5	51.714555		88.5	interior		
chr4	139500000	0.0304996140517652	1.016324	0.1423249362070608	-0.131813798011221	0.0007380073800738	pat	4	190214555	139.5	50.714555		89.5	interior		
chr4	140500000	0.0317813842388457	0.862904	0.1443836169553828	-0.0301707545812756	0.0007380073800738	pat	4	190214555	140.5	49.714555		90.5	interior		
chr4	141500000	0.0249144652635796	0.791795	0.1154937610543184	-0.1084671212583448	0.0005535055350553	pat	4	190214555	141.5	48.714555		91.5	interior		
chr4	142500000	0.0182803920389777	0.497155	0.0830646681559107	-0.0309950371577028	0.0003690036900369	pat	4	190214555	142.5	47.714555		92.5	interior		
chr4	143500000	0.0210535170280267	0.377214	0.0917583481121068	0.1758130986567822	0.000430504305043	pat	4	190214555	143.5	46.714555		93.5	interior		
chr4	144500000	0.0247300023413521	0.660638	0.1121327693654084	-0.0220594002334753	0.0004920049200492	pat	4	190214555	144.5	45.714555		94.5	interior		
chr4	145500000	0.0324481394945695	0.727337	0.144339297978278	0.0655638561183857	0.0006765067650676	pat	4	190214555	145.5	44.714555		95.5	interior		
chr4	146500000	0.025543897485443	0.698785	0.116151289941772	-0.0339278583033899	0.0004920049200492	pat	4	190214555	146.5	43.714555		96.5	interior		
chr4	147500000	0.0315474789513944	0.558688	0.1373636758055776	0.1814510187517939	0.0007995079950799	pat	4	190214555	147.5	42.714555		97.5	interior		
chr4	148500000	0.0278071341354456	0.615407	0.1235366765417824	0.0719114929644441	0.0006765067650676	pat	4	190214555	148.5	41.714555		98.5	interior		
chr4	149500000	0.0424551146297323	0.619893	0.1822183185189292	0.2728881474156709	0.0009840098400984	pat	4	190214555	149.5	40.714555		99.5	interior		
chr4	150500000	0.028887570165206	0.455811	0.1246665006608239	0.236627016483926	0.0006150061500615	pat	4	190214555	150.5	39.714555		100.5	interior		
chr4	151500000	0.0321321104454701	0.493827	0.1384049817818803	0.2490190616566955	0.0006765067650676	pat	4	190214555	151.5	38.714555		101.5	interior		
chr4	152500000	0.0175973147218072	0.6598	0.0835852588872288	-0.1892544117248056	0.0003690036900369	pat	4	190214555	152.5	37.714555		102.5	interior		
chr4	153500000	0.0245890462535275	0.703353	0.11242324501411	-0.0561882219657803	0.0006150061500615	pat	4	190214555	153.5	36.714555		103.5	interior		
chr4	154500000	0.0213932047021534	0.751575	0.1006043188086136	-0.1576904723367485	0.0006150061500615	pat	4	190214555	154.5	35.714555		104.5	interior		
chr4	155500000	0.0248695648355445	0.573782	0.1109538993421779	0.0511842947893432	0.0007380073800738	pat	4	190214555	155.5	34.714555		105.5	interior		
chr4	156500000	0.0268989744286081	0.535566	0.1183072177144324	0.1242678033315431	0.0008610086100861	pat	4	190214555	156.5	33.714555		106.5	interior		
chr4	157500000	0.0343539801084042	0.368183	0.1447795804336168	0.4091586993747698	0.0009840098400984	pat	4	190214555	157.5	32.714555		107.5	interior		
chr4	158500000	0.0353698756488133	0.453693	0.1505533625952531	0.3317125500673028	0.0009225092250922	pat	4	190214555	158.5	31.714555		108.5	interior		
chr4	159500000	0.0201862649552552	0.389456	0.0885341798210208	0.1397368872176639	0.0004920049200492	pat	4	190214555	159.5	30.714555		109.5	interior		
chr4	160500000	0.0225159368502141	0.427746	0.0986186674008564	0.1472989493434782	0.0007380073800738	pat	4	190214555	160.5	29.714555		110.5	interior		
chr4	161500000	0.0225341634511946	0.435347	0.0988435938047783	0.1390689212831938	0.0008610086100861	pat	4	190214555	161.5	28.714555		111.5	interior		
chr4	162500000	0.0253232523823156	0.584272	0.1129784495292624	0.0511649383464033	0.0008610086100861	pat	4	190214555	162.5	27.714555		112.5	interior		
chr4	163500000	0.0175873612859929	0.583738	0.0820242051439716	-0.1298668450987152	0.0005535055350553	pat	4	190214555	163.5	26.714555		113.5	interior		
chr4	164500000	0.0214656264048709	0.545479	0.0967720856194836	0.00292572955433	0.0006150061500615	pat	4	190214555	164.5	25.714555		114.5	interior		
chr4	165500000	0.0224564254800835	0.608585	0.1019974019203339	-0.0292401147393035	0.0006765067650676	pat	4	190214555	165.5	24.714555		115.5	interior		
chr4	166500000	0.0218442480533339	0.554383	0.0984646522133356	0.0035723627790336	0.0005535055350553	pat	4	190214555	166.5	23.714555		116.5	interior		
chr4	167500000	0.0207185016194412	0.596856	0.0948111264777648	-0.0597217843424957	0.0006150061500615	pat	4	190214555	167.5	22.714555		117.5	interior		
chr4	168500000	0.0298421388729977	0.721025	0.1337890554919908	0.028147832490091	0.0008610086100861	pat	4	190214555	168.5	21.714555		118.5	interior		
chr4	169500000	0.0262935017538284	0.700645	0.1191869070153135	-0.0208053036037784	0.0008610086100861	pat	4	190214555	169.5	20.714555		119.5	interior		
chr4	170500000	0.0239688580717806	0.656236	0.1090001522871224	-0.0343375816037764	0.0006765067650676	pat	4	190214555	170.5	19.714555		120.5	end_q	19.0	chr4q
chr4	171500000	0.017560822175934	0.365098	0.077545248703736	0.1029180479708289	0.0004920049200492	pat	4	190214555	171.5	18.714555		121.5	end_q	18.0	chr4q
chr4	172500000	0.0206214963422526	0.528356	0.0930531053690104	-0.0011866773322036	0.0004920049200492	pat	4	190214555	172.5	17.714555		122.5	end_q	17.0	chr4q
chr4	173500000	0.0205955718772122	0.566595	0.0937141875088488	-0.0367363445707674	0.0005535055350553	pat	4	190214555	173.5	16.714555		123.5	end_q	16.0	chr4q
chr4	174500000	0.0207250929064014	0.685594	0.0966122516256055	-0.1282289416667747	0.0004920049200492	pat	4	190214555	174.5	15.714555		124.5	end_q	15.0	chr4q
chr4	175500000	0.0263748195517552	0.792639	0.1213520582070208	-0.0807712760786886	0.0008610086100861	pat	4	190214555	175.5	14.714555		125.5	end_q	14.0	chr4q
chr4	176500000	0.0346822840565496	1.05813	0.1598917362261984	-0.0882530843573581	0.0011070110701107	pat	4	190214555	176.5	13.714555		126.5	end_q	13.0	chr4q
chr4	177500000	0.0283346739023112	1.090835	0.1351553956092448	-0.2019597320224221	0.0011070110701107	pat	4	190214555	177.5	12.714555		127.5	end_q	12.0	chr4q
chr4	178500000	0.0224135426669728	1.097248	0.1115991306678912	-0.3139453176784718	0.0009225092250922	pat	4	190214555	178.5	11.714555		128.5	end_q	11.0	chr4q
chr4	179500000	0.0196329208545202	1.11231	0.1007778834180807	-0.3782036160860111	0.0009225092250922	pat	4	190214555	179.5	10.714555		129.5	end_q	10.0	chr4q
chr4	180500000	0.0275637090163025	1.279167	0.13583817606521	-0.2896651664498653	0.0011685116851168	pat	4	190214555	180.5	9.714555		130.5	end_q	9.0	chr4q
chr4	181500000	0.0515298464510704	1.609873	0.2383168458042816	-0.1000078186184466	0.0017835178351783	pat	4	190214555	181.5	8.714555		131.5	end_q	8.0	chr4q
chr4	182500000	0.0880571393456634	1.886547	0.3899594973826535	0.0880441174607556	0.0026445264452644	pat	4	190214555	182.5	7.714555		132.5	end_q	7.0	chr4q
chr4	183500000	0.1037291821319952	2.624929	0.4674153085279808	0.0050185865983204	0.0031365313653136	pat	4	190214555	183.5	6.714555		133.5	end_q	6.0	chr4q
chr4	184500000	0.098486540054787	3.146214	0.456870440219148	-0.1110265490963795	0.002890528905289	pat	4	190214555	184.5	5.714555		134.5	end_q	5.0	chr4q
chr4	185500000	0.0829481731026493	3.478949	0.4013716724105972	-0.2426644210302255	0.0026445264452644	pat	4	190214555	185.5	4.714555		135.5	end_q	4.0	chr4q
chr4	186500000	0.08686106946621	3.531356	0.41807139786484	-0.2279558287277389	0.0026445264452644	pat	4	190214555	186.5	3.714555		136.5	end_q	3.0	chr4q
chr4	187500000	0.1030429366309223	3.680722	0.4857861865236892	-0.1657834197132697	0.0036285362853628	pat	4	190214555	187.5	2.714555		137.5	end_q	2.0	chr4q
chr4	188500000	0.1005990899203582	3.674519	0.4758867396814328	-0.1766142002578748	0.0034440344403444	pat	4	190214555	188.5	1.714555		138.5	end_q	1.0	chr4q
chr4	189500000	0.1011014062124691	3.684321	0.4780920448498764	-0.1754916970558201	0.0025830258302583	pat	4	190214555	189.5	0.714555		139.5	end_q	0.0	chr4q
chr5	500000	0.1366080253466286	3.09499	0.6083319013865145	0.0602462714779812	0.0017835178351783	pat	5	181538259	0.5	181.038259		48.3	end_p	0.0	chr5p
chr5	1500000	0.1566914772055445	4.340804	0.7135819888221779	-0.0402149024500632	0.0039975399753997	pat	5	181538259	1.5	180.038259		47.3	end_p	1.0	chr5p
chr5	2500000	0.1114766526528123	4.653531	0.5389772306112492	-0.2404500690220323	0.0038745387453874	pat	5	181538259	2.5	179.038259		46.3	end_p	2.0	chr5p
chr5	3500000	0.099305609362926	4.252612	0.482274677451704	-0.2524350120720933	0.0033210332103321	pat	5	181538259	3.5	178.038259		45.3	end_p	3.0	chr5p
chr5	4500000	0.0569188275419044	3.419897	0.2960732501676176	-0.4030945059517183	0.0019065190651906	pat	5	181538259	4.5	177.038259		44.3	end_p	4.0	chr5p
chr5	5500000	0.0573013139378042	2.648619	0.2821776357512168	-0.2878345553424438	0.0017220172201722	pat	5	181538259	5.5	176.038259		43.3	end_p	5.0	chr5p
chr5	6500000	0.0627650280836157	2.390326	0.2988666323344628	-0.1967621442433414	0.0018450184501845	pat	5	181538259	6.5	175.038259		42.3	end_p	6.0	chr5p
chr5	7500000	0.0468782995441486	1.851423	0.2245416581765943	-0.2141778854538578	0.0014145141451414	pat	5	181538259	7.5	174.038259		41.3	end_p	7.0	chr5p
chr5	8500000	0.0512078248392418	2.484539	0.2545220793569672	-0.3099079532747657	0.0015990159901599	pat	5	181538259	8.5	173.038259		40.3	end_p	8.0	chr5p
chr5	9500000	0.0527310237135819	2.647506	0.2638742148543276	-0.3252912800300363	0.0017220172201722	pat	5	181538259	9.5	172.038259		39.3	end_p	9.0	chr5p
chr5	10500000	0.0644815414072806	2.62993	0.3105247656291224	-0.229475084680375	0.0017835178351783	pat	5	181538259	10.5	171.038259		38.3	end_p	10.0	chr5p
chr5	11500000	0.0344784110428521	1.55913	0.1690962441714084	-0.27775107655548	0.0009840098400984	pat	5	181538259	11.5	170.038259		37.3	end_p	11.0	chr5p
chr5	12500000	0.0255076287044984	1.193646	0.1259034348179936	-0.2934741815207765	0.0007995079950799	pat	5	181538259	12.5	169.038259		36.3	end_p	12.0	chr5p
chr5	13500000	0.0272521193921811	1.110573	0.1312199375687244	-0.2290802792907816	0.0008610086100861	pat	5	181538259	13.5	168.038259		35.3	end_p	13.0	chr5p
chr5	14500000	0.0292006356096253	1.091405	0.1386306424385012	-0.1877306539549055	0.0008610086100861	pat	5	181538259	14.5	167.038259		34.3	end_p	14.0	chr5p
chr5	15500000	0.0295092997216836	1.14146	0.1408663988867344	-0.2042346129358394	0.0007380073800738	pat	5	181538259	15.5	166.038259		33.3	end_p	15.0	chr5p
chr5	16500000	0.0213729840290771	1.209577	0.1096834761163084	-0.3777372790474962	0.0004920049200492	pat	5	181538259	16.5	165.038259		32.3	end_p	16.0	chr5p
chr5	17500000	0.0208399730045169	1.418647	0.1117328320180676	-0.4540271408586484	0.0006150061500615	pat	5	181538259	17.5	164.038259		31.299999999999997	end_p	17.0	chr5p
chr5	18500000	0.0171916652170027	1.099353	0.0907537208680108	-0.4288566047981598	0.0004920049200492	pat	5	181538259	18.5	163.038259		30.299999999999997	end_p	18.0	chr5p
chr5	19500000	0.0129001495782823	0.658059	0.0647617783131292	-0.332375481419119	0.0003075030750307	pat	5	181538259	19.5	162.038259		29.299999999999997	end_p	19.0	chr5p
chr5	20500000	0.0130118242028546	0.437245	0.0607921968114184	-0.1359393672968117	0.0001845018450184	pat	5	181538259	20.5	161.038259		28.299999999999997	interior		
chr5	21500000	0.009673131063383	0.499603	0.048684584253532	-0.3378818127191089	6.150061500615006e-05	pat	5	181538259	21.5	160.038259		27.299999999999997	interior		
chr5	22500000	0.0098708275441317	0.515672	0.0497967501765268	-0.3429325567979649	0.0001845018450184	pat	5	181538259	22.5	159.038259		26.299999999999997	interior		
chr5	23500000	0.0136397312177033	0.618544	0.0669298048708132	-0.2790570891450341	0.0003690036900369	pat	5	181538259	23.5	158.038259		25.299999999999997	interior		
chr5	24500000	0.017316113366469	0.493979	0.079144033465876	-0.0548412361199048	0.0005535055350553	pat	5	181538259	24.5	157.038259		24.299999999999997	interior		
chr5	25500000	0.0141923957137968	0.335598	0.0634815428551872	0.0389079451497732	0.0003690036900369	pat	5	181538259	25.5	156.038259		23.299999999999997	interior		
chr5	26500000	0.0125755608669429	0.228216	0.0548665634677716	0.1696078140305207	0.0003075030750307	pat	5	181538259	26.5	155.038259		22.299999999999997	interior		
chr5	27500000	0.0122225457092936	0.234344	0.0535770628371743	0.1427949191801786	0.0002460024600246	pat	5	181538259	27.5	154.038259		21.299999999999997	interior		
chr5	28500000	0.0148081186499146	0.268598	0.0646044345996584	0.1698491465210953	0.000430504305043	pat	5	181538259	28.5	153.038259		20.299999999999997	interior		
chr5	29500000	0.0135579545185718	0.296114	0.0601540980742872	0.078484158238748	0.000430504305043	pat	5	181538259	29.5	152.038259		19.299999999999997	interior		
chr5	30500000	0.0341503013477052	0.62484	0.1490980053908208	0.1656293433344482	0.001230012300123	pat	5	181538259	30.5	151.038259		18.299999999999997	interior		
chr5	31500000	0.0461266512884105	0.639042	0.197287445153642	0.2970142828044986	0.001230012300123	pat	5	181538259	31.5	150.038259		17.299999999999997	interior		
chr5	32500000	0.0499816055065035	0.626787	0.2124621620260139	0.3417349698803074	0.0012915129151291	pat	5	181538259	32.5	149.038259		16.299999999999997	interior		
chr5	33500000	0.0192223816710766	0.313386	0.0831572466843064	0.2211370224622138	0.0004920049200492	pat	5	181538259	33.5	148.038259		15.299999999999997	interior		
chr5	34500000	0.0185894576829826	0.246494	0.0792877107319304	0.3168664315699919	0.0004920049200492	pat	5	181538259	34.5	147.038259		14.299999999999997	interior		
chr5	35500000	0.0162259887113337	0.210386	0.0691116748453348	0.3269117860823236	0.0003690036900369	pat	5	181538259	35.5	146.038259		13.299999999999997	interior		
chr5	36500000	0.0305688238130908	0.164168	0.1255586552523632	0.6527506890793627	0.0007380073800738	pat	5	181538259	36.5	145.038259		12.299999999999997	interior		
chr5	37500000	0.0274394632494128	0.165321	0.1130642729976512	0.618503667784436	0.0006765067650676	pat	5	181538259	37.5	144.038259		11.299999999999997	interior		
chr5	38500000	0.0287982434447601	0.139593	0.1179848337790404	0.6811858211345778	0.0007380073800738	pat	5	181538259	38.5	143.038259		10.299999999999997	interior		
chr5	39500000	0.0143085670752613	0.11915	0.0596172683010452	0.508547832076573	0.000430504305043	pat	5	181538259	39.5	142.038259		9.299999999999997	other		
chr5	40500000	0.0143512604036804	0.082978	0.0590646016147215	0.6310521164194605	0.0003690036900369	pat	5	181538259	40.5	141.038259		8.299999999999997	other		
chr5	41500000	0.0127998955557558	0.052403	0.0522476422230231	0.723889229435586	0.0003075030750307	pat	5	181538259	41.5	140.038259		7.299999999999997	other		
chr5	42500000	0.0127230651343613	0.026772	0.0514277005374452	0.8478797471559425	0.0001845018450184	pat	5	181538259	42.5	139.038259		6.299999999999997	other		
chr5	43500000	0.012599510928515	0.015845	0.05071494371406	0.906214727683541	0.0002460024600246	pat	5	181538259	43.5	138.038259		5.299999999999997	other		
chr5	44500000	0.0253558822129251	0.013002	0.1016835688517004	0.9606667806617176	0.0004920049200492	pat	5	181538259	44.5	137.038259		4.299999999999997	other		
chr5	45500000	0.0283134159568027	0.009083	0.1134353238272108	0.9752101093103146	0.000430504305043	pat	5	181538259	45.5	136.038259		3.299999999999997	other		
chr5	46500000	0.0506370603084251	0.003557	0.2026193812337004	0.9945187731607152	0.0003075030750307	pat	5	181538259	46.5	135.038259		2.299999999999997	other		
chr5	47500000	0.0277741703827643	0.000508	0.1111068415310572	0.9985699005931784	0.0	pat	5	181538259	47.5	134.038259		1.2999999999999972	other		
chr5	48500000	0.0381892573929121	0.000323	0.1527634895716484	0.999338435959196	0.0	pat	5	181538259	48.5	133.038259		0.29999999999999716	other		
chr5	49500000	0.0471539300656502	0.011865	0.1888530202626007	0.980503807853982	0.0002460024600246	pat	5	181538259	49.5	132.038259		0.7000000000000028	other		
chr5	50500000	0.0327115423454297	0.022056	0.1312872893817188	0.94859889554432	0.000430504305043	pat	5	181538259	50.5	131.038259		1.7000000000000028	other		
chr5	51500000	0.0223632554355307	0.049302	0.0904390617421228	0.8411985699493314	0.0004920049200492	pat	5	181538259	51.5	130.038259		2.700000000000003	other		
chr5	52500000	0.0146036243766207	0.068124	0.0597769775064828	0.6913313920726674	0.0003690036900369	pat	5	181538259	52.5	129.038259		3.700000000000003	other		
chr5	53500000	0.0135053056406518	0.115577	0.0563327625626072	0.4983467782646333	0.000430504305043	pat	5	181538259	53.5	128.038259		4.700000000000003	other		
chr5	54500000	0.0185065953483983	0.116262	0.0763516213935932	0.6054279287545326	0.0005535055350553	pat	5	181538259	54.5	127.038259		5.700000000000003	other		
chr5	55500000	0.0289762245600627	0.201139	0.1199276782402508	0.5728610985990874	0.0008610086100861	pat	5	181538259	55.5	126.038259		6.700000000000003	other		
chr5	56500000	0.0404445708881999	0.301363	0.1678055435527996	0.5485745148544086	0.0009840098400984	pat	5	181538259	56.5	125.038259		7.700000000000003	other		
chr5	57500000	0.03510147051095	0.393344	0.1482727620438	0.3904328973367629	0.0011070110701107	pat	5	181538259	57.5	124.038259		8.700000000000003	other		
chr5	58500000	0.0396821148442124	0.447234	0.1676731393768496	0.387997737060074	0.0011685116851168	pat	5	181538259	58.5	123.038259		9.700000000000003	other		
chr5	59500000	0.0303274774704015	0.363352	0.128576949881606	0.3617278919682358	0.0008610086100861	pat	5	181538259	59.5	122.038259		10.700000000000003	interior		
chr5	60500000	0.0534258457701526	0.504464	0.2237926630806104	0.4604880685946309	0.0011685116851168	pat	5	181538259	60.5	121.038259		11.700000000000003	interior		
chr5	61500000	0.0331985600373985	0.423325	0.141260740149594	0.334347176705646	0.0007380073800738	pat	5	181538259	61.5	120.038259		12.700000000000003	interior		
chr5	62500000	0.0260113544404731	0.443173	0.1129088777618924	0.2000819492455359	0.0006765067650676	pat	5	181538259	62.5	119.038259		13.700000000000003	interior		
chr5	63500000	0.0121506440141195	0.276827	0.054139116056478	0.0574627830760312	0.0003075030750307	pat	5	181538259	63.5	118.038259		14.700000000000003	interior		
chr5	64500000	0.0179666640703401	0.343319	0.0787330362813604	0.1444431392213591	0.0005535055350553	pat	5	181538259	64.5	117.038259		15.700000000000003	interior		
chr5	65500000	0.0478734970779458	0.683834	0.2051706683117831	0.2830134453320496	0.001230012300123	pat	5	181538259	65.5	116.038259		16.700000000000003	interior		
chr5	66500000	0.0437470745878685	0.857265	0.192133598351474	0.1320938400209302	0.0011070110701107	pat	5	181538259	66.5	115.038259		17.700000000000003	interior		
chr5	67500000	0.0331693936287405	1.09499	0.154577374514962	-0.1272120576650073	0.0008610086100861	pat	5	181538259	67.5	114.038259		18.700000000000003	interior		
chr5	68500000	0.0211592071324732	0.724631	0.0991294485298927	-0.1452281310859286	0.0003690036900369	pat	5	181538259	68.5	113.038259		19.700000000000003	interior		
chr5	69500000	0.0252371971367604	0.463582	0.1102204285470416	0.1637127177104602	0.0002460024600246	pat	5	181538259	69.5	112.038259		20.700000000000003	interior		
chr5	70500000	0.0330076376267644	0.426206	0.1405546705070575	0.3287619500731497	0.0003075030750307	pat	5	181538259	70.5	111.038259		21.700000000000003	interior		
chr5	71500000	0.0297263490021143	0.55122	0.1299297960084572	0.15911771313536	0.0003690036900369	pat	5	181538259	71.5	110.038259		22.700000000000003	interior		
chr5	72500000	0.0468747893747836	1.033495	0.2081690574991344	0.0737863276083349	0.0009225092250922	pat	5	181538259	72.5	109.038259		23.700000000000003	interior		
chr5	73500000	0.0442298770039293	1.280836	0.2025362280157172	-0.0623215553001669	0.0010455104551045	pat	5	181538259	73.5	108.038259		24.700000000000003	interior		
chr5	74500000	0.0347000446539547	1.17727	0.1623455786158188	-0.1406364432809383	0.0009225092250922	pat	5	181538259	74.5	107.038259		25.700000000000003	interior		
chr5	75500000	0.0171186935285007	1.096539	0.0904055541140027	-0.4295462139630669	0.000430504305043	pat	5	181538259	75.5	106.038259		26.700000000000003	interior		
chr5	76500000	0.0179648929095869	0.866292	0.0891854116383475	-0.30712678183681	0.000430504305043	pat	5	181538259	76.5	105.038259		27.700000000000003	interior		
chr5	77500000	0.0191172371333671	1.20032	0.1004753485334684	-0.4213605161897947	0.0004920049200492	pat	5	181538259	77.5	104.038259		28.700000000000003	interior		
chr5	78500000	0.0206054287736743	1.181487	0.1060514550946972	-0.3833286095259915	0.0004920049200492	pat	5	181538259	78.5	103.038259		29.700000000000003	interior		
chr5	79500000	0.026747956068227	0.960726	0.126206344272908	-0.1684628026645457	0.0006765067650676	pat	5	181538259	79.5	102.038259		30.700000000000003	interior		
chr5	80500000	0.0285170788920103	0.795037	0.1299690555680412	-0.0433840442358943	0.0007380073800738	pat	5	181538259	80.5	101.038259		31.700000000000003	interior		
chr5	81500000	0.0320810190025255	0.691104	0.142146156010102	0.085310694031236	0.0008610086100861	pat	5	181538259	81.5	100.038259		32.7	interior		
chr5	82500000	0.0221580788437544	0.748665	0.1036056153750176	-0.1386151107690066	0.0005535055350553	pat	5	181538259	82.5	99.038259		33.7	interior		
chr5	83500000	0.0166162308499273	0.72263	0.0809175233997092	-0.2596445532405473	0.0003690036900369	pat	5	181538259	83.5	98.038259		34.7	interior		
chr5	84500000	0.01487105236591	0.517226	0.06982872946364	-0.1527942559140515	0.000430504305043	pat	5	181538259	84.5	97.038259		35.7	interior		
chr5	85500000	0.0166431324334224	0.439175	0.0753560297336896	-0.0159173566821272	0.0004920049200492	pat	5	181538259	85.5	96.038259		36.7	interior		
chr5	86500000	0.0228626130276733	0.414262	0.0997356921106932	0.1703563259505589	0.0006150061500615	pat	5	181538259	86.5	95.038259		37.7	interior		
chr5	87500000	0.0254230888001954	0.452841	0.1107491752007815	0.1786519029925656	0.000430504305043	pat	5	181538259	87.5	94.038259		38.7	interior		
chr5	88500000	0.033012445128012	0.710503	0.146259840512048	0.08577587370595	0.0004920049200492	pat	5	181538259	88.5	93.038259		39.7	interior		
chr5	89500000	0.0266113919568978	0.670256	0.1198506878275912	0.0073711484350463	0.000430504305043	pat	5	181538259	89.5	92.038259		40.7	interior		
chr5	90500000	0.0269874328108129	0.672254	0.1213948112432516	0.0128982649420237	0.0004920049200492	pat	5	181538259	90.5	91.038259		41.7	interior		
chr5	91500000	0.016299233634667	0.42499	0.073696734538668	-0.0099419969785721	0.0002460024600246	pat	5	181538259	91.5	90.038259		42.7	interior		
chr5	92500000	0.0163489219719838	0.411235	0.0736203878879352	0.0080298439901536	0.0001845018450184	pat	5	181538259	92.5	89.038259		43.7	interior		
chr5	93500000	0.0141169593817879	0.412535	0.0647185375271515	-0.0668408324564902	0.0001230012300123	pat	5	181538259	93.5	88.038259		44.7	interior		
chr5	94500000	0.0196570065674924	0.438942	0.0874068662699696	0.0674621049900485	0.0003075030750307	pat	5	181538259	94.5	87.038259		45.7	interior		
chr5	95500000	0.0216937482848487	0.533548	0.0974459531393948	0.019266606866112	0.0004920049200492	pat	5	181538259	95.5	86.038259		46.7	interior		
chr5	96500000	0.0241314267649254	0.709657	0.1107188470597015	-0.0699873162344827	0.0006150061500615	pat	5	181538259	96.5	85.038259		47.7	interior		
chr5	97500000	0.0176741810663594	0.613791	0.0829725442654376	-0.1520549481474709	0.000430504305043	pat	5	181538259	97.5	84.038259		48.7	interior		
chr5	98500000	0.0180274642961533	0.479246	0.0816947771846132	-0.0196248532893249	0.0004920049200492	pat	5	181538259	98.5	83.038259		49.7	interior		
chr5	99500000	0.0186836928438422	0.222424	0.0791832513753688	0.3644988219514862	0.000430504305043	pat	5	181538259	99.5	82.038259		50.7	interior		
chr5	100500000	0.0306022822838763	0.246024	0.1273296091355052	0.5214681984780355	0.0007995079950799	pat	5	181538259	100.5	81.038259		51.7	interior		
chr5	101500000	0.0300071455564768	0.202683	0.1240822422259072	0.5819641379483688	0.0007995079950799	pat	5	181538259	101.5	80.038259		52.7	interior		
chr5	102500000	0.0279890547808665	0.354935	0.119054919123466	0.3367930781941868	0.0008610086100861	pat	5	181538259	102.5	79.038259		53.7	interior		
chr5	103500000	0.0202895670419784	0.353645	0.0882311681679136	0.1891332054500067	0.0006150061500615	pat	5	181538259	103.5	78.038259		54.7	interior		
chr5	104500000	0.0143361339011272	0.385923	0.0650629956045088	-0.0258900988017351	0.0003075030750307	pat	5	181538259	104.5	77.038259		55.7	interior		
chr5	105500000	0.0106772076257618	0.319586	0.0491005505030471	-0.0787626055859017	0.0001845018450184	pat	5	181538259	105.5	76.038259		56.7	interior		
chr5	106500000	0.0168212297482904	0.603016	0.0793452389931616	-0.1675254156682381	0.000430504305043	pat	5	181538259	106.5	75.038259		57.7	interior		
chr5	107500000	0.0170322532082666	0.594426	0.0800175328330664	-0.1544658742227476	0.0004920049200492	pat	5	181538259	107.5	74.038259		58.7	interior		
chr5	108500000	0.0188730895410466	0.613787	0.0877680981641864	-0.1198452245151563	0.0006150061500615	pat	5	181538259	108.5	73.038259		59.7	interior		
chr5	109500000	0.0137781486384795	0.429937	0.063711334553918	-0.0994164527284506	0.0003075030750307	pat	5	181538259	109.5	72.038259		60.7	interior		
chr5	110500000	0.0205646278332449	0.501556	0.0922896313329796	0.0234557659675323	0.0005535055350553	pat	5	181538259	110.5	71.038259		61.7	interior		
chr5	111500000	0.0232324618186763	0.422717	0.1013841872747052	0.1683375605468295	0.0006150061500615	pat	5	181538259	111.5	70.038259		62.7	interior		
chr5	112500000	0.0187071524555295	0.370942	0.082247449822118	0.1262837546857953	0.0006150061500615	pat	5	181538259	112.5	69.038259		63.7	interior		
chr5	113500000	0.0127351418878197	0.295871	0.0568579875512788	0.047716037380658	0.0003690036900369	pat	5	181538259	113.5	68.038259		64.7	interior		
chr5	114500000	0.0098843578811336	0.332993	0.0461972915245344	-0.1371821465725516	0.0002460024600246	pat	5	181538259	114.5	67.038259		65.7	interior		
chr5	115500000	0.0189399433410333	0.377531	0.0833103933641331	0.1237047849210438	0.0006150061500615	pat	5	181538259	115.5	66.038259		66.7	interior		
chr5	116500000	0.0177274802365232	0.417144	0.0792528009460928	0.0413501110968542	0.0005535055350553	pat	5	181538259	116.5	65.038259		67.7	interior		
chr5	117500000	0.0154387214290439	0.479715	0.0713491857161756	-0.0973163051450238	0.0004920049200492	pat	5	181538259	117.5	64.038259		68.7	interior		
chr5	118500000	0.0114866011696567	0.41009	0.0541482046786268	-0.1655290771629202	0.0002460024600246	pat	5	181538259	118.5	63.038259		69.7	interior		
chr5	119500000	0.014051745877725	0.41797	0.0645663835109	-0.075655214443793	0.0003690036900369	pat	5	181538259	119.5	62.038259		70.7	interior		
chr5	120500000	0.0175833074219012	0.364527	0.0776237696876048	0.1043251698001199	0.0004920049200492	pat	5	181538259	120.5	61.038259		71.7	interior		
chr5	121500000	0.021502913274107	0.420199	0.094415633096428	0.133460495308144	0.0006150061500615	pat	5	181538259	121.5	60.038259		72.7	interior		
chr5	122500000	0.022519014975352	0.433639	0.098748839901408	0.1406663237469138	0.0006150061500615	pat	5	181538259	122.5	59.038259		73.7	interior		
chr5	123500000	0.0279287805669	0.562647	0.1229680622676	0.1184750581449869	0.0007380073800738	pat	5	181538259	123.5	58.038259		74.7	interior		
chr5	124500000	0.019034635240961	0.657748	0.089293500963844	-0.1496177167337483	0.0005535055350553	pat	5	181538259	124.5	57.038259		75.7	interior		
chr5	125500000	0.0206166315850053	0.712855	0.0967236263400212	-0.1499199190739816	0.0006150061500615	pat	5	181538259	125.5	56.038259		76.7	interior		
chr5	126500000	0.0159898792911776	0.640782	0.0767751571647104	-0.2211217447918082	0.000430504305043	pat	5	181538259	126.5	55.038259		77.7	interior		
chr5	127500000	0.0133718493675205	0.468431	0.062856017470082	-0.1562954435547963	0.0003075030750307	pat	5	181538259	127.5	54.038259		78.7	interior		
chr5	128500000	0.0097741427722679	0.471433	0.0485252310890716	-0.3072327469990124	0.0001845018450184	pat	5	181538259	128.5	53.038259		79.7	interior		
chr5	129500000	0.0089260271445556	0.405273	0.0438095685782224	-0.279614017366723	0.0001230012300123	pat	5	181538259	129.5	52.038259		80.7	interior		
chr5	130500000	0.0145063244314643	0.333297	0.0646912377258571	0.0532563834692309	0.0001845018450184	pat	5	181538259	130.5	51.038259		81.7	interior		
chr5	131500000	0.0244826383744038	0.318625	0.1043030534976152	0.3252491583580647	0.0003690036900369	pat	5	181538259	131.5	50.038259		82.7	interior		
chr5	132500000	0.0355124440074883	0.535585	0.1527614760299531	0.2578400340222888	0.0007380073800738	pat	5	181538259	132.5	49.038259		83.7	interior		
chr5	133500000	0.0418415232933497	0.635078	0.1800676531733988	0.2548586577361356	0.0007995079950799	pat	5	181538259	133.5	48.038259		84.7	interior		
chr5	134500000	0.0293012780005384	0.87843	0.1347737120021536	-0.0795526356807355	0.0006765067650676	pat	5	181538259	134.5	47.038259		85.7	interior		
chr5	135500000	0.0163383622931541	0.701152	0.0793764891726164	-0.2534282456625701	0.0003075030750307	pat	5	181538259	135.5	46.038259		86.7	interior		
chr5	136500000	0.0144839052365309	0.758773	0.0731110809461236	-0.3441573558382617	0.0003075030750307	pat	5	181538259	136.5	45.038259		87.7	interior		
chr5	137500000	0.0256965865226181	0.414773	0.1110818060904724	0.2258811140563915	0.0004920049200492	pat	5	181538259	137.5	44.038259		88.7	interior		
chr5	138500000	0.0410992808320966	0.354915	0.1714954233283864	0.4949441835195542	0.0006150061500615	pat	5	181538259	138.5	43.038259		89.7	interior		
chr5	139500000	0.0351208769012947	0.228856	0.1450606276051788	0.5937141867178812	0.0005535055350553	pat	5	181538259	139.5	42.038259		90.7	interior		
chr5	140500000	0.027196293266586	0.231708	0.113419333066344	0.5000200021629299	0.000430504305043	pat	5	181538259	140.5	41.038259		91.7	interior		
chr5	141500000	0.0311827447846129	0.552463	0.1357802391384516	0.1812459549207561	0.0007380073800738	pat	5	181538259	141.5	40.038259		92.7	interior		
chr5	142500000	0.0314710310404759	0.839174	0.1426676041619035	-0.0211407006152991	0.0007995079950799	pat	5	181538259	142.5	39.038259		93.7	interior		
chr5	143500000	0.0232418856505426	0.833665	0.1096408426021704	-0.1678041581202225	0.0006765067650676	pat	5	181538259	143.5	38.038259		94.7	interior		
chr5	144500000	0.0169398938363621	0.766915	0.0830978753454484	-0.2782837828476053	0.0003690036900369	pat	5	181538259	144.5	37.038259		95.7	interior		
chr5	145500000	0.023350843301189	0.679827	0.106999913204756	-0.0649794901740039	0.0005535055350553	pat	5	181538259	145.5	36.038259		96.7	interior		
chr5	146500000	0.0322510692619228	0.988766	0.1487795970476912	-0.0906720839929113	0.0007995079950799	pat	5	181538259	146.5	35.038259		97.7	interior		
chr5	147500000	0.0305924160538203	0.782238	0.1380144242152812	-0.0001720027620722	0.0007995079950799	pat	5	181538259	147.5	34.038259		98.7	interior		
chr5	148500000	0.0253331958207488	0.728473	0.1159022432829952	-0.0588180502760122	0.0006150061500615	pat	5	181538259	148.5	33.038259		99.7	interior		
chr5	149500000	0.0221826775527248	0.48276	0.0983859102108992	0.0802545092581354	0.000430504305043	pat	5	181538259	149.5	32.038259		100.7	interior		
chr5	150500000	0.0252724450982052	0.593578	0.1129613403928208	0.0422792541380562	0.0005535055350553	pat	5	181538259	150.5	31.038259		101.7	interior		
chr5	151500000	0.0200247680129009	0.46372	0.0893734720516036	0.0493358561208539	0.0004920049200492	pat	5	181538259	151.5	30.038259		102.7	interior		
chr5	152500000	0.0152200289461341	0.536535	0.0716108157845364	-0.1593584125772397	0.000430504305043	pat	5	181538259	152.5	29.038259		103.7	interior		
chr5	153500000	0.0104382515086595	0.409415	0.049941306034638	-0.2108824256108537	0.0002460024600246	pat	5	181538259	153.5	28.038259		104.7	interior		
chr5	154500000	0.0217029154918354	0.615396	0.0991195819673416	-0.0518317378983476	0.0006150061500615	pat	5	181538259	154.5	27.038259		105.7	interior		
chr5	155500000	0.0310922492685143	0.623075	0.1368304970740572	0.121080328618711	0.0007995079950799	pat	5	181538259	155.5	26.038259		106.7	interior		
chr5	156500000	0.029089291881803	0.71713	0.130699767527212	0.0180859748145366	0.0007995079950799	pat	5	181538259	156.5	25.038259		107.7	interior		
chr5	157500000	0.0184405499273308	0.690754	0.0875772797093231	-0.1887921759783333	0.000430504305043	pat	5	181538259	157.5	24.038259		108.7	interior		
chr5	158500000	0.0222598719568072	0.853371	0.1061069078272288	-0.1999427770803024	0.0006150061500615	pat	5	181538259	158.5	23.038259		109.7	interior		
chr5	159500000	0.0303923982014753	0.817205	0.1379136928059012	-0.0253118740849047	0.0007995079950799	pat	5	181538259	159.5	22.038259		110.7	interior		
chr5	160500000	0.0314247429340699	0.664859	0.1389961517362796	0.0942610704796565	0.0008610086100861	pat	5	181538259	160.5	21.038259		111.7	interior		
chr5	161500000	0.0243598735800546	0.648062	0.1104007343202184	-0.0199904454822019	0.0006765067650676	pat	5	181538259	161.5	20.038259		112.7	interior		
chr5	162500000	0.0153403462424251	0.653274	0.0744268649697004	-0.2498226882268015	0.000430504305043	pat	5	181538259	162.5	19.038259		113.7	end_q	19.0	chr5q
chr5	163500000	0.0168079841965555	0.751742	0.0822667767862219	-0.2726626951934544	0.000430504305043	pat	5	181538259	163.5	18.038259		114.7	end_q	18.0	chr5q
chr5	164500000	0.0146867317002361	0.672503	0.0721969868009444	-0.2835144559997649	0.0003690036900369	pat	5	181538259	164.5	17.038259		115.7	end_q	17.0	chr5q
chr5	165500000	0.0156416997700763	0.802459	0.0786159790803052	-0.3349014192789159	0.0003690036900369	pat	5	181538259	165.5	16.038259		116.7	end_q	16.0	chr5q
chr5	166500000	0.0194280457007632	1.334629	0.1044047628030528	-0.4576337039962094	0.0005535055350553	pat	5	181538259	166.5	15.038259		117.7	end_q	15.0	chr5q
chr5	167500000	0.0298838518989562	1.526059	0.1500565875958248	-0.3328512594900436	0.0007995079950799	pat	5	181538259	167.5	14.038259		118.7	end_q	14.0	chr5q
chr5	168500000	0.0320467109337418	1.557606	0.1593389637349672	-0.3107035310059449	0.0009225092250922	pat	5	181538259	168.5	13.038259		119.7	end_q	13.0	chr5q
chr5	169500000	0.0277191654548838	1.308894	0.1370545418195352	-0.2975918774790646	0.0008610086100861	pat	5	181538259	169.5	12.038259		120.7	end_q	12.0	chr5q
chr5	170500000	0.0365344613074581	1.14208	0.1689794452298323	-0.1003053484436493	0.0011685116851168	pat	5	181538259	170.5	11.038259		121.7	end_q	11.0	chr5q
chr5	171500000	0.044224411708608	1.132395	0.1995455468344319	-0.0008751499908392	0.001230012300123	pat	5	181538259	171.5	10.038259		122.7	end_q	10.0	chr5q
chr5	172500000	0.0572341755574316	1.488151	0.2586997222297263	-0.0085375897110806	0.0014760147601476	pat	5	181538259	172.5	9.038259		123.7	end_q	9.0	chr5q
chr5	173500000	0.0291763264411715	1.849282	0.153690945764686	-0.4252355992431846	0.0008610086100861	pat	5	181538259	173.5	8.038259		124.7	end_q	8.0	chr5q
chr5	174500000	0.0563339472987544	2.589898	0.2771337491950176	-0.2853592434060806	0.0014760147601476	pat	5	181538259	174.5	7.038259		125.7	end_q	7.0	chr5q
chr5	175500000	0.0617405268105115	2.155344	0.290068987242046	-0.1546013727039246	0.0014145141451414	pat	5	181538259	175.5	6.038259		126.7	end_q	6.0	chr5q
chr5	176500000	0.0928621735545823	1.946248	0.4103736542183292	0.0989355853876803	0.0014760147601476	pat	5	181538259	176.5	5.038259		127.7	end_q	5.0	chr5q
chr5	177500000	0.0955024981793875	1.933155	0.42067309271755	0.1161270468320107	0.001660516605166	pat	5	181538259	177.5	4.038259		128.7	end_q	4.0	chr5q
chr5	178500000	0.1345101354669763	2.949778	0.5970361018679051	0.0764591121063279	0.0027060270602706	pat	5	181538259	178.5	3.038259		129.7	end_q	3.0	chr5q
chr5	179500000	0.149393030410995	3.633094	0.67023400164398	0.0248966615422409	0.0038745387453874	pat	5	181538259	179.5	2.038259		130.7	end_q	2.0	chr5q
chr5	180500000	0.1597591070600244	3.89447	0.7169258282400977	0.023704120012728	0.0030135301353013	pat	5	181538259	180.5	1.038259		131.7	end_q	1.0	chr5q
chr5	181500000	0.1323607684001423	3.417735	0.5977977736005692	-0.005069527498173	0.0015375153751537	pat	5	181538259	181.5	0.038259		132.7	end_q	0.0	chr5q
chr6	500000	0.1886291698756301	7.168519	0.8978870595025205	-0.1957450557520079	0.0033210332103321	pat	6	170805979	0.5	170.305979		59.3	end_p	0.0	chr6p
chr6	1500000	0.1800018081934788	5.507732	0.8301618727739152	-0.0896974772905962	0.0046740467404674	pat	6	170805979	1.5	169.305979		58.3	end_p	1.0	chr6p
chr6	2500000	0.1386325579683298	5.562363	0.6657774918733192	-0.2217008917487197	0.0040590405904059	pat	6	170805979	2.5	168.305979		57.3	end_p	2.0	chr6p
chr6	3500000	0.1155803846646132	3.878269	0.5398869186584528	-0.1352241408518058	0.0030750307503075	pat	6	170805979	3.5	167.305979		56.3	end_p	3.0	chr6p
chr6	4500000	0.0953229786379939	3.537511	0.4520421345519756	-0.1842924310304622	0.0023985239852398	pat	6	170805979	4.5	166.305979		55.3	end_p	4.0	chr6p
chr6	5500000	0.0663908210980459	2.706769	0.3196986643921836	-0.2292944356137432	0.0018450184501845	pat	6	170805979	5.5	165.305979		54.3	end_p	5.0	chr6p
chr6	6500000	0.0767155043379636	2.210308	0.3510681773518544	-0.0597888149436561	0.0022140221402214	pat	6	170805979	6.5	164.305979		53.3	end_p	6.0	chr6p
chr6	7500000	0.0553037175819266	1.84106	0.2580360703277063	-0.1313338502197283	0.0017835178351783	pat	6	170805979	7.5	163.305979		52.3	end_p	7.0	chr6p
chr6	8500000	0.0344848166268055	1.211329	0.162165846507222	-0.1576205463024672	0.0011685116851168	pat	6	170805979	8.5	162.305979		51.3	end_p	8.0	chr6p
chr6	9500000	0.0220649914514313	1.310019	0.1144603458057252	-0.3980846979633294	0.0006765067650676	pat	6	170805979	9.5	161.305979		50.3	end_p	9.0	chr6p
chr6	10500000	0.0212577618927387	1.533871	0.1157084675709547	-0.4768370200904874	0.0006150061500615	pat	6	170805979	10.5	160.305979		49.3	end_p	10.0	chr6p
chr6	11500000	0.0243652361524246	1.465585	0.1267726446096984	-0.4035604166910257	0.0006765067650676	pat	6	170805979	11.5	159.305979		48.3	end_p	11.0	chr6p
chr6	12500000	0.0201401053881916	1.299024	0.1065409015527664	-0.4323604776384349	0.0005535055350553	pat	6	170805979	12.5	158.305979		47.3	end_p	12.0	chr6p
chr6	13500000	0.0221944310224728	1.049173	0.1097611840898911	-0.2980941775375959	0.0005535055350553	pat	6	170805979	13.5	157.305979		46.3	end_p	13.0	chr6p
chr6	14500000	0.0258919073464417	1.131647	0.1262005693857668	-0.2619659084502187	0.0006765067650676	pat	6	170805979	14.5	156.305979		45.3	end_p	14.0	chr6p
chr6	15500000	0.0183861888307256	1.200351	0.0975517753229024	-0.4372723443342322	0.000430504305043	pat	6	170805979	15.5	155.305979		44.3	end_p	15.0	chr6p
chr6	16500000	0.0208964388426295	1.031484	0.104215435370518	-0.3176723711607	0.0005535055350553	pat	6	170805979	16.5	154.305979		43.3	end_p	16.0	chr6p
chr6	17500000	0.0302462152654108	0.799949	0.1369838410616432	-0.0170553532465443	0.0009225092250922	pat	6	170805979	17.5	153.305979		42.3	end_p	17.0	chr6p
chr6	18500000	0.0465936396274225	0.69132	0.20020095850969	0.2654495942416139	0.0013530135301353	pat	6	170805979	18.5	152.305979		41.3	end_p	18.0	chr6p
chr6	19500000	0.0415826336299916	0.652688	0.1793842945199664	0.2391036078454389	0.001230012300123	pat	6	170805979	19.5	151.305979		40.3	end_p	19.0	chr6p
chr6	20500000	0.0256063217832251	0.760871	0.1176427071329004	-0.0751389432137596	0.0007380073800738	pat	6	170805979	20.5	150.305979		39.3	interior		
chr6	21500000	0.0130746669546629	0.680031	0.0658992878186515	-0.3409786134711142	0.0003690036900369	pat	6	170805979	21.5	149.305979		38.3	interior		
chr6	22500000	0.0130110856383743	0.787862	0.0678015825534971	-0.4063480205063978	0.000430504305043	pat	6	170805979	22.5	148.305979		37.3	interior		
chr6	23500000	0.0188424994517115	0.759456	0.090559117806846	-0.2238563899664379	0.0007380073800738	pat	6	170805979	23.5	147.305979		36.3	interior		
chr6	24500000	0.0192876486966026	0.617672	0.0895040347864103	-0.1122399519827743	0.0007380073800738	pat	6	170805979	24.5	146.305979		35.3	interior		
chr6	25500000	0.020452952136686	0.399665	0.0898051085467439	0.1334803924920438	0.0006150061500615	pat	6	170805979	25.5	145.305979		34.3	interior		
chr6	26500000	0.013906574757582	0.202197	0.059670239030328	0.2748393173227143	0.0002460024600246	pat	6	170805979	26.5	144.305979		33.3	interior		
chr6	27500000	0.0165816961351047	0.102458	0.0683759445404188	0.6106484211071842	0.0001845018450184	pat	6	170805979	27.5	143.305979		32.3	interior		
chr6	28500000	0.0167914557469137	0.117653	0.0695188829876548	0.5697122586616173	6.150061500615006e-05	pat	6	170805979	28.5	142.305979		31.299999999999997	interior		
chr6	29500000	0.0254067030701544	0.216123	0.1059492722806176	0.5006057403655075	6.150061500615006e-05	pat	6	170805979	29.5	141.305979		30.299999999999997	interior		
chr6	30500000	0.0381892573929121	0.315118	0.1590593895716484	0.5119250420767386	0.0	pat	6	170805979	30.5	140.305979		29.299999999999997	interior		
chr6	31500000	0.0381892573929121	0.389839	0.1605538095716484	0.4292212435733587	0.0	pat	6	170805979	31.5	139.305979		28.299999999999997	interior		
chr6	32500000	0.0363703945685632	0.421483	0.1539112382742528	0.3761085733151144	0.0002460024600246	pat	6	170805979	32.5	138.305979		27.299999999999997	interior		
chr6	33500000	0.0310700277231145	0.382653	0.1319331708924579	0.349688639061523	0.0003690036900369	pat	6	170805979	33.5	137.305979		26.299999999999997	interior		
chr6	34500000	0.0291040422453722	0.30446	0.1225053689814888	0.4191827351994349	0.0004920049200492	pat	6	170805979	34.5	136.305979		25.299999999999997	interior		
chr6	35500000	0.0432886784132807	0.383443	0.1808235736531228	0.485290523734531	0.0008610086100861	pat	6	170805979	35.5	135.305979		24.299999999999997	interior		
chr6	36500000	0.0466451174936239	0.5439	0.1974584699744956	0.3734556926991779	0.0009840098400984	pat	6	170805979	36.5	134.305979		23.299999999999997	interior		
chr6	37500000	0.0578421367476861	0.598604	0.2433406269907444	0.4236155298791941	0.0014145141451414	pat	6	170805979	37.5	133.305979		22.299999999999997	interior		
chr6	38500000	0.0559408557018583	0.699589	0.2377552028074332	0.3429504490038082	0.0013530135301353	pat	6	170805979	38.5	132.305979		21.299999999999997	interior		
chr6	39500000	0.0518301832359909	0.746507	0.2222508729439636	0.2792009764227471	0.0013530135301353	pat	6	170805979	39.5	131.305979		20.299999999999997	interior		
chr6	40500000	0.0347969423637968	0.877201	0.1567317894551872	0.0069280206314614	0.0009225092250922	pat	6	170805979	40.5	130.305979		19.299999999999997	interior		
chr6	41500000	0.0306667042864449	0.796429	0.1385953971457796	-0.007948617894408	0.0006765067650676	pat	6	170805979	41.5	129.305979		18.299999999999997	interior		
chr6	42500000	0.0344879063107189	0.608067	0.1501129652428756	0.1835879492063651	0.0006765067650676	pat	6	170805979	42.5	128.305979		17.299999999999997	interior		
chr6	43500000	0.0403447153845059	0.466677	0.1707124015380236	0.3769013263687172	0.0008610086100861	pat	6	170805979	43.5	127.305979		16.299999999999997	interior		
chr6	44500000	0.0240702736403424	0.454875	0.1053785945613696	0.1498714523662236	0.0006150061500615	pat	6	170805979	44.5	126.305979		15.299999999999997	interior		
chr6	45500000	0.0231936678220169	0.667903	0.1061327312880676	-0.0595299047279327	0.0006150061500615	pat	6	170805979	45.5	125.305979		14.299999999999997	interior		
chr6	46500000	0.020836946497202	0.733278	0.098013345988808	-0.1585189995603228	0.0004920049200492	pat	6	170805979	46.5	124.305979		13.299999999999997	interior		
chr6	47500000	0.0206081509179058	0.563222	0.0936970436716232	-0.0334496631025756	0.0004920049200492	pat	6	170805979	47.5	123.305979		12.299999999999997	interior		
chr6	48500000	0.0155014720656071	0.338344	0.0687727682624284	0.078803646387513	0.0003690036900369	pat	6	170805979	48.5	122.305979		11.299999999999997	interior		
chr6	49500000	0.0193236770741463	0.268798	0.0826706682965852	0.295166926480056	0.000430504305043	pat	6	170805979	49.5	121.305979		10.299999999999997	interior		
chr6	50500000	0.0205085418289145	0.267254	0.087379247315658	0.3246644830844553	0.0004920049200492	pat	6	170805979	50.5	120.305979		9.299999999999997	other		
chr6	51500000	0.0223472648642169	0.291861	0.0952262794568676	0.3236730599935597	0.0005535055350553	pat	6	170805979	51.5	119.305979		8.299999999999997	other		
chr6	52500000	0.0211040107237434	0.359961	0.0916152628949736	0.1995512557323313	0.0006150061500615	pat	6	170805979	52.5	118.305979		7.299999999999997	other		
chr6	53500000	0.018993159968632	0.335006	0.082672759874528	0.1833979797694659	0.0005535055350553	pat	6	170805979	53.5	117.305979		6.299999999999997	other		
chr6	54500000	0.0209237081228636	0.272548	0.0891457924914544	0.3248550959146197	0.0006765067650676	pat	6	170805979	54.5	116.305979		5.299999999999997	other		
chr6	55500000	0.0283164779014539	0.14652	0.1161963116058156	0.6632939295731962	0.0008610086100861	pat	6	170805979	55.5	115.305979		4.299999999999997	other		
chr6	56500000	0.0435779071107374	0.112806	0.1765677484429496	0.8160814937403204	0.0009225092250922	pat	6	170805979	56.5	114.305979		3.299999999999997	other		
chr6	57500000	0.0961090418565307	0.058468	0.3856055274261228	0.9535064082310272	0.0011685116851168	pat	6	170805979	57.5	113.305979		2.299999999999997	other		
chr6	58500000	0.1695997797950022	0.01213	0.6786417191800088	0.9944194592104528	0.0006765067650676	pat	6	170805979	58.5	112.305979		1.2999999999999972	other		
chr6	59500000	0.1834245162837974	0.002265	0.7337433651351897	0.9990342708719576	0.0006150061500615	pat	6	170805979	59.5	111.305979		0.29999999999999716	other		
chr6	60500000	0.0278649160547489	0.006543	0.1115905242189956	0.981794522587655	0.0002460024600246	pat	6	170805979	60.5	110.305979		0.7000000000000028	other		
chr6	61500000	0.0169070939806065	0.011647	0.067861315922426	0.947513236458688	0.0002460024600246	pat	6	170805979	61.5	109.305979		1.7000000000000028	other		
chr6	62500000	0.0112857389373694	0.028693	0.0457168157494776	0.8190665692614977	0.0001845018450184	pat	6	170805979	62.5	108.305979		2.700000000000003	other		
chr6	63500000	0.0086818983670934	0.065071	0.0360290134683735	0.5465244784295331	0.0001230012300123	pat	6	170805979	63.5	107.305979		3.700000000000003	other		
chr6	64500000	0.0110160650888062	0.088328	0.0458308203552248	0.5224329577159643	0.0002460024600246	pat	6	170805979	64.5	106.305979		4.700000000000003	other		
chr6	65500000	0.0119901001833564	0.11623	0.0502850007334256	0.4500688536397749	0.000430504305043	pat	6	170805979	65.5	105.305979		5.700000000000003	other		
chr6	66500000	0.0111372382650057	0.114275	0.0468344530600228	0.4271248775602984	0.000430504305043	pat	6	170805979	66.5	104.305979		6.700000000000003	other		
chr6	67500000	0.0080228000870432	0.185318	0.0357975603481728	0.050595325950353	0.0003075030750307	pat	6	170805979	67.5	103.305979		7.700000000000003	other		
chr6	68500000	0.0070101575881489	0.172137	0.0314833703525956	0.0200635119746312	0.0001845018450184	pat	6	170805979	68.5	102.305979		8.700000000000003	other		
chr6	69500000	0.0064855266297765	0.289288	0.031727866519106	-0.271417489361593	0.0001230012300123	pat	6	170805979	69.5	101.305979		9.700000000000003	other		
chr6	70500000	0.0186820898221046	0.30249	0.0807781592884183	0.2244050797805292	0.0004920049200492	pat	6	170805979	70.5	100.305979		10.700000000000003	interior		
chr6	71500000	0.0219837185122592	0.431356	0.0965619940490368	0.1314505678957497	0.0006150061500615	pat	6	170805979	71.5	99.305979		11.700000000000003	interior		
chr6	72500000	0.0246299686110979	0.442227	0.1073644144443916	0.1747884123747292	0.0006765067650676	pat	6	170805979	72.5	98.305979		12.700000000000003	interior		
chr6	73500000	0.0161995290910483	0.389429	0.0725866963641932	0.0306721306579781	0.000430504305043	pat	6	170805979	73.5	97.305979		13.700000000000003	interior		
chr6	74500000	0.0216094341248458	0.428057	0.0949988764993832	0.126782342717123	0.0004920049200492	pat	6	170805979	74.5	96.305979		14.700000000000003	interior		
chr6	75500000	0.0194583219748713	0.348474	0.0848027678994852	0.1760341689070335	0.0004920049200492	pat	6	170805979	75.5	95.305979		15.700000000000003	interior		
chr6	76500000	0.020687325356689	0.329316	0.089335621426756	0.2324550237724542	0.0005535055350553	pat	6	170805979	76.5	94.305979		16.700000000000003	interior		
chr6	77500000	0.0130398449722739	0.150715	0.0551736798890956	0.3772427307257854	0.0003690036900369	pat	6	170805979	77.5	93.305979		17.700000000000003	interior		
chr6	78500000	0.0148297750358356	0.165885	0.0626368001433424	0.3911885458259747	0.0003690036900369	pat	6	170805979	78.5	92.305979		18.700000000000003	interior		
chr6	79500000	0.0091474884903475	0.140483	0.0393996139613899	0.2493577732158252	0.0001845018450184	pat	6	170805979	79.5	91.305979		19.700000000000003	interior		
chr6	80500000	0.0079605402748918	0.187634	0.0355948410995672	0.040511073676548	0.0001230012300123	pat	6	170805979	80.5	90.305979		20.700000000000003	interior		
chr6	81500000	0.0040842310137199	0.222599	0.0207889040548795	-0.3614804166734348	0.0	pat	6	170805979	81.5	89.305979		21.700000000000003	interior		
chr6	82500000	0.009145027859088	0.275611	0.042092331436352	-0.0821729043269941	0.0001230012300123	pat	6	170805979	82.5	88.305979		22.700000000000003	interior		
chr6	83500000	0.0153431505968021	0.319321	0.0677590223872084	0.1024073357663664	0.0003075030750307	pat	6	170805979	83.5	87.305979		23.700000000000003	interior		
chr6	84500000	0.0244146110528596	0.254319	0.1027448242114384	0.4209348482064141	0.0006150061500615	pat	6	170805979	84.5	86.305979		24.700000000000003	interior		
chr6	85500000	0.0179400332313269	0.20743	0.0759087329253076	0.3770805063572068	0.0004920049200492	pat	6	170805979	85.5	85.305979		25.700000000000003	interior		
chr6	86500000	0.0126061341022542	0.226224	0.0549490164090167	0.1750391283462085	0.0003075030750307	pat	6	170805979	86.5	84.305979		26.700000000000003	interior		
chr6	87500000	0.0190891088733792	0.312271	0.0826018554935168	0.2195228329855449	0.0004920049200492	pat	6	170805979	87.5	83.305979		27.700000000000003	interior		
chr6	88500000	0.0260027528501476	0.451614	0.1130432914005904	0.1908496027120585	0.0006765067650676	pat	6	170805979	88.5	82.305979		28.700000000000003	interior		
chr6	89500000	0.0487550727654189	0.855505	0.2121303910616755	0.1859029736502402	0.0011685116851168	pat	6	170805979	89.5	81.305979		29.700000000000003	interior		
chr6	90500000	0.0287801245989561	0.956931	0.1342591183958244	-0.130739050715556	0.0007380073800738	pat	6	170805979	90.5	80.305979		30.700000000000003	interior		
chr6	91500000	0.0297833903143961	0.954175	0.1382170612575844	-0.1124391961322626	0.0008610086100861	pat	6	170805979	91.5	79.305979		31.700000000000003	interior		
chr6	92500000	0.0143678897741461	0.573527	0.0689420990965844	-0.2192547961889265	0.0003690036900369	pat	6	170805979	92.5	78.305979		32.7	interior		
chr6	93500000	0.0162662934515895	0.497314	0.075011453806358	-0.0892933557938016	0.000430504305043	pat	6	170805979	93.5	77.305979		33.7	interior		
chr6	94500000	0.009783246147692	0.557557	0.0502841245907679	-0.380731810920402	0.0001230012300123	pat	6	170805979	94.5	76.305979		34.7	interior		
chr6	95500000	0.0125194891817772	0.659047	0.0632588967271088	-0.3462905613381912	0.0002460024600246	pat	6	170805979	95.5	75.305979		35.7	interior		
chr6	96500000	0.0117586860406088	0.652387	0.0600824841624352	-0.3691955899365514	0.0001845018450184	pat	6	170805979	96.5	74.305979		36.7	interior		
chr6	97500000	0.0190538949174194	0.659716	0.0894098996696775	-0.1505835784838781	0.000430504305043	pat	6	170805979	97.5	73.305979		37.7	interior		
chr6	98500000	0.0152178715486753	0.576067	0.0723928261947012	-0.193860465462061	0.0003075030750307	pat	6	170805979	98.5	72.305979		38.7	interior		
chr6	99500000	0.0184767891581062	0.672017	0.0873474966324247	-0.1745469709646745	0.000430504305043	pat	6	170805979	99.5	71.305979		39.7	interior		
chr6	100500000	0.0136184726020601	0.644233	0.0673585504082404	-0.2984208773686632	0.0003075030750307	pat	6	170805979	100.5	70.305979		40.7	interior		
chr6	101500000	0.0179839671245539	0.566321	0.0832622884982156	-0.1039320900751011	0.000430504305043	pat	6	170805979	101.5	69.305979		41.7	interior		
chr6	102500000	0.0150970269645948	0.495583	0.0702997678583792	-0.124438711110635	0.0005535055350553	pat	6	170805979	102.5	68.305979		42.7	interior		
chr6	103500000	0.0165821762756827	0.46193	0.0755673051027308	-0.0429845291701669	0.0006150061500615	pat	6	170805979	103.5	67.305979		43.7	interior		
chr6	104500000	0.0294661303809291	0.769931	0.1332631415237164	-0.0109978164142787	0.0009840098400984	pat	6	170805979	104.5	66.305979		44.7	interior		
chr6	105500000	0.0348493542739026	0.849306	0.1563835370956104	0.023834466444123	0.0009225092250922	pat	6	170805979	105.5	65.305979		45.7	interior		
chr6	106500000	0.0430850158172661	0.91407	0.1906214632690644	0.0928968898100296	0.0009225092250922	pat	6	170805979	106.5	64.305979		46.7	interior		
chr6	107500000	0.0283493218191339	0.781365	0.1290245872765356	-0.0376703572215496	0.0006150061500615	pat	6	170805979	107.5	63.305979		47.7	interior		
chr6	108500000	0.0343821579697462	0.790552	0.1533396718789847	0.0528852282249194	0.0007380073800738	pat	6	170805979	108.5	62.305979		48.7	interior		
chr6	109500000	0.0340927638185832	0.716588	0.1507028152743328	0.0975126500679352	0.0007380073800738	pat	6	170805979	109.5	61.305979		49.7	interior		
chr6	110500000	0.0336669693840985	0.669475	0.148057377536394	0.1248877146814594	0.0007380073800738	pat	6	170805979	110.5	60.305979		50.7	interior		
chr6	111500000	0.0256575706069825	0.567323	0.11397674242793	0.0723596976007392	0.0005535055350553	pat	6	170805979	111.5	59.305979		51.7	interior		
chr6	112500000	0.0264879615334775	0.601169	0.11797522613391	0.0593686783902615	0.0006150061500615	pat	6	170805979	112.5	58.305979		52.7	interior		
chr6	113500000	0.0247306343771921	0.554597	0.1100144775087683	0.0653387353830031	0.0006150061500615	pat	6	170805979	113.5	57.305979		53.7	interior		
chr6	114500000	0.0180716803771307	0.411371	0.0805141415085228	0.0578919495448359	0.000430504305043	pat	6	170805979	114.5	56.305979		54.7	interior		
chr6	115500000	0.0128560685037493	0.30584	0.0575410740149971	0.0358929580154407	0.0002460024600246	pat	6	170805979	115.5	55.305979		55.7	interior		
chr6	116500000	0.0101352540290069	0.276701	0.0460750361160276	-0.0329154835755562	0.0001845018450184	pat	6	170805979	116.5	54.305979		56.7	interior		
chr6	117500000	0.0127432305023145	0.285992	0.056692762009258	0.0649580289806003	0.0002460024600246	pat	6	170805979	117.5	53.305979		57.7	interior		
chr6	118500000	0.0137319211282382	0.325486	0.0614374045129528	0.0377153927769681	0.0003075030750307	pat	6	170805979	118.5	52.305979		58.7	interior		
chr6	119500000	0.0113662174062586	0.27709	0.0510066696250344	0.0236786266433524	0.0002460024600246	pat	6	170805979	119.5	51.305979		59.7	interior		
chr6	120500000	0.0145927864001389	0.325276	0.0648766656005555	0.0683513426421722	0.0003690036900369	pat	6	170805979	120.5	50.305979		60.7	interior		
chr6	121500000	0.0126055343695602	0.363094	0.0576840174782408	-0.0596605142076626	0.0003075030750307	pat	6	170805979	121.5	49.305979		61.7	interior		
chr6	122500000	0.0175270561477007	0.460035	0.0793089245908028	-0.013246185829067	0.0004920049200492	pat	6	170805979	122.5	48.305979		62.7	interior		
chr6	123500000	0.0124114552975519	0.546843	0.0605826811902076	-0.2657074526943456	0.0003075030750307	pat	6	170805979	123.5	47.305979		63.7	interior		
chr6	124500000	0.0126252431476915	0.604436	0.062589692590766	-0.3038604868390299	0.0003075030750307	pat	6	170805979	124.5	46.305979		64.7	interior		
chr6	125500000	0.0105036150853349	0.449679	0.0510080403413396	-0.2523076274000961	0.0001230012300123	pat	6	170805979	125.5	45.305979		65.7	interior		
chr6	126500000	0.0108245277124703	0.412064	0.0515393908498812	-0.1965588418175522	0.0001230012300123	pat	6	170805979	126.5	44.305979		66.7	interior		
chr6	127500000	0.0133333452693681	0.431428	0.0619619410774724	-0.1173417813656945	0.0001230012300123	pat	6	170805979	127.5	43.305979		67.7	interior		
chr6	128500000	0.0102977935725189	0.600211	0.0531953942900756	-0.3902919077678655	0.0001230012300123	pat	6	170805979	128.5	42.305979		68.7	interior		
chr6	129500000	0.0106982274936011	0.608089	0.0549546899744044	-0.3795982156328706	0.0001845018450184	pat	6	170805979	129.5	41.305979		69.7	interior		
chr6	130500000	0.0138114645853051	0.559225	0.0664303583412204	-0.2260235994848879	0.0003075030750307	pat	6	170805979	130.5	40.305979		70.7	interior		
chr6	131500000	0.0156517872968666	0.563403	0.0738752091874664	-0.1695211293397225	0.0003690036900369	pat	6	170805979	131.5	39.305979		71.7	interior		
chr6	132500000	0.0205829933744595	0.536487	0.093061713497838	-0.0097568206249563	0.0004920049200492	pat	6	170805979	132.5	38.305979		72.7	interior		
chr6	133500000	0.0195444105748911	0.622049	0.0906186222995644	-0.1091961703567751	0.0004920049200492	pat	6	170805979	133.5	37.305979		73.7	interior		
chr6	134500000	0.028330070149061	0.618286	0.125686000596244	0.0788537304291019	0.0006765067650676	pat	6	170805979	134.5	36.305979		74.7	interior		
chr6	135500000	0.0329724412449503	0.660185	0.1450934649798012	0.1215041642757933	0.0006765067650676	pat	6	170805979	135.5	35.305979		75.7	interior		
chr6	136500000	0.0304052091283581	0.885117	0.1393231765134324	-0.0649300188479918	0.0006765067650676	pat	6	170805979	136.5	34.305979		76.7	interior		
chr6	137500000	0.0233232331351468	1.059098	0.1144748925405872	-0.2796754924034115	0.0005535055350553	pat	6	170805979	137.5	33.305979		77.7	interior		
chr6	138500000	0.0161786418220499	1.258843	0.0898914272881996	-0.5054479825294851	0.000430504305043	pat	6	170805979	138.5	32.305979		78.7	interior		
chr6	139500000	0.0136116925344373	0.79701	0.0703869701377492	-0.3922340705619403	0.0002460024600246	pat	6	170805979	139.5	31.305979		79.7	interior		
chr6	140500000	0.0100346388984744	0.537675	0.0508920555938975	-0.3540566089717747	0.0001230012300123	pat	6	170805979	140.5	30.305979		80.7	interior		
chr6	141500000	0.0113048802101888	0.356803	0.0523555808407552	-0.1050541479953588	0.0001230012300123	pat	6	170805979	141.5	29.305979		81.7	interior		
chr6	142500000	0.0182428432851216	0.606059	0.0850925531404864	-0.1303253365330956	0.0003690036900369	pat	6	170805979	142.5	28.305979		82.7	interior		
chr6	143500000	0.0217118535156516	0.645893	0.0997652740626064	-0.0757111368900255	0.0004920049200492	pat	6	170805979	143.5	27.305979		83.7	interior		
chr6	144500000	0.0202767996146673	0.506443	0.0912360584586692	0.0115637223673001	0.0004920049200492	pat	6	170805979	144.5	26.305979		84.7	interior		
chr6	145500000	0.0257218190184699	0.537352	0.1136343160738796	0.1005338047681669	0.0006150061500615	pat	6	170805979	145.5	25.305979		85.7	interior		
chr6	146500000	0.0235634022341716	0.638186	0.1070173289366864	-0.0289279875159501	0.0005535055350553	pat	6	170805979	146.5	24.305979		86.7	interior		
chr6	147500000	0.0407790640374886	1.130108	0.1857184161499543	-0.0403963892523276	0.0009840098400984	pat	6	170805979	147.5	23.305979		87.7	interior		
chr6	148500000	0.0279345880337122	0.953514	0.1308086321348488	-0.1436130593993778	0.0007995079950799	pat	6	170805979	148.5	22.305979		88.7	interior		
chr6	149500000	0.0342382603699503	1.257289	0.1620988214798012	-0.1791972922989956	0.0011070110701107	pat	6	170805979	149.5	21.305979		89.7	interior		
chr6	150500000	0.0266323708743969	1.121681	0.1289631034975876	-0.2446335376362107	0.0007995079950799	pat	6	170805979	150.5	20.305979		90.7	interior		
chr6	151500000	0.0229613382489638	1.377194	0.1193892329958551	-0.4023622522283327	0.0007380073800738	pat	6	170805979	151.5	19.305979		91.7	end_q	19.0	chr6q
chr6	152500000	0.02636902880328	1.280107	0.13107825521312	-0.310160459995869	0.0008610086100861	pat	6	170805979	152.5	18.305979		92.7	end_q	18.0	chr6q
chr6	153500000	0.0239248848862368	1.293124	0.1215620195449471	-0.3578492699267528	0.0007995079950799	pat	6	170805979	153.5	17.305979		93.7	end_q	17.0	chr6q
chr6	154500000	0.0268933083826236	1.217185	0.1319169335304944	-0.2781518731213157	0.0008610086100861	pat	6	170805979	154.5	16.305979		94.7	end_q	16.0	chr6q
chr6	155500000	0.0204318665854377	1.183806	0.1054035863417508	-0.3877640053999558	0.0005535055350553	pat	6	170805979	155.5	15.305979		95.7	end_q	15.0	chr6q
chr6	156500000	0.0327481857990711	1.074184	0.1524764231962844	-0.1240606416732181	0.0007995079950799	pat	6	170805979	156.5	14.305979		96.7	end_q	14.0	chr6q
chr6	157500000	0.0363034827212323	0.937972	0.1639733708849292	-0.0053717076992206	0.0009225092250922	pat	6	170805979	157.5	13.305979		97.7	end_q	13.0	chr6q
chr6	158500000	0.0267917619039737	0.815999	0.1234870276158947	-0.0874042894589033	0.0007380073800738	pat	6	170805979	158.5	12.305979		98.7	end_q	12.0	chr6q
chr6	159500000	0.0227930499336279	0.680104	0.1047742797345116	-0.0772096080463368	0.0006765067650676	pat	6	170805979	159.5	11.305979		99.7	end_q	11.0	chr6q
chr6	160500000	0.0495006969235655	1.116458	0.220331947694262	0.0624850846998475	0.0015375153751537	pat	6	170805979	160.5	10.305979		100.7	end_q	10.0	chr6q
chr6	161500000	0.0625943814328074	1.151681	0.2734111457312296	0.1629155269305899	0.0020295202952029	pat	6	170805979	161.5	9.305979		101.7	end_q	9.0	chr6q
chr6	162500000	0.085758825874716	1.450024	0.372035783498864	0.2037417392034099	0.0029520295202952	pat	6	170805979	162.5	8.305979		102.7	end_q	8.0	chr6q
chr6	163500000	0.0597844194291162	1.321717	0.2655720177164647	0.0724334502252691	0.0020910209102091	pat	6	170805979	163.5	7.305979		103.7	end_q	7.0	chr6q
chr6	164500000	0.0744794146499828	2.117444	0.3402665385999311	-0.0531395496067891	0.0025215252152521	pat	6	170805979	164.5	6.305979		104.7	end_q	6.0	chr6q
chr6	165500000	0.0508090916831289	2.407504	0.2513864467325156	-0.299166387904447	0.0017220172201722	pat	6	170805979	165.5	5.305979		105.7	end_q	5.0	chr6q
chr6	166500000	0.073350086421109	2.530408	0.344008505684436	-0.1488015505742397	0.0021525215252152	pat	6	170805979	166.5	4.305979		106.7	end_q	4.0	chr6q
chr6	167500000	0.0531476018101988	2.393407	0.2604585472407952	-0.2758351812418559	0.0014145141451414	pat	6	170805979	167.5	3.305979		107.7	end_q	3.0	chr6q
chr6	168500000	0.0566661090858483	2.671377	0.2800919763433932	-0.2968440064878395	0.0014145141451414	pat	6	170805979	168.5	2.305979		108.7	end_q	2.0	chr6q
chr6	169500000	0.0619569074419332	2.993453	0.3076966897677328	-0.3080055536088228	0.0014145141451414	pat	6	170805979	169.5	1.305979		109.7	end_q	1.0	chr6q
chr6	170500000	0.0802815903158461	2.961212	0.3803506012633844	-0.1813471957234434	0.0011685116851168	pat	6	170805979	170.5	0.305979		110.7	end_q	0.0	chr6q
chr7	500000	0.2360882846879124	1.860793	0.9815689987516496	0.5286396777559651	0.0037515375153751	pat	7	159345973	0.5	158.845973		59.6	end_p	0.0	chr7p
chr7	1500000	0.2153857203772029	2.187221	0.9052873015088116	0.4313492260354764	0.0047970479704797	pat	7	159345973	1.5	157.845973		58.6	end_p	1.0	chr7p
chr7	2500000	0.0802619665617065	2.210324	0.365254346246826	-0.0372505677004581	0.0020910209102091	pat	7	159345973	2.5	156.845973		57.6	end_p	2.0	chr7p
chr7	3500000	0.1014085201811277	2.465142	0.4549369207245108	0.0251023861439848	0.0027675276752767	pat	7	159345973	3.5	155.845973		56.6	end_p	3.0	chr7p
chr7	4500000	0.0847128137997896	1.967675	0.3782047551991583	0.0478244153145937	0.0019680196801968	pat	7	159345973	4.5	154.845973		55.6	end_p	4.0	chr7p
chr7	5500000	0.0982817080094325	1.771777	0.42856237203773	0.1728289692396998	0.001660516605166	pat	7	159345973	5.5	153.845973		54.6	end_p	5.0	chr7p
chr7	6500000	0.0425327868827489	1.253793	0.1952070075309956	-0.0711746976514276	0.0009225092250922	pat	7	159345973	6.5	152.845973		53.6	end_p	6.0	chr7p
chr7	7500000	0.0228782411065975	1.651372	0.12454040442639	-0.4769713136037208	0.0007380073800738	pat	7	159345973	7.5	151.845973		52.6	end_p	7.0	chr7p
chr7	8500000	0.0158024612758091	1.592735	0.0950645451032364	-0.595399514586864	0.0007380073800738	pat	7	159345973	8.5	150.845973		51.6	end_p	8.0	chr7p
chr7	9500000	0.0126669244229048	1.172883	0.0741253576916192	-0.5673332139453008	0.0005535055350553	pat	7	159345973	9.5	149.845973		50.6	end_p	9.0	chr7p
chr7	10500000	0.0146430354143448	0.847078	0.0755137016573792	-0.3870984404339751	0.0006765067650676	pat	7	159345973	10.5	148.845973		49.6	end_p	10.0	chr7p
chr7	11500000	0.0152396283848738	1.145447	0.0838674535394952	-0.4924534283058372	0.0006765067650676	pat	7	159345973	11.5	147.845973		48.6	end_p	11.0	chr7p
chr7	12500000	0.0206981064845012	1.486012	0.1125126659380048	-0.4748959068413506	0.0009225092250922	pat	7	159345973	12.5	146.845973		47.6	end_p	12.0	chr7p
chr7	13500000	0.0301896232368344	1.309992	0.1469583329473376	-0.2586000771442455	0.001230012300123	pat	7	159345973	13.5	145.845973		46.6	end_p	13.0	chr7p
chr7	14500000	0.0350761905949645	1.008306	0.160470882379858	-0.0586533530801091	0.0012915129151291	pat	7	159345973	14.5	144.845973		45.6	end_p	14.0	chr7p
chr7	15500000	0.023355475956813	0.852507	0.110472043827252	-0.1762826735539827	0.0007995079950799	pat	7	159345973	15.5	143.845973		44.6	end_p	15.0	chr7p
chr7	16500000	0.0119656838179032	0.777023	0.0634031952716128	-0.4351093602342303	0.0003690036900369	pat	7	159345973	16.5	142.845973		43.6	end_p	16.0	chr7p
chr7	17500000	0.0194437211190635	0.877918	0.0953332444762539	-0.2770491474560618	0.0005535055350553	pat	7	159345973	17.5	141.845973		42.6	end_p	17.0	chr7p
chr7	18500000	0.024502010140176	0.780333	0.113614700560704	-0.1095103995868512	0.0006765067650676	pat	7	159345973	18.5	140.845973		41.6	end_p	18.0	chr7p
chr7	19500000	0.033592146762535	0.875038	0.15186934705014	-0.0094557691482853	0.0009840098400984	pat	7	159345973	19.5	139.845973		40.6	end_p	19.0	chr7p
chr7	20500000	0.023015689870002	0.810006	0.108262879480008	-0.1585522888337177	0.0007995079950799	pat	7	159345973	20.5	138.845973		39.6	interior		
chr7	21500000	0.0323103226805263	1.173555	0.1527123907221051	-0.1738865347397916	0.0012915129151291	pat	7	159345973	21.5	137.845973		38.6	interior		
chr7	22500000	0.0251412567259955	1.123567	0.123036366903982	-0.2722990484221204	0.0009840098400984	pat	7	159345973	22.5	136.845973		37.6	interior		
chr7	23500000	0.0304447557538492	1.043696	0.1426529430153968	-0.145728492597786	0.0011685116851168	pat	7	159345973	23.5	135.845973		36.6	interior		
chr7	24500000	0.0286102642813367	0.827012	0.1309812971253467	-0.0614179789884781	0.0010455104551045	pat	7	159345973	24.5	134.845973		35.6	interior		
chr7	25500000	0.0261986986437922	0.741751	0.1196298145751688	-0.0510759994834169	0.0009840098400984	pat	7	159345973	25.5	133.845973		34.6	interior		
chr7	26500000	0.0174777292464384	0.748355	0.0848780169857535	-0.25237106584403	0.0005535055350553	pat	7	159345973	26.5	132.845973		33.6	interior		
chr7	27500000	0.03153022306404	1.043122	0.14698333225616	-0.1282714499377063	0.0008610086100861	pat	7	159345973	27.5	131.845973		32.6	interior		
chr7	28500000	0.0392155827165969	1.218625	0.1812348308663876	-0.0973612856192166	0.0010455104551045	pat	7	159345973	28.5	130.845973		31.6	interior		
chr7	29500000	0.0606666872493469	1.302849	0.2687237289973876	0.0868550768556092	0.0014145141451414	pat	7	159345973	29.5	129.845973		30.6	interior		
chr7	30500000	0.054174087320342	1.081914	0.238334629281368	0.1227669057224069	0.0013530135301353	pat	7	159345973	30.5	128.845973		29.6	interior		
chr7	31500000	0.0641594286713362	1.060974	0.2778571946853448	0.2143683620093566	0.0014760147601476	pat	7	159345973	31.5	127.845973		28.6	interior		
chr7	32500000	0.0621354788230817	1.003269	0.2686072952923268	0.2257251986634081	0.0015990159901599	pat	7	159345973	32.5	126.845973		27.6	interior		
chr7	33500000	0.0357005756038878	0.864836	0.1600990224155511	0.0268384623266443	0.0009225092250922	pat	7	159345973	33.5	125.845973		26.6	interior		
chr7	34500000	0.0265201528723055	0.702452	0.120129651489222	-0.0178027398953182	0.0006150061500615	pat	7	159345973	34.5	124.845973		25.6	interior		
chr7	35500000	0.0149804548179141	0.714004	0.0742018992716564	-0.3018371374788524	0.0003075030750307	pat	7	159345973	35.5	123.845973		24.6	interior		
chr7	36500000	0.0192884635481936	0.848275	0.0941193541927744	-0.2648502535666393	0.0004920049200492	pat	7	159345973	36.5	122.845973		23.6	interior		
chr7	37500000	0.0193999766722648	0.903455	0.0956690066890592	-0.2912629834231143	0.0006150061500615	pat	7	159345973	37.5	121.845973		22.6	interior		
chr7	38500000	0.0155182496171809	0.774465	0.0775622984687236	-0.3226000035208452	0.0004920049200492	pat	7	159345973	38.5	120.845973		21.6	interior		
chr7	39500000	0.015006500531784	0.729271	0.0746114221271359	-0.310636301856142	0.000430504305043	pat	7	159345973	39.5	119.845973		20.6	interior		
chr7	40500000	0.0263882712155108	0.839288	0.1223388448620432	-0.1088526762310028	0.0006765067650676	pat	7	159345973	40.5	118.845973		19.6	interior		
chr7	41500000	0.0256243044095413	0.859865	0.1196945176381652	-0.1352517112366671	0.0006150061500615	pat	7	159345973	41.5	117.845973		18.6	interior		
chr7	42500000	0.0309195905331329	0.65779	0.1368341621325316	0.0915267049262534	0.0007995079950799	pat	7	159345973	42.5	116.845973		17.6	interior		
chr7	43500000	0.0431534061364079	0.416061	0.1809348445456315	0.4522269265667989	0.0009225092250922	pat	7	159345973	43.5	115.845973		16.6	interior		
chr7	44500000	0.0592795404888035	0.401554	0.245149241955214	0.5810143057951507	0.001230012300123	pat	7	159345973	44.5	114.845973		15.600000000000001	interior		
chr7	45500000	0.0402401845927494	0.33792	0.1677191383709976	0.505420573754536	0.0009225092250922	pat	7	159345973	45.5	113.845973		14.600000000000001	interior		
chr7	46500000	0.0196904676486144	0.416325	0.0870883705944576	0.0945821083593906	0.0006150061500615	pat	7	159345973	46.5	112.845973		13.600000000000001	interior		
chr7	47500000	0.0096605632950512	0.357922	0.0458006931802048	-0.1834979275667002	0.0003075030750307	pat	7	159345973	47.5	111.845973		12.600000000000001	interior		
chr7	48500000	0.0147752705335252	0.408452	0.0672701221341008	-0.0391582824960076	0.0004920049200492	pat	7	159345973	48.5	110.845973		11.600000000000001	interior		
chr7	49500000	0.0118036496157496	0.381879	0.0548521784629984	-0.1172739553617239	0.0003075030750307	pat	7	159345973	49.5	109.845973		10.600000000000001	interior		
chr7	50500000	0.0215864972154957	0.373345	0.0938128888619828	0.1928677198104514	0.0006765067650676	pat	7	159345973	50.5	108.845973		9.600000000000001	other		
chr7	51500000	0.0156407382807646	0.266816	0.0678992731230584	0.199480318816396	0.0005535055350553	pat	7	159345973	51.5	107.845973		8.600000000000001	other		
chr7	52500000	0.0165505094315262	0.165934	0.0695207177261048	0.4365372827331842	0.0006150061500615	pat	7	159345973	52.5	106.845973		7.600000000000001	other		
chr7	53500000	0.0060392943229515	0.113714	0.026431457291806	0.1516528613779832	0.0001845018450184	pat	7	159345973	53.5	105.845973		6.600000000000001	other		
chr7	54500000	0.0157353037410116	0.138433	0.0657098749640464	0.4878932144318018	0.000430504305043	pat	7	159345973	54.5	104.845973		5.600000000000001	other		
chr7	55500000	0.020546877041738	0.117113	0.084529768166952	0.6353376084971732	0.0003690036900369	pat	7	159345973	55.5	103.845973		4.600000000000001	other		
chr7	56500000	0.0571248666375724	0.089838	0.2302962265502896	0.8840799723574292	0.0004920049200492	pat	7	159345973	56.5	102.845973		3.6000000000000014	other		
chr7	57500000	0.0548816682810071	0.025251	0.2200316931240284	0.9646362991187672	0.0001230012300123	pat	7	159345973	57.5	101.845973		2.6000000000000014	other		
chr7	58500000	0.0697660156639253	0.01394	0.2793428626557012	0.9844871564594504	0.0001230012300123	pat	7	159345973	58.5	100.845973		1.6000000000000014	other		
chr7	59500000	0.0381892573929121	4.7e-05	0.1527579695716484	0.9999037080465252	0.0	pat	7	159345973	59.5	99.845973		0.6000000000000014	other		
chr7	60500000	0.0381892573929121	4.9e-05	0.1527580095716484	0.999899610722264	0.0	pat	7	159345973	60.5	98.845973		0.3999999999999986	other		
chr7	61500000	0.0287715360732307	0.000217	0.1150904842929228	0.9994100396554068	0.0	pat	7	159345973	61.5	97.845973		1.3999999999999986	other		
chr7	62500000	0.0267733359879108	0.014623	0.1073858039516432	0.9581586079327198	0.0	pat	7	159345973	62.5	96.845973		2.3999999999999986	other		
chr7	63500000	0.0279013881741132	0.033238	0.1122703126964528	0.9109404506768506	0.0001845018450184	pat	7	159345973	63.5	95.845973		3.3999999999999986	other		
chr7	64500000	0.033766876245036	0.038964	0.135846784980144	0.9136124983049044	0.0002460024600246	pat	7	159345973	64.5	94.845973		4.399999999999999	other		
chr7	65500000	0.0444192351162804	0.036233	0.1784016004651216	0.9381492869136104	0.000430504305043	pat	7	159345973	65.5	93.845973		5.399999999999999	other		
chr7	66500000	0.0279463755944769	0.091999	0.1136254823779076	0.7718088724086689	0.0003075030750307	pat	7	159345973	66.5	92.845973		6.399999999999999	other		
chr7	67500000	0.0354166197229872	0.379528	0.1492570388919488	0.4092065863779247	0.0008610086100861	pat	7	159345973	67.5	91.845973		7.399999999999999	other		
chr7	68500000	0.0340647634613496	0.487848	0.1460160138453984	0.2818230149856517	0.0009225092250922	pat	7	159345973	68.5	90.845973		8.399999999999999	other		
chr7	69500000	0.0461159471944293	0.59249	0.1963135887777172	0.3309937502127812	0.0011685116851168	pat	7	159345973	69.5	89.845973		9.399999999999999	other		
chr7	70500000	0.0547852542540031	0.59335	0.2310080170160124	0.4047777547516233	0.0012915129151291	pat	7	159345973	70.5	88.845973		10.399999999999999	interior		
chr7	71500000	0.0493845223236934	0.529352	0.2081251292947736	0.4090944467704339	0.0011070110701107	pat	7	159345973	71.5	87.845973		11.399999999999999	interior		
chr7	72500000	0.0498007429657457	0.426115	0.2077252718629828	0.4984125432625312	0.0008610086100861	pat	7	159345973	72.5	86.845973		12.399999999999999	interior		
chr7	73500000	0.0359886057069668	0.300925	0.1499729228278672	0.5070138154316784	0.000430504305043	pat	7	159345973	73.5	85.845973		13.399999999999999	interior		
chr7	74500000	0.0502743072706245	0.365797	0.208413169082498	0.5568386186003783	0.0004920049200492	pat	7	159345973	74.5	84.845973		14.399999999999999	interior		
chr7	75500000	0.048790299691754	0.334858	0.201858358767016	0.5766598427513032	0.000430504305043	pat	7	159345973	75.5	83.845973		15.399999999999999	interior		
chr7	76500000	0.0244120618929712	0.322759	0.1041034275718848	0.3181767429289263	0.0002460024600246	pat	7	159345973	76.5	82.845973		16.4	interior		
chr7	77500000	0.0263008205618128	0.705012	0.1193035222472512	-0.0237714136473381	0.0005535055350553	pat	7	159345973	77.5	81.845973		17.4	interior		
chr7	78500000	0.0204833665788165	0.984666	0.101626786315266	-0.3057163162468477	0.0005535055350553	pat	7	159345973	78.5	80.845973		18.4	interior		
chr7	79500000	0.0212187739894265	1.322186	0.111318815957706	-0.4182311294633475	0.0006150061500615	pat	7	159345973	79.5	79.845973		19.4	interior		
chr7	80500000	0.0151000753652456	1.123284	0.0828659814609824	-0.4885276322768493	0.0003075030750307	pat	7	159345973	80.5	78.845973		20.4	interior		
chr7	81500000	0.0181477477386093	1.183249	0.0962559709544372	-0.4367478330010889	0.000430504305043	pat	7	159345973	81.5	77.845973		21.4	interior		
chr7	82500000	0.0210497179338383	0.924011	0.1026790917353532	-0.2639848641012765	0.0006150061500615	pat	7	159345973	82.5	76.845973		22.4	interior		
chr7	83500000	0.0190500597975981	0.808969	0.0923796191903923	-0.2485002611418512	0.0005535055350553	pat	7	159345973	83.5	75.845973		23.4	interior		
chr7	84500000	0.0175448636242274	0.640649	0.0829924344969096	-0.1764621811170454	0.0004920049200492	pat	7	159345973	84.5	74.845973		24.4	interior		
chr7	85500000	0.0104860718545355	0.473722	0.051418727418142	-0.277300142969529	0.0001845018450184	pat	7	159345973	85.5	73.845973		25.4	interior		
chr7	86500000	0.012469799090684	0.44611	0.058801396362736	-0.1665309286156568	0.0001845018450184	pat	7	159345973	86.5	72.845973		26.4	interior		
chr7	87500000	0.0114880079283475	0.443087	0.05481377171339	-0.2028468280357825	0.0001845018450184	pat	7	159345973	87.5	71.845973		27.4	interior		
chr7	88500000	0.0097553962434068	0.59995	0.0510205849736272	-0.4127997815734042	0.0001845018450184	pat	7	159345973	88.5	70.845973		28.4	interior		
chr7	89500000	0.0073614994431651	0.511516	0.0396763177726604	-0.4621377324857454	0.0001845018450184	pat	7	159345973	89.5	69.845973		29.4	interior		
chr7	90500000	0.0116641865414061	0.616465	0.0589860461656244	-0.3480363645067741	0.0003075030750307	pat	7	159345973	90.5	68.845973		30.4	interior		
chr7	91500000	0.0199989503260706	0.535584	0.0907074813042824	-0.0233033064709463	0.000430504305043	pat	7	159345973	91.5	67.845973		31.4	interior		
chr7	92500000	0.0250837496402213	0.884518	0.1180253585608852	-0.1595061146612407	0.0004920049200492	pat	7	159345973	92.5	66.845973		32.4	interior		
chr7	93500000	0.0203921247045868	0.70021	0.0955726988183472	-0.1465220404569495	0.0003075030750307	pat	7	159345973	93.5	65.845973		33.4	interior		
chr7	94500000	0.0268856557730982	0.716132	0.1218652630923928	-0.0206014377516804	0.0005535055350553	pat	7	159345973	94.5	64.845973		34.4	interior		
chr7	95500000	0.0292326088571154	0.565311	0.1282366554284616	0.1385882115990872	0.0006150061500615	pat	7	159345973	95.5	63.845973		35.4	interior		
chr7	96500000	0.0300792020625249	0.604116	0.1323991282500996	0.1199845171500378	0.0006765067650676	pat	7	159345973	96.5	62.845973		36.4	interior		
chr7	97500000	0.0324168900897415	0.669005	0.143047660358966	0.1065692682454978	0.0006765067650676	pat	7	159345973	97.5	61.845973		37.4	interior		
chr7	98500000	0.0299009043161722	0.448406	0.1285717372646888	0.260482796257092	0.0004920049200492	pat	7	159345973	98.5	60.845973		38.4	interior		
chr7	99500000	0.0519151228262086	0.33759	0.2144122913048344	0.5943856346853824	0.0006150061500615	pat	7	159345973	99.5	59.845973		39.4	interior		
chr7	100500000	0.0355552526670421	0.232491	0.1468708306681684	0.5925907894354956	0.0005535055350553	pat	7	159345973	100.5	58.845973		40.4	interior		
chr7	101500000	0.0486428643862667	0.262596	0.1998233775450668	0.6512554053915721	0.0007380073800738	pat	7	159345973	101.5	57.845973		41.4	interior		
chr7	102500000	0.0345651176066564	0.525459	0.1487696504266256	0.2541251748312765	0.0007995079950799	pat	7	159345973	102.5	56.845973		42.4	interior		
chr7	103500000	0.0243173424749192	0.575611	0.1087815898996768	0.0383914177091463	0.0005535055350553	pat	7	159345973	103.5	55.845973		43.4	interior		
chr7	104500000	0.0320137864008234	0.795603	0.1439672056032936	0.014063681191172	0.0007995079950799	pat	7	159345973	104.5	54.845973		44.4	interior		
chr7	105500000	0.0451323062853085	0.874096	0.198011145141234	0.1378521972196767	0.0011070110701107	pat	7	159345973	105.5	53.845973		45.4	interior		
chr7	106500000	0.0696401361366529	0.988824	0.2983370245466116	0.2857606379306865	0.0015990159901599	pat	7	159345973	106.5	52.845973		46.4	interior		
chr7	107500000	0.0510715336089303	0.842467	0.2211354744357211	0.2155436037260981	0.0013530135301353	pat	7	159345973	107.5	51.845973		47.4	interior		
chr7	108500000	0.0281213256444509	0.567528	0.1238358625778036	0.1176037871708285	0.0007995079950799	pat	7	159345973	108.5	50.845973		48.4	interior		
chr7	109500000	0.0176500495840042	0.539502	0.0813902383360168	-0.0891849074647983	0.0004920049200492	pat	7	159345973	109.5	49.845973		49.4	interior		
chr7	110500000	0.0202100048180462	0.533816	0.0915163392721848	-0.0164037988268973	0.0004920049200492	pat	7	159345973	110.5	48.845973		50.4	interior		
chr7	111500000	0.0289933596397903	0.505785	0.1260891385591612	0.1887194782948379	0.0006765067650676	pat	7	159345973	111.5	47.845973		51.4	interior		
chr7	112500000	0.0232591101230253	0.375309	0.1005426204921012	0.2260331450070815	0.0004920049200492	pat	7	159345973	112.5	46.845973		52.4	interior		
chr7	113500000	0.022925894432253	0.429885	0.100301277729012	0.1536788420144909	0.000430504305043	pat	7	159345973	113.5	45.845973		53.4	interior		
chr7	114500000	0.0201847346375426	0.54605	0.0916599385501704	-0.0283529184426448	0.0003690036900369	pat	7	159345973	114.5	44.845973		54.4	interior		
chr7	115500000	0.0234485438155437	0.593288	0.1056599352621748	0.0050956299051869	0.000430504305043	pat	7	159345973	115.5	43.845973		55.4	interior		
chr7	116500000	0.0314105915136213	0.661605	0.1388744660544852	0.0964687368325982	0.0006150061500615	pat	7	159345973	116.5	42.845973		56.4	interior		
chr7	117500000	0.0304937971653556	0.564606	0.1332673086614224	0.1598463605098329	0.0006150061500615	pat	7	159345973	117.5	41.845973		57.4	interior		
chr7	118500000	0.0273504135721632	0.441264	0.1182269342886528	0.2261000954325371	0.0004920049200492	pat	7	159345973	118.5	40.845973		58.4	interior		
chr7	119500000	0.0224215927124738	0.278005	0.0952464708498952	0.3467317879997353	0.0003690036900369	pat	7	159345973	119.5	39.845973		59.4	interior		
chr7	120500000	0.0405255627144523	0.365563	0.1694135108578092	0.4783007226332897	0.0007380073800738	pat	7	159345973	120.5	38.845973		60.4	interior		
chr7	121500000	0.0317970235417018	0.554626	0.1382806141668072	0.1887790405939471	0.0006765067650676	pat	7	159345973	121.5	37.845973		61.4	interior		
chr7	122500000	0.0231298424075648	0.549123	0.1035018296302592	0.0369152688896669	0.0005535055350553	pat	7	159345973	122.5	36.845973		62.4	interior		
chr7	123500000	0.0063440439384948	0.432411	0.0340243957539792	-0.4545327451079638	6.150061500615006e-05	pat	7	159345973	123.5	35.845973		63.4	interior		
chr7	124500000	0.0056426452216738	0.342189	0.0294143608866952	-0.4069694171209078	6.150061500615006e-05	pat	7	159345973	124.5	34.845973		64.4	interior		
chr7	125500000	0.0053156924641189	0.33397	0.0279421698564755	-0.4216215324115835	6.150061500615006e-05	pat	7	159345973	125.5	33.845973		65.4	interior		
chr7	126500000	0.008756034922968	0.330238	0.041628899691872	-0.1920875233303394	0.0001230012300123	pat	7	159345973	126.5	32.845973		66.4	interior		
chr7	127500000	0.0124922393362418	0.24831	0.0549351573449672	0.125087659699429	0.0001845018450184	pat	7	159345973	127.5	31.845973		67.4	interior		
chr7	128500000	0.0250445117975313	0.238131	0.1049406671901252	0.4577398782254167	0.0005535055350553	pat	7	159345973	128.5	30.845973		68.4	interior		
chr7	129500000	0.0486180181279739	0.444442	0.2033609125118956	0.4731481280802014	0.0009840098400984	pat	7	159345973	129.5	29.845973		69.4	interior		
chr7	130500000	0.0624186441191821	0.873972	0.2671540164767284	0.2921719541618109	0.0013530135301353	pat	7	159345973	130.5	28.845973		70.4	interior		
chr7	131500000	0.0517150409990084	1.099075	0.2288416639960336	0.0920325191382969	0.0010455104551045	pat	7	159345973	131.5	27.845973		71.4	interior		
chr7	132500000	0.029767862366246	0.888293	0.136837309464984	-0.0772504680771475	0.0006150061500615	pat	7	159345973	132.5	26.845973		72.4	interior		
chr7	133500000	0.0140346046055296	0.536473	0.0668678784221184	-0.1985414089633121	0.0002460024600246	pat	7	159345973	133.5	25.845973		73.4	interior		
chr7	134500000	0.0125346983241088	0.453237	0.0592035332964352	-0.1717077865113619	0.0002460024600246	pat	7	159345973	134.5	24.845973		74.4	interior		
chr7	135500000	0.0150128852069699	0.608766	0.0722268608278796	-0.2267219919927329	0.0003690036900369	pat	7	159345973	135.5	23.845973		75.4	interior		
chr7	136500000	0.0223519127816629	0.796834	0.1053443311266515	-0.1648185401413097	0.0005535055350553	pat	7	159345973	136.5	22.845973		76.4	interior		
chr7	137500000	0.0282789012864703	0.816138	0.1294383651458812	-0.0606278366037003	0.0007380073800738	pat	7	159345973	137.5	21.845973		77.4	interior		
chr7	138500000	0.0335828047670902	0.791987	0.1501709590683607	0.0402442998714723	0.0007995079950799	pat	7	159345973	138.5	20.845973		78.4	interior		
chr7	139500000	0.0257703554233882	0.696499	0.1170114016935528	-0.0278820918880802	0.0005535055350553	pat	7	159345973	139.5	19.845973		79.4	end_q	19.0	chr7q
chr7	140500000	0.0223640256938555	0.748133	0.104418762775422	-0.1337263050217549	0.0003690036900369	pat	7	159345973	140.5	18.845973		80.4	end_q	18.0	chr7q
chr7	141500000	0.0165257632081259	0.918886	0.0844807728325036	-0.3701434375080201	0.0001845018450184	pat	7	159345973	141.5	17.845973		81.4	end_q	17.0	chr7q
chr7	142500000	0.0219156120992712	0.871671	0.1050958683970847	-0.2175423767558418	0.0002460024600246	pat	7	159345973	142.5	16.845973		82.4	end_q	16.0	chr7q
chr7	143500000	0.0203018406275003	0.844267	0.0980927025100012	-0.2386547905737169	0.0002460024600246	pat	7	159345973	143.5	15.845973		83.4	end_q	15.0	chr7q
chr7	144500000	0.0167321118169402	0.826392	0.0834562872677608	-0.3179260852659694	0.0003075030750307	pat	7	159345973	144.5	14.845973		84.4	end_q	14.0	chr7q
chr7	145500000	0.0233745779442127	1.054783	0.1145939717768508	-0.2767778392010904	0.0006150061500615	pat	7	159345973	145.5	13.845973		85.4	end_q	13.0	chr7q
chr7	146500000	0.0202642664520695	1.197571	0.105008485808278	-0.3961418861848579	0.0006150061500615	pat	7	159345973	146.5	12.845973		86.4	end_q	12.0	chr7q
chr7	147500000	0.0308427308042324	1.360732	0.1505855632169296	-0.2663277615430762	0.0009225092250922	pat	7	159345973	147.5	11.845973		87.4	end_q	11.0	chr7q
chr7	148500000	0.0238500099661084	1.252439	0.1204488198644336	-0.3452142958735216	0.0006765067650676	pat	7	159345973	148.5	10.845973		88.4	end_q	10.0	chr7q
chr7	149500000	0.0287243951237173	1.106162	0.1370208204948692	-0.2020999757501309	0.0006765067650676	pat	7	159345973	149.5	9.845973		89.4	end_q	9.0	chr7q
chr7	150500000	0.0289750868054843	1.183888	0.1395781072219372	-0.2303224613759851	0.0006765067650676	pat	7	159345973	150.5	8.845973		90.4	end_q	8.0	chr7q
chr7	151500000	0.0511997245610114	2.0018	0.2448348982440455	-0.2093605611617043	0.0009840098400984	pat	7	159345973	151.5	7.845973		91.4	end_q	7.0	chr7q
chr7	152500000	0.0560670500622647	2.332237	0.2709129402490588	-0.2387856961547794	0.001230012300123	pat	7	159345973	152.5	6.845973		92.4	end_q	6.0	chr7q
chr7	153500000	0.0485250160192246	3.574742	0.2655949040768984	-0.4848098445515078	0.0011070110701107	pat	7	159345973	153.5	5.845973		93.4	end_q	5.0	chr7q
chr7	154500000	0.0862514601469731	4.309944	0.4312047205878924	-0.3231631879583129	0.0023985239852398	pat	7	159345973	154.5	4.845973		94.4	end_q	4.0	chr7q
chr7	155500000	0.0953828557858766	4.698867	0.4755087631435064	-0.3167742494892467	0.0027060270602706	pat	7	159345973	155.5	3.845973		95.4	end_q	3.0	chr7q
chr7	156500000	0.1229212353395776	4.256732	0.5768195813583105	-0.1506692498470039	0.0036285362853628	pat	7	159345973	156.5	2.845973		96.4	end_q	2.0	chr7q
chr7	157500000	0.0966673367516613	3.152205	0.4497134470066452	-0.1211613472034498	0.0025215252152521	pat	7	159345973	157.5	1.845973		97.4	end_q	1.0	chr7q
chr7	158500000	0.1216567993963122	3.262978	0.5518867575852489	-0.0240597028415849	0.0023370233702337	pat	7	159345973	158.5	0.845973		98.4	end_q	0.0	chr7q
chr8	500000	0.1707596525642242	3.339068	0.7498199702568968	0.1331412720656904	0.0032595325953259	pat	8	145138636	0.5	144.638636		44.7	end_p	0.0	chr8p
chr8	1500000	0.1295887492939196	3.505194	0.5884588771756784	-0.0282785977538323	0.0039975399753997	pat	8	145138636	1.5	143.638636		43.7	end_p	1.0	chr8p
chr8	2500000	0.0851331276071225	3.889248	0.41831747042849	-0.2824532232257151	0.0037515375153751	pat	8	145138636	2.5	142.638636		42.7	end_p	2.0	chr8p
chr8	3500000	0.0679949123630945	4.149069	0.354961029452378	-0.4095510991740905	0.0031980319803198	pat	8	145138636	3.5	141.638636		41.7	end_p	3.0	chr8p
chr8	4500000	0.06209663590775	3.898287	0.326352283631	-0.4212978506742445	0.0035055350553505	pat	8	145138636	4.5	140.638636		40.7	end_p	4.0	chr8p
chr8	5500000	0.0585498045518892	3.448198	0.3031631782075568	-0.3946814224011726	0.002890528905289	pat	8	145138636	5.5	139.638636		39.7	end_p	5.0	chr8p
chr8	6500000	0.0553827726902529	2.276066	0.2670524107610116	-0.2330726333096053	0.0020295202952029	pat	8	145138636	6.5	138.638636		38.7	end_p	6.0	chr8p
chr8	7500000	0.0661424086858728	1.506323	0.2946960947434912	0.0576590569900706	0.0017220172201722	pat	8	145138636	7.5	137.638636		37.7	end_p	7.0	chr8p
chr8	8500000	0.0429626740012852	0.870229	0.1892552760051408	0.1157973177045247	0.0010455104551045	pat	8	145138636	8.5	136.638636		36.7	end_p	8.0	chr8p
chr8	9500000	0.0612430730895779	0.701191	0.2589961123583116	0.38128866409143	0.0020910209102091	pat	8	145138636	9.5	135.638636		35.7	end_p	9.0	chr8p
chr8	10500000	0.0605925118810084	0.64243	0.2552186475240336	0.4136346434757524	0.0020295202952029	pat	8	145138636	10.5	134.638636		34.7	end_p	10.0	chr8p
chr8	11500000	0.085012306651686	0.873577	0.357520766606744	0.4265169422193327	0.0021525215252152	pat	8	145138636	11.5	133.638636		33.7	end_p	11.0	chr8p
chr8	12500000	0.0572891466849641	1.184739	0.2528513667398564	0.1055535073542762	0.0017835178351783	pat	8	145138636	12.5	132.638636		32.7	end_p	12.0	chr8p
chr8	13500000	0.0448871080245646	1.316443	0.2058772920982584	-0.068629523152282	0.0017220172201722	pat	8	145138636	13.5	131.638636		31.700000000000003	end_p	13.0	chr8p
chr8	14500000	0.029871584665562	1.116001	0.141806358662248	-0.1875225939930045	0.0015990159901599	pat	8	145138636	14.5	130.638636		30.700000000000003	end_p	14.0	chr8p
chr8	15500000	0.0267537333676926	0.898954	0.1249940134707704	-0.1359014096648485	0.001230012300123	pat	8	145138636	15.5	129.638636		29.700000000000003	end_p	15.0	chr8p
chr8	16500000	0.0254352279516641	1.267951	0.1270999318066564	-0.3220921912072144	0.0010455104551045	pat	8	145138636	16.5	128.638636		28.700000000000003	end_p	16.0	chr8p
chr8	17500000	0.0263419465175228	1.248306	0.1303339060700912	-0.2992162922384684	0.0010455104551045	pat	8	145138636	17.5	127.638636		27.700000000000003	end_p	17.0	chr8p
chr8	18500000	0.0344601913700296	1.358246	0.1650056854801184	-0.2132186455438924	0.0014760147601476	pat	8	145138636	18.5	126.638636		26.700000000000003	end_p	18.0	chr8p
chr8	19500000	0.0464615877636579	1.236082	0.2105679910546316	-0.0200039199096338	0.001660516605166	pat	8	145138636	19.5	125.638636		25.700000000000003	end_p	19.0	chr8p
chr8	20500000	0.0637004165078529	1.703347	0.2888686060314115	-0.0225443880250399	0.0019680196801968	pat	8	145138636	20.5	124.638636		24.700000000000003	interior		
chr8	21500000	0.0578694528064816	1.56619	0.2628016112259264	-0.0285665445220224	0.0014760147601476	pat	8	145138636	21.5	123.638636		23.700000000000003	interior		
chr8	22500000	0.0498847163125687	1.334948	0.2262378252502748	-0.0229310042374611	0.0012915129151291	pat	8	145138636	22.5	122.638636		22.700000000000003	interior		
chr8	23500000	0.0276927208806358	0.896604	0.1287029635225432	-0.1176436174723472	0.0007380073800738	pat	8	145138636	23.5	121.638636		21.700000000000003	interior		
chr8	24500000	0.027084204065276	0.906219	0.126461196261104	-0.1338260960920421	0.0007995079950799	pat	8	145138636	24.5	120.638636		20.700000000000003	interior		
chr8	25500000	0.0223494884654147	0.914852	0.1076949938616588	-0.2311915973322245	0.0006150061500615	pat	8	145138636	25.5	119.638636		19.700000000000003	interior		
chr8	26500000	0.0187657931985073	0.741384	0.0898908527940292	-0.2143343895470755	0.0006150061500615	pat	8	145138636	26.5	118.638636		18.700000000000003	interior		
chr8	27500000	0.0200932843646742	0.650046	0.0933740574586968	-0.1172554386396226	0.0006150061500615	pat	8	145138636	27.5	117.638636		17.700000000000003	interior		
chr8	28500000	0.0195474274142343	0.555822	0.0893061496569372	-0.0532204228825543	0.0004920049200492	pat	8	145138636	28.5	116.638636		16.700000000000003	interior		
chr8	29500000	0.0443370419595192	0.578466	0.1889174878380768	0.3241270679975213	0.0008610086100861	pat	8	145138636	29.5	115.638636		15.700000000000003	interior		
chr8	30500000	0.0453699600558109	0.623143	0.1939427002232435	0.3009542336681873	0.0009840098400984	pat	8	145138636	30.5	114.638636		14.700000000000003	interior		
chr8	31500000	0.0485057387572167	0.514583	0.2043146150288668	0.4133908300507726	0.0011685116851168	pat	8	145138636	31.5	113.638636		13.700000000000003	interior		
chr8	32500000	0.0315987420328207	0.490088	0.1361967281312827	0.2447284144507109	0.0008610086100861	pat	8	145138636	32.5	112.638636		12.700000000000003	interior		
chr8	33500000	0.0198020685094838	0.307969	0.0853676540379352	0.2434376505419953	0.0004920049200492	pat	8	145138636	33.5	111.638636		11.700000000000003	interior		
chr8	34500000	0.0189826231336909	0.386788	0.0836662525347635	0.1128720432044828	0.0003690036900369	pat	8	145138636	34.5	110.638636		10.700000000000003	interior		
chr8	35500000	0.0179350932963119	0.345952	0.0786594131852476	0.1398387319141704	0.0002460024600246	pat	8	145138636	35.5	109.638636		9.700000000000003	other		
chr8	36500000	0.0306736626594195	0.409517	0.130884990637678	0.3137905455075732	0.000430504305043	pat	8	145138636	36.5	108.638636		8.700000000000003	other		
chr8	37500000	0.0288801908581222	0.306543	0.1216516234324888	0.413172183532678	0.0003690036900369	pat	8	145138636	37.5	107.638636		7.700000000000003	other		
chr8	38500000	0.0262580542245343	0.289886	0.1108299368981372	0.3967399913272194	0.000430504305043	pat	8	145138636	38.5	106.638636		6.700000000000003	other		
chr8	39500000	0.0138695675088994	0.189522	0.0592687100355976	0.3032795480810329	0.0002460024600246	pat	8	145138636	39.5	105.638636		5.700000000000003	other		
chr8	40500000	0.0187849657596596	0.158493	0.0783097230386384	0.5036648840510823	0.0004920049200492	pat	8	145138636	40.5	104.638636		4.700000000000003	other		
chr8	41500000	0.0189546329105363	0.137776	0.0785740516421452	0.5571847230518432	0.000430504305043	pat	8	145138636	41.5	103.638636		3.700000000000003	other		
chr8	42500000	0.0252462211411738	0.075934	0.1025035645646952	0.7894376435588795	0.0003690036900369	pat	8	145138636	42.5	102.638636		2.700000000000003	other		
chr8	43500000	0.0175948847740829	0.018418	0.0707478990963316	0.9213172742984692	0.0	pat	8	145138636	43.5	101.638636		1.7000000000000028	other		
chr8	44500000	0.0248516566003381	0.005481	0.0995162464013524	0.9828908851453438	0.0	pat	8	145138636	44.5	100.638636		0.7000000000000028	other		
chr8	45500000	0.0250593701586781	0.003779	0.1003130606347124	0.9882697756469304	6.150061500615006e-05	pat	8	145138636	45.5	99.638636		0.29999999999999716	other		
chr8	46500000	0.0341783636165607	0.00572	0.1368278544662428	0.9869903745467706	0.0003075030750307	pat	8	145138636	46.5	98.638636		1.2999999999999972	other		
chr8	47500000	0.0636986274699042	0.033694	0.2554683898796168	0.9594509063903528	0.0009225092250922	pat	8	145138636	47.5	97.638636		2.299999999999997	other		
chr8	48500000	0.0486689381336737	0.058067	0.1958370925346948	0.9108093864770048	0.0009840098400984	pat	8	145138636	48.5	96.638636		3.299999999999997	other		
chr8	49500000	0.0288575090206015	0.079304	0.117016116082406	0.8058480629248422	0.0008610086100861	pat	8	145138636	49.5	95.638636		4.299999999999997	other		
chr8	50500000	0.0131698626745078	0.073507	0.0541495906980312	0.6415518630108925	0.0003690036900369	pat	8	145138636	50.5	94.638636		5.299999999999997	other		
chr8	51500000	0.013424645092687	0.131405	0.056326680370748	0.4461919313779915	0.0003690036900369	pat	8	145138636	51.5	93.638636		6.299999999999997	other		
chr8	52500000	0.0131270067336843	0.161554	0.0557391069347371	0.3500033475790228	0.0003075030750307	pat	8	145138636	52.5	92.638636		7.299999999999997	other		
chr8	53500000	0.0171817864440791	0.190483	0.0725368057763164	0.3949698725383424	0.000430504305043	pat	8	145138636	53.5	91.638636		8.299999999999997	other		
chr8	54500000	0.0216368797635886	0.224103	0.0910295790543544	0.4232775051772761	0.0005535055350553	pat	8	145138636	54.5	90.638636		9.299999999999997	other		
chr8	55500000	0.0292776206997472	0.250024	0.1221109627989888	0.4991434327469278	0.0007995079950799	pat	8	145138636	55.5	89.638636		10.299999999999997	interior		
chr8	56500000	0.0199102448285155	0.305637	0.085753719314062	0.2495656844594556	0.0005535055350553	pat	8	145138636	56.5	88.638636		11.299999999999997	interior		
chr8	57500000	0.0216556040783096	0.303711	0.0926966363132384	0.2914272649358487	0.0006150061500615	pat	8	145138636	57.5	87.638636		12.299999999999997	interior		
chr8	58500000	0.0141287421112898	0.304634	0.0626076484451592	0.0848768018389718	0.0003075030750307	pat	8	145138636	58.5	86.638636		13.299999999999997	interior		
chr8	59500000	0.0216303161593994	0.309197	0.0927052046375976	0.2826778235401124	0.0005535055350553	pat	8	145138636	59.5	85.638636		14.299999999999997	interior		
chr8	60500000	0.0206019139005358	0.372103	0.0898497156021432	0.1719138090173918	0.0004920049200492	pat	8	145138636	60.5	84.638636		15.299999999999997	interior		
chr8	61500000	0.0237661421682339	0.375457	0.1025737086729356	0.2360533855196994	0.0006765067650676	pat	8	145138636	61.5	83.638636		16.299999999999997	interior		
chr8	62500000	0.0200837352785704	0.322914	0.0867932211142816	0.2277296103795353	0.0004920049200492	pat	8	145138636	62.5	82.638636		17.299999999999997	interior		
chr8	63500000	0.0154646817479687	0.291592	0.0676905669918748	0.1509701656929425	0.0003075030750307	pat	8	145138636	63.5	81.638636		18.299999999999997	interior		
chr8	64500000	0.0282340895112646	0.337363	0.1196836180450584	0.3628956850368696	0.0006150061500615	pat	8	145138636	64.5	80.638636		19.299999999999997	interior		
chr8	65500000	0.0355476552868483	0.342538	0.1490413811473932	0.4524504831107258	0.0007380073800738	pat	8	145138636	65.5	79.638636		20.299999999999997	interior		
chr8	66500000	0.0352610916505941	0.312826	0.1473008866023764	0.4846912611709185	0.0007380073800738	pat	8	145138636	66.5	78.638636		21.299999999999997	interior		
chr8	67500000	0.0321445958321115	0.372372	0.136025823328446	0.3762696787619025	0.0006765067650676	pat	8	145138636	67.5	77.638636		22.299999999999997	interior		
chr8	68500000	0.0277069664630073	0.565428	0.1221364258520291	0.1121086582181218	0.0006765067650676	pat	8	145138636	68.5	76.638636		23.299999999999997	interior		
chr8	69500000	0.0252319707251406	0.479055	0.1105089829005624	0.1475937259337441	0.0006150061500615	pat	8	145138636	69.5	75.638636		24.299999999999997	interior		
chr8	70500000	0.0143105243802715	0.562611	0.068494317521086	-0.2120005894007695	0.0003075030750307	pat	8	145138636	70.5	74.638636		25.299999999999997	interior		
chr8	71500000	0.0155801991953188	0.55693	0.0734593967812752	-0.1661336442410188	0.0003690036900369	pat	8	145138636	71.5	73.638636		26.299999999999997	interior		
chr8	72500000	0.0167361240338472	0.617052	0.0792855361353888	-0.1811393600507123	0.0004920049200492	pat	8	145138636	72.5	72.638636		27.299999999999997	interior		
chr8	73500000	0.0167943799028534	0.514805	0.0774736196114136	-0.0905914440828139	0.0004920049200492	pat	8	145138636	73.5	71.638636		28.299999999999997	interior		
chr8	74500000	0.011431335616854	0.355928	0.052843902467416	-0.0983348114136847	0.0003075030750307	pat	8	145138636	74.5	70.638636		29.299999999999997	interior		
chr8	75500000	0.0132751365457899	0.388772	0.0608759861831596	-0.0679139472533159	0.0003075030750307	pat	8	145138636	75.5	69.638636		30.299999999999997	interior		
chr8	76500000	0.0128639091115065	0.275752	0.056970676446026	0.0877669134364031	0.0003075030750307	pat	8	145138636	76.5	68.638636		31.299999999999997	interior		
chr8	77500000	0.0117719535883969	0.31645	0.0534168143535876	-0.0251859044437127	0.0002460024600246	pat	8	145138636	77.5	67.638636		32.3	interior		
chr8	78500000	0.0107341656335143	0.302178	0.0489802225340572	-0.0482233885042149	0.0001845018450184	pat	8	145138636	78.5	66.638636		33.3	interior		
chr8	79500000	0.0152902788491557	0.379466	0.0687504353966228	0.0147565065378164	0.0002460024600246	pat	8	145138636	79.5	65.638636		34.3	interior		
chr8	80500000	0.0231071329435541	0.423489	0.1008983117742163	0.164821040010288	0.000430504305043	pat	8	145138636	80.5	64.638636		35.3	interior		
chr8	81500000	0.020486075940329	0.452891	0.091002123761316	0.0724512563255786	0.000430504305043	pat	8	145138636	81.5	63.638636		36.3	interior		
chr8	82500000	0.0119189218730461	0.369504	0.0550657674921844	-0.0961874273258005	0.0002460024600246	pat	8	145138636	82.5	62.638636		37.3	interior		
chr8	83500000	0.008261223091757	0.299917	0.0390432323670279	-0.1736571778726071	0.0001230012300123	pat	8	145138636	83.5	61.638636		38.3	interior		
chr8	84500000	0.0087224970147635	0.211834	0.039126668059054	0.0255771715648232	6.150061500615006e-05	pat	8	145138636	84.5	60.638636		39.3	interior		
chr8	85500000	0.0106090385649518	0.257485	0.0475858542598072	0.0258980907653864	0.0001230012300123	pat	8	145138636	85.5	59.638636		40.3	interior		
chr8	86500000	0.0095244425878874	0.163024	0.0413582503515496	0.1978687027045762	0.0001230012300123	pat	8	145138636	86.5	58.638636		41.3	interior		
chr8	87500000	0.0096911037198496	0.178536	0.0423351348793984	0.1622926595895527	0.0001845018450184	pat	8	145138636	87.5	57.638636		42.3	interior		
chr8	88500000	0.013069800832099	0.14859	0.055251003328396	0.384294165727582	0.0002460024600246	pat	8	145138636	88.5	56.638636		43.3	interior		
chr8	89500000	0.0143288306637976	0.204838	0.0614120826551903	0.2826488278088668	0.0002460024600246	pat	8	145138636	89.5	55.638636		44.3	interior		
chr8	90500000	0.0209214793437364	0.28748	0.0894355173749456	0.3007490859084659	0.0003690036900369	pat	8	145138636	90.5	54.638636		45.3	interior		
chr8	91500000	0.0179339500727425	0.301898	0.07777376029097	0.2058507781270044	0.0002460024600246	pat	8	145138636	91.5	53.638636		46.3	interior		
chr8	92500000	0.0227297950860028	0.415137	0.0992219203440112	0.1665007519894429	0.0003690036900369	pat	8	145138636	92.5	52.638636		47.3	interior		
chr8	93500000	0.0160483059042224	0.360449	0.0714022036168896	0.0645679047129124	0.0003075030750307	pat	8	145138636	93.5	51.638636		48.3	interior		
chr8	94500000	0.0199063033882262	0.66057	0.0928366135529048	-0.1297660465134728	0.0004920049200492	pat	8	145138636	94.5	50.638636		49.3	interior		
chr8	95500000	0.016185754233288	0.641565	0.077574316933152	-0.2159061293881476	0.0003690036900369	pat	8	145138636	95.5	49.638636		50.3	interior		
chr8	96500000	0.0246248731249185	0.69065	0.112312492499674	-0.0463733396491572	0.0005535055350553	pat	8	145138636	96.5	48.638636		51.3	interior		
chr8	97500000	0.0335608986679252	0.539281	0.1450292146717008	0.2280143288879664	0.0007380073800738	pat	8	145138636	97.5	47.638636		52.3	interior		
chr8	98500000	0.0519792463313779	0.437852	0.2166740253255115	0.5042680946466989	0.0009225092250922	pat	8	145138636	98.5	46.638636		53.3	interior		
chr8	99500000	0.0531476808164344	0.442272	0.2214361632657376	0.5087976863448221	0.0009840098400984	pat	8	145138636	99.5	45.638636		54.3	interior		
chr8	100500000	0.0416390783512536	0.389303	0.1743423734050144	0.4643728543163831	0.0007995079950799	pat	8	145138636	100.5	44.638636		55.3	interior		
chr8	101500000	0.0580130349788456	0.562856	0.2433092599153824	0.4497233224244643	0.0012915129151291	pat	8	145138636	101.5	43.638636		56.3	interior		
chr8	102500000	0.0469589965942826	0.529506	0.1984261063771304	0.3877903141138267	0.0011685116851168	pat	8	145138636	102.5	42.638636		57.3	interior		
chr8	103500000	0.035176422709452	0.477549	0.150256670837808	0.3062355573552602	0.0010455104551045	pat	8	145138636	103.5	41.638636		58.3	interior		
chr8	104500000	0.0193456926887471	0.55246	0.0884319707549883	-0.0553674874157021	0.0005535055350553	pat	8	145138636	104.5	40.638636		59.3	interior		
chr8	105500000	0.0162476045556638	0.578983	0.0765700782226552	-0.1646206368421486	0.000430504305043	pat	8	145138636	105.5	39.638636		60.3	interior		
chr8	106500000	0.0203646317017997	0.736165	0.0961818268071987	-0.1715816745333139	0.0005535055350553	pat	8	145138636	106.5	38.638636		61.3	interior		
chr8	107500000	0.0146693657995356	0.573853	0.0701545231981424	-0.2096206257252916	0.0003690036900369	pat	8	145138636	107.5	37.638636		62.3	interior		
chr8	108500000	0.0155104455264468	0.539203	0.0728258421057872	-0.152557425279035	0.0003690036900369	pat	8	145138636	108.5	36.638636		63.3	interior		
chr8	109500000	0.014011154986007	0.405571	0.0641560399440279	-0.0621095769942024	0.0002460024600246	pat	8	145138636	109.5	35.638636		64.3	interior		
chr8	110500000	0.012997226306685	0.344152	0.05887194522674	-0.0176404432916013	0.0001845018450184	pat	8	145138636	110.5	34.638636		65.3	interior		
chr8	111500000	0.0107821770183871	0.334875	0.0498262080735484	-0.0970931278198296	0.0001230012300123	pat	8	145138636	111.5	33.638636		66.3	interior		
chr8	112500000	0.0102257482167108	0.308475	0.0470724928668432	-0.0826455749566382	0.0001845018450184	pat	8	145138636	112.5	32.638636		67.3	interior		
chr8	113500000	0.0090766512938356	0.27045	0.0417156051753423	-0.0765096915036117	0.0001845018450184	pat	8	145138636	113.5	31.638636		68.3	interior		
chr8	114500000	0.0130346575474877	0.301805	0.0581747301899508	0.0494065212527958	0.0003075030750307	pat	8	145138636	114.5	30.638636		69.3	interior		
chr8	115500000	0.0158530163303224	0.422314	0.0718583453212896	-0.0206602729214675	0.0003075030750307	pat	8	145138636	115.5	29.638636		70.3	interior		
chr8	116500000	0.0216727700638571	0.660695	0.0999049802554284	-0.0878592653075065	0.000430504305043	pat	8	145138636	116.5	28.638636		71.3	interior		
chr8	117500000	0.0188362032227839	0.837998	0.0921047728911356	-0.2702060112611005	0.0003690036900369	pat	8	145138636	117.5	27.638636		72.3	interior		
chr8	118500000	0.01523404176688	0.785976	0.07665568706752	-0.3374086952269277	0.0003690036900369	pat	8	145138636	118.5	26.638636		73.3	interior		
chr8	119500000	0.0177251440216091	0.887799	0.0886565560864364	-0.3242141662879518	0.000430504305043	pat	8	145138636	119.5	25.638636		74.3	interior		
chr8	120500000	0.0178461817064013	0.952468	0.0904340868256052	-0.3523304525311568	0.0004920049200492	pat	8	145138636	120.5	24.638636		75.3	interior		
chr8	121500000	0.0205189466985499	1.21676	0.1064109867941996	-0.3975769299423323	0.0004920049200492	pat	8	145138636	121.5	23.638636		76.3	interior		
chr8	122500000	0.0325913491031832	1.366363	0.1576926564127327	-0.2424721102168263	0.0008610086100861	pat	8	145138636	122.5	22.638636		77.3	interior		
chr8	123500000	0.0414190946073093	1.336223	0.1924008384292372	-0.1158758314910049	0.0009840098400984	pat	8	145138636	123.5	21.638636		78.3	interior		
chr8	124500000	0.0481036466471139	1.391579	0.2202461665884555	-0.0618078452089857	0.0011070110701107	pat	8	145138636	124.5	20.638636		79.3	interior		
chr8	125500000	0.0257916253499993	1.079363	0.1247537613999971	-0.2416322000389707	0.0006765067650676	pat	8	145138636	125.5	19.638636		80.3	end_q	19.0	chr8q
chr8	126500000	0.0213326705630859	1.164309	0.1086168622523436	-0.362090901122246	0.0005535055350553	pat	8	145138636	126.5	18.638636		81.3	end_q	18.0	chr8q
chr8	127500000	0.0127328766936946	0.910362	0.0691387467747784	-0.4732856918971355	0.0003075030750307	pat	8	145138636	127.5	17.638636		82.3	end_q	17.0	chr8q
chr8	128500000	0.0130828673083809	0.953899	0.0714094492335236	-0.4808548792562066	0.0003075030750307	pat	8	145138636	128.5	16.638636		83.3	end_q	16.0	chr8q
chr8	129500000	0.0153231971793328	0.754471	0.0763822087173312	-0.316536345045883	0.000430504305043	pat	8	145138636	129.5	15.638636		84.3	end_q	15.0	chr8q
chr8	130500000	0.0241401797460824	0.74683	0.1114973189843295	-0.0951597042755796	0.0007380073800738	pat	8	145138636	130.5	14.638636		85.3	end_q	14.0	chr8q
chr8	131500000	0.0235323384211637	1.025175	0.1146328536846548	-0.2604490421473083	0.0007380073800738	pat	8	145138636	131.5	13.638636		86.3	end_q	13.0	chr8q
chr8	132500000	0.023519906147487	1.460202	0.123283664589948	-0.416714940619803	0.0007380073800738	pat	8	145138636	132.5	12.638636		87.3	end_q	12.0	chr8q
chr8	133500000	0.0251631342097809	1.796334	0.1365792168391236	-0.4726911558907096	0.0008610086100861	pat	8	145138636	133.5	11.638636		88.3	end_q	11.0	chr8q
chr8	134500000	0.0339002849991671	1.544064	0.1664824199966684	-0.2810699584387563	0.0011685116851168	pat	8	145138636	134.5	10.638636		89.3	end_q	10.0	chr8q
chr8	135500000	0.0366871536833273	1.217677	0.1711021547333092	-0.1298677543326327	0.0011685116851168	pat	8	145138636	135.5	9.638636		90.3	end_q	9.0	chr8q
chr8	136500000	0.0362725767182306	0.875986	0.1626100268729224	0.0283797692177271	0.0011685116851168	pat	8	145138636	136.5	8.638636		91.3	end_q	8.0	chr8q
chr8	137500000	0.0466732691919553	1.838556	0.2234641967678212	-0.2129415725129656	0.0014145141451414	pat	8	145138636	137.5	7.638636		92.3	end_q	7.0	chr8q
chr8	138500000	0.0460628001422299	2.208893	0.2284290605689196	-0.3046061866153886	0.0013530135301353	pat	8	145138636	138.5	6.638636		93.3	end_q	6.0	chr8q
chr8	139500000	0.0602350641103076	2.509991	0.2911400764412304	-0.2396082422087645	0.0014760147601476	pat	8	145138636	139.5	5.638636		94.3	end_q	5.0	chr8q
chr8	140500000	0.0714034297322582	2.849599	0.3426056989290328	-0.2191493596146393	0.0014145141451414	pat	8	145138636	140.5	4.638636		95.3	end_q	4.0	chr8q
chr8	141500000	0.0826597235480018	2.883411	0.3883071141920072	-0.1542263899941288	0.0014760147601476	pat	8	145138636	141.5	3.638636		96.3	end_q	3.0	chr8q
chr8	142500000	0.1312874348916939	3.288742	0.5909245795667756	0.010095446453699	0.0022140221402214	pat	8	145138636	142.5	2.638636		97.3	end_q	2.0	chr8q
chr8	143500000	0.2088906545049021	2.244008	0.8804427780196085	0.4081817351095348	0.0030750307503075	pat	8	145138636	143.5	1.638636		98.3	end_q	1.0	chr8q
chr8	144500000	0.254437659738752	2.258895	1.062928538955008	0.4844203050281011	0.0028290282902829	pat	8	145138636	144.5	0.638636		99.3	end_q	0.0	chr8q
chr9	500000	0.1191112925188537	6.864026	0.6137256900754148	-0.3854662873286007	0.0030135301353013	pat	9	138394717	0.5	137.894717		42.5	end_p	0.0	chr9p
chr9	1500000	0.1137896615497806	5.743092	0.5700204861991224	-0.3276284637416555	0.0043050430504305	pat	9	138394717	1.5	136.894717		41.5	end_p	1.0	chr9p
chr9	2500000	0.0981286456564971	4.957669	0.4916679626259884	-0.3280793030329124	0.0032595325953259	pat	9	138394717	2.5	135.894717		40.5	end_p	2.0	chr9p
chr9	3500000	0.0906250743729544	3.584267	0.4341856374918176	-0.2148568325976882	0.0029520295202952	pat	9	138394717	3.5	134.894717		39.5	end_p	3.0	chr9p
chr9	4500000	0.0852973417601687	2.593085	0.3930510670406748	-0.0864821105433234	0.0025215252152521	pat	9	138394717	4.5	133.894717		38.5	end_p	4.0	chr9p
chr9	5500000	0.0961946135506958	1.995674	0.4246919342027832	0.1039724673902191	0.0029520295202952	pat	9	138394717	5.5	132.894717		37.5	end_p	5.0	chr9p
chr9	6500000	0.0869066774524843	1.498671	0.3776001298099372	0.1942806209304856	0.0027675276752767	pat	9	138394717	6.5	131.894717		36.5	end_p	6.0	chr9p
chr9	7500000	0.0696723388872696	1.89781	0.3166455555490784	-0.0317840852947376	0.002460024600246	pat	9	138394717	7.5	130.894717		35.5	end_p	7.0	chr9p
chr9	8500000	0.0538999397642351	2.296783	0.2615354190569404	-0.2501157042572532	0.0020295202952029	pat	9	138394717	8.5	129.894717		34.5	end_p	8.0	chr9p
chr9	9500000	0.0408140648660088	1.997812	0.2032124994640352	-0.3138939191183798	0.0015990159901599	pat	9	138394717	9.5	128.894717		33.5	end_p	9.0	chr9p
chr9	10500000	0.0263022928402692	1.238929	0.1299877513610768	-0.2964670878670723	0.0010455104551045	pat	9	138394717	10.5	127.894717		32.5	end_p	10.0	chr9p
chr9	11500000	0.0268498905968218	1.021314	0.1278258423872872	-0.1961836562241481	0.0009840098400984	pat	9	138394717	11.5	126.894717		31.5	end_p	11.0	chr9p
chr9	12500000	0.0267046084458583	0.954	0.1258984337834331	-0.1658364574564582	0.0008610086100861	pat	9	138394717	12.5	125.894717		30.5	end_p	12.0	chr9p
chr9	13500000	0.0469551411058373	1.617353	0.2201676244233492	-0.1480491441400606	0.0013530135301353	pat	9	138394717	13.5	124.894717		29.5	end_p	13.0	chr9p
chr9	14500000	0.029690244033315	1.150559	0.14177215613326	-0.2051097100590042	0.0008610086100861	pat	9	138394717	14.5	123.894717		28.5	end_p	14.0	chr9p
chr9	15500000	0.0475717361291624	1.520941	0.2207057645166496	-0.1114267760203704	0.0013530135301353	pat	9	138394717	15.5	122.894717		27.5	end_p	15.0	chr9p
chr9	16500000	0.0427971293004673	1.385383	0.1988961772018692	-0.1175529826347828	0.0012915129151291	pat	9	138394717	16.5	121.894717		26.5	end_p	16.0	chr9p
chr9	17500000	0.0315768454638636	1.580494	0.1579172618554544	-0.3239042567375325	0.0011685116851168	pat	9	138394717	17.5	120.894717		25.5	end_p	17.0	chr9p
chr9	18500000	0.0236421599676134	1.304646	0.1206615598704536	-0.366865499973971	0.0007995079950799	pat	9	138394717	18.5	119.894717		24.5	end_p	18.0	chr9p
chr9	19500000	0.0181221030826903	1.197712	0.0964426523307612	-0.4422195329009993	0.0004920049200492	pat	9	138394717	19.5	118.894717		23.5	end_p	19.0	chr9p
chr9	20500000	0.0222166413514711	1.160168	0.1120699254058844	-0.3427522141850943	0.0005535055350553	pat	9	138394717	20.5	117.894717		22.5	interior		
chr9	21500000	0.0154445477458218	0.972827	0.0812347309832872	-0.4226743867099927	0.0003690036900369	pat	9	138394717	21.5	116.894717		21.5	interior		
chr9	22500000	0.0176251300545026	0.732294	0.0851464002180104	-0.2382299522181279	0.000430504305043	pat	9	138394717	22.5	115.894717		20.5	interior		
chr9	23500000	0.0188379857249068	0.518149	0.0857149228996271	-0.0366458812945076	0.000430504305043	pat	9	138394717	23.5	114.894717		19.5	interior		
chr9	24500000	0.0188319674305583	0.524553	0.0858189297222331	-0.0429374592237798	0.000430504305043	pat	9	138394717	24.5	113.894717		18.5	interior		
chr9	25500000	0.0224086455034854	0.388179	0.0973981620139416	0.1921046817906292	0.0005535055350553	pat	9	138394717	25.5	112.894717		17.5	interior		
chr9	26500000	0.0217644179093152	0.580319	0.0986640516372608	-0.0211161718282114	0.0006150061500615	pat	9	138394717	26.5	111.894717		16.5	interior		
chr9	27500000	0.0218230499228009	0.554245	0.0983770996912035	0.0032113987295357	0.0006150061500615	pat	9	138394717	27.5	110.894717		15.5	interior		
chr9	28500000	0.01397949228805	0.526861	0.0664551891522	-0.1917383257720196	0.000430504305043	pat	9	138394717	28.5	109.894717		14.5	interior		
chr9	29500000	0.0101628062895774	0.380789	0.0482670051583096	-0.188926742709852	0.0002460024600246	pat	9	138394717	29.5	108.894717		13.5	interior		
chr9	30500000	0.0079843291055769	0.393856	0.0398144364223076	-0.3173709366297259	0.0001845018450184	pat	9	138394717	30.5	107.894717		12.5	interior		
chr9	31500000	0.00891363253553	0.392891	0.04351235014212	-0.2658972669948162	0.0001845018450184	pat	9	138394717	31.5	106.894717		11.5	interior		
chr9	32500000	0.0138677146111377	0.336173	0.0621943184445508	0.0264940183440668	0.0003075030750307	pat	9	138394717	32.5	105.894717		10.5	interior		
chr9	33500000	0.0224006323442866	0.18678	0.0933381293771464	0.5080592790363077	0.000430504305043	pat	9	138394717	33.5	104.894717		9.5	other		
chr9	34500000	0.0218829774234923	0.118449	0.0899008896939692	0.6504883099423285	0.0003075030750307	pat	9	138394717	34.5	103.894717		8.5	other		
chr9	35500000	0.0352474563929196	0.103568	0.1430611855716784	0.793796834414051	0.0006765067650676	pat	9	138394717	35.5	102.894717		7.5	other		
chr9	36500000	0.0413360331390087	0.106374	0.1674716125560348	0.8170632322131989	0.0007995079950799	pat	9	138394717	36.5	101.894717		6.5	other		
chr9	37500000	0.06836705615949	0.12847	0.27603762463796	0.8630377839553519	0.0013530135301353	pat	9	138394717	37.5	100.894717		5.5	other		
chr9	38500000	0.0612136602172716	0.11049	0.2470644408690864	0.8680846187916001	0.0008610086100861	pat	9	138394717	38.5	99.894717		4.5	other		
chr9	39500000	0.07246207545295	0.082917	0.2915066418117999	0.9143025958187254	0.0005535055350553	pat	9	138394717	39.5	98.894717		3.5	other		
chr9	40500000	0.0381892573929121	0.039884	0.1535547095716484	0.9214908835733758	0.0	pat	9	138394717	40.5	97.894717		2.5	other		
chr9	41500000	0.0381892573929121	0.01893	0.1531356295716484	0.9619528411266997	0.0	pat	9	138394717	41.5	96.894717		1.5	other		
chr9	42500000	0.0381892573929121	0.000697	0.1527709695716484	0.9985729610095536	0.0	pat	9	138394717	42.5	95.894717		0.5	other		
chr9	43500000	0.0381892573929121	0.000674	0.1527705095716484	0.9986200187570128	0.0	pat	9	138394717	43.5	94.894717		0.5	other		
chr9	44500000	0.0381892573929121	8.9e-05	0.1527588095716484	0.9998176677625624	0.0	pat	9	138394717	44.5	93.894717		1.5	other		
chr9	45500000	0.0381892573929121	0.000103	0.1527590895716484	0.9997889893130592	0.0	pat	9	138394717	45.5	92.894717		2.5	other		
chr9	46500000	0.0381892573929121	0.000109	0.1527592095716484	0.9997766988007792	0.0	pat	9	138394717	46.5	91.894717		3.5	other		
chr9	47500000	0.0381892573929121	0.00011	0.1527592295716484	0.9997746503967534	0.0	pat	9	138394717	47.5	90.894717		4.5	other		
chr9	48500000	0.0381892573929121	0.00011	0.1527592295716484	0.9997746503967534	0.0	pat	9	138394717	48.5	89.894717		5.5	other		
chr9	49500000	0.0381892573929121	0.00011	0.1527592295716484	0.9997746503967534	0.0	pat	9	138394717	49.5	88.894717		6.5	other		
chr9	50500000	0.0381892573929121	0.00011	0.1527592295716484	0.9997746503967534	0.0	pat	9	138394717	50.5	87.894717		7.5	other		
chr9	51500000	0.0381892573929121	0.00011	0.1527592295716484	0.9997746503967534	0.0	pat	9	138394717	51.5	86.894717		8.5	other		
chr9	52500000	0.0381892573929121	0.00011	0.1527592295716484	0.9997746503967534	0.0	pat	9	138394717	52.5	85.894717		9.5	other		
chr9	53500000	0.0381892573929121	0.00011	0.1527592295716484	0.9997746503967534	0.0	pat	9	138394717	53.5	84.894717		10.5	interior		
chr9	54500000	0.0381892573929121	0.00011	0.1527592295716484	0.9997746503967534	0.0	pat	9	138394717	54.5	83.894717		11.5	interior		
chr9	55500000	0.0381892573929121	0.00011	0.1527592295716484	0.9997746503967534	0.0	pat	9	138394717	55.5	82.894717		12.5	interior		
chr9	56500000	0.0381892573929121	0.00011	0.1527592295716484	0.9997746503967534	0.0	pat	9	138394717	56.5	81.894717		13.5	interior		
chr9	57500000	0.0381892573929121	0.00011	0.1527592295716484	0.9997746503967534	0.0	pat	9	138394717	57.5	80.894717		14.5	interior		
chr9	58500000	0.0381892573929121	0.00011	0.1527592295716484	0.9997746503967534	0.0	pat	9	138394717	58.5	79.894717		15.5	interior		
chr9	59500000	0.0381892573929121	0.000105	0.1527591295716484	0.9997848924588464	0.0	pat	9	138394717	59.5	78.894717		16.5	interior		
chr9	60500000	0.0381892573929121	0.003879	0.1528346095716484	0.992083914758483	0.0	pat	9	138394717	60.5	77.894717		17.5	interior		
chr9	61500000	0.0381892573929121	0.003843	0.1528338895716484	0.9921570938089198	0.0	pat	9	138394717	61.5	76.894717		18.5	interior		
chr9	62500000	0.0381892573929121	0.004026	0.1528375495716484	0.9917851560914904	0.0	pat	9	138394717	62.5	75.894717		19.5	interior		
chr9	63500000	0.0381892573929121	0.001528	0.1527875895716484	0.9968742292690526	0.0	pat	9	138394717	63.5	74.894717		20.5	interior		
chr9	64500000	0.0381892573929121	0.004786	0.1528527495716484	0.9902419816395914	0.0	pat	9	138394717	64.5	73.894717		21.5	interior		
chr9	65500000	0.0381892573929121	0.024088	0.1532387895716484	0.9518355051128072	0.0	pat	9	138394717	65.5	72.894717		22.5	interior		
chr9	66500000	0.0381892573929121	0.036891	0.1534948495716484	0.927167867297132	0.0	pat	9	138394717	66.5	71.894717		23.5	interior		
chr9	67500000	0.0250984904484004	0.083348	0.1020609217936016	0.7700387677642935	6.150061500615006e-05	pat	9	138394717	67.5	70.894717		24.5	interior		
chr9	68500000	0.029367012857388	0.169368	0.120855411429552	0.6318145277813616	0.0003690036900369	pat	9	138394717	68.5	69.894717		25.5	interior		
chr9	69500000	0.0257657304724402	0.306084	0.1091846018897608	0.3654176901903079	0.0005535055350553	pat	9	138394717	69.5	68.894717		26.5	interior		
chr9	70500000	0.028487063148264	0.589559	0.125739432593056	0.1051786370485571	0.0007380073800738	pat	9	138394717	70.5	67.894717		27.5	interior		
chr9	71500000	0.0265395538573988	0.612359	0.1184053954295952	0.0511455364560377	0.0006765067650676	pat	9	138394717	71.5	66.894717		28.5	interior		
chr9	72500000	0.0247430578575615	0.644167	0.1118555714302459	-0.0091748178070165	0.0005535055350553	pat	9	138394717	72.5	65.894717		29.5	interior		
chr9	73500000	0.0205411915569175	0.54668	0.09309836622767	-0.020181513430783	0.000430504305043	pat	9	138394717	73.5	64.894717		30.5	interior		
chr9	74500000	0.0181031580000604	0.611315	0.0846389320002416	-0.1383387730383811	0.0004920049200492	pat	9	138394717	74.5	63.894717		31.5	interior		
chr9	75500000	0.0274962055476445	0.806098	0.126106782190578	-0.0684400442765998	0.0008610086100861	pat	9	138394717	75.5	62.894717		32.5	interior		
chr9	76500000	0.0236199078402615	0.724252	0.108964671361046	-0.0907429888728172	0.0007380073800738	pat	9	138394717	76.5	61.894717		33.5	interior		
chr9	77500000	0.0265288929531386	0.765765	0.1214308718125544	-0.0607142302655739	0.0007380073800738	pat	9	138394717	77.5	60.894717		34.5	interior		
chr9	78500000	0.0270236136520931	0.640532	0.1209050946083724	0.037719537108711	0.0007380073800738	pat	9	138394717	78.5	59.894717		35.5	interior		
chr9	79500000	0.0247534737057006	0.5382	0.1097778948228024	0.0807232201719273	0.0007995079950799	pat	9	138394717	79.5	58.894717		36.5	interior		
chr9	80500000	0.0191278669721954	0.618453	0.0888805278887816	-0.1169681543548795	0.0005535055350553	pat	9	138394717	80.5	57.894717		37.5	interior		
chr9	81500000	0.0103640525917031	0.488793	0.0512320703668124	-0.2970367254258506	0.0001845018450184	pat	9	138394717	81.5	56.894717		38.5	interior		
chr9	82500000	0.0128842870621155	0.629541	0.064127968248462	-0.3130829794694484	0.0001845018450184	pat	9	138394717	82.5	55.894717		39.5	interior		
chr9	83500000	0.01397758282233	0.66237	0.06915773128932	-0.2992114553455305	0.0002460024600246	pat	9	138394717	83.5	54.894717		40.5	interior		
chr9	84500000	0.0135301325320719	0.878656	0.0716936501282876	-0.4351284718166618	0.0002460024600246	pat	9	138394717	84.5	53.894717		41.5	interior		
chr9	85500000	0.0133585323404023	0.952909	0.0724923093616091	-0.4723963579836985	0.0002460024600246	pat	9	138394717	85.5	52.894717		42.5	interior		
chr9	86500000	0.0194610020080423	0.960926	0.0970625280321692	-0.3178116189519731	0.0004920049200492	pat	9	138394717	86.5	51.894717		43.5	interior		
chr9	87500000	0.015629779861327	0.920988	0.080938879445308	-0.3949091890670337	0.000430504305043	pat	9	138394717	87.5	50.894717		44.5	interior		
chr9	88500000	0.0143332587640441	1.141572	0.0801644750561764	-0.5140788019640448	0.0003690036900369	pat	9	138394717	88.5	49.894717		45.5	interior		
chr9	89500000	0.0129026463172808	1.290533	0.0774212452691232	-0.5929202907697729	0.0003075030750307	pat	9	138394717	89.5	48.894717		46.5	interior		
chr9	90500000	0.0233996131927447	1.255439	0.1187072327709787	-0.3546292839810023	0.0006150061500615	pat	9	138394717	90.5	47.894717		47.5	interior		
chr9	91500000	0.0273170469550329	0.868969	0.1266475678201316	-0.1089328340808493	0.0006765067650676	pat	9	138394717	91.5	46.894717		48.5	interior		
chr9	92500000	0.0342821495839109	0.580877	0.1487461383356436	0.2027265515688042	0.0007380073800738	pat	9	138394717	92.5	45.894717		49.5	interior		
chr9	93500000	0.0311214954128879	0.486136	0.1342087016515516	0.2413777780001984	0.0006150061500615	pat	9	138394717	93.5	44.894717		50.5	interior		
chr9	94500000	0.0321758923239439	0.601948	0.1407425292957755	0.1548000787386221	0.0007380073800738	pat	9	138394717	94.5	43.894717		51.5	interior		
chr9	95500000	0.0302783967459356	0.591465	0.1329428869837424	0.1336431537252659	0.0006765067650676	pat	9	138394717	95.5	42.894717		52.5	interior		
chr9	96500000	0.0294119347545231	0.582608	0.1292998990180924	0.1267884135043535	0.0006150061500615	pat	9	138394717	96.5	41.894717		53.5	interior		
chr9	97500000	0.0413701153322972	0.793226	0.1813449813291888	0.1427745724554203	0.0007995079950799	pat	9	138394717	97.5	40.894717		54.5	interior		
chr9	98500000	0.0358940488653842	0.811656	0.1598093154615368	0.0612023154439974	0.0007380073800738	pat	9	138394717	98.5	39.894717		55.5	interior		
chr9	99500000	0.0329776881993996	0.79326	0.1477759527975984	0.0303622051772986	0.0007380073800738	pat	9	138394717	99.5	38.894717		56.5	interior		
chr9	100500000	0.025930830221211	0.72188	0.1181609208848439	-0.0426558025222192	0.0006150061500615	pat	9	138394717	100.5	37.894717		57.5	interior		
chr9	101500000	0.0160943451541629	0.61359	0.0766491806166516	-0.1972773280751422	0.0004920049200492	pat	9	138394717	101.5	36.894717		58.5	interior		
chr9	102500000	0.0148509518178837	0.589224	0.0711882872715348	-0.2163653466562925	0.0004920049200492	pat	9	138394717	102.5	35.894717		59.5	interior		
chr9	103500000	0.0141967186992979	0.428143	0.0653497347971916	-0.082503780050834	0.000430504305043	pat	9	138394717	103.5	34.894717		60.5	interior		
chr9	104500000	0.0161186436647479	0.443855	0.0733516746589916	-0.03721202905049	0.0003690036900369	pat	9	138394717	104.5	33.894717		61.5	interior		
chr9	105500000	0.0188554165104262	0.513021	0.0856820860417048	-0.0312166838803923	0.0003690036900369	pat	9	138394717	105.5	32.894717		62.5	interior		
chr9	106500000	0.0179384777968689	0.651393	0.0847817711874756	-0.1737696891812161	0.0003690036900369	pat	9	138394717	106.5	31.894717		63.5	interior		
chr9	107500000	0.021628099330982	0.781686	0.102146117323928	-0.1714871107648178	0.0006150061500615	pat	9	138394717	107.5	30.894717		64.5	interior		
chr9	108500000	0.0251796361998642	1.023334	0.1211852247994568	-0.2277938742736167	0.0008610086100861	pat	9	138394717	108.5	29.894717		65.5	interior		
chr9	109500000	0.020990593175816	1.09854	0.105933172703264	-0.3437157549642539	0.0007380073800738	pat	9	138394717	109.5	28.894717		66.5	interior		
chr9	110500000	0.0231559793988676	1.023274	0.1130893975954704	-0.2670859756706756	0.0007995079950799	pat	9	138394717	110.5	27.894717		67.5	interior		
chr9	111500000	0.0229550493982989	0.99174	0.1116549975931956	-0.2565670542055526	0.0007380073800738	pat	9	138394717	111.5	26.894717		68.5	interior		
chr9	112500000	0.0278975830774347	0.879011	0.1291705523097388	-0.104217438076734	0.0008610086100861	pat	9	138394717	112.5	25.894717		69.5	interior		
chr9	113500000	0.0290488047299965	1.03513	0.136897818919986	-0.1646096110756233	0.0007995079950799	pat	9	138394717	113.5	24.894717		70.5	interior		
chr9	114500000	0.0193706330864039	0.985075	0.0971840323456156	-0.3309977568552167	0.0005535055350553	pat	9	138394717	114.5	23.894717		71.5	interior		
chr9	115500000	0.0251027983896926	1.22144	0.1248399935587704	-0.311198404130007	0.0006765067650676	pat	9	138394717	115.5	22.894717		72.5	interior		
chr9	116500000	0.0174781678054581	1.123596	0.0923845912218324	-0.4310104800194516	0.0004920049200492	pat	9	138394717	116.5	21.894717		73.5	interior		
chr9	117500000	0.0260849122190107	1.184162	0.1280228888760428	-0.2795421382589871	0.0007995079950799	pat	9	138394717	117.5	20.894717		74.5	interior		
chr9	118500000	0.0166582698380531	1.315526	0.0929435993522124	-0.5109474313071015	0.0004920049200492	pat	9	138394717	118.5	19.894717		75.5	end_q	19.0	chr9q
chr9	119500000	0.0182166943931246	1.257917	0.0980251175724984	-0.4596800606162357	0.000430504305043	pat	9	138394717	119.5	18.894717		76.5	end_q	18.0	chr9q
chr9	120500000	0.0136993046974521	0.97513	0.0742998187898084	-0.4715653441279265	0.0002460024600246	pat	9	138394717	120.5	17.894717		77.5	end_q	17.0	chr9q
chr9	121500000	0.0166870300599216	0.561521	0.0779785402396864	-0.1366176411807879	0.0003075030750307	pat	9	138394717	121.5	16.894717		78.5	end_q	16.0	chr9q
chr9	122500000	0.0164533363616147	0.542808	0.0766695054464588	-0.126894494822769	0.0003075030750307	pat	9	138394717	122.5	15.894717		79.5	end_q	15.0	chr9q
chr9	123500000	0.0245127632720742	0.711383	0.1122787130882968	-0.0633919459525986	0.0003690036900369	pat	9	138394717	123.5	14.894717		80.5	end_q	14.0	chr9q
chr9	124500000	0.0330003460544289	0.501348	0.1420283442177156	0.2544266976861201	0.0004920049200492	pat	9	138394717	124.5	13.894717		81.5	end_q	13.0	chr9q
chr9	125500000	0.0316630871947986	0.585332	0.1383589887791944	0.1606147162425682	0.0005535055350553	pat	9	138394717	125.5	12.894717		82.5	end_q	12.0	chr9q
chr9	126500000	0.0297882274446465	0.41901	0.127533109778586	0.2900681642193685	0.0004920049200492	pat	9	138394717	126.5	11.894717		83.5	end_q	11.0	chr9q
chr9	127500000	0.0288731498207775	0.580815	0.12710889928311	0.1192019042671483	0.000430504305043	pat	9	138394717	127.5	10.894717		84.5	end_q	10.0	chr9q
chr9	128500000	0.0504256039668667	0.894681	0.2195960358674668	0.1805463256904868	0.0006765067650676	pat	9	138394717	128.5	9.894717		85.5	end_q	9.0	chr9q
chr9	129500000	0.0756432191848496	1.422194	0.3310167567393984	0.1523714274743344	0.0011685116851168	pat	9	138394717	129.5	8.894717		86.5	end_q	8.0	chr9q
chr9	130500000	0.079529678200223	1.642068	0.350960072800892	0.1063371827193858	0.0014760147601476	pat	9	138394717	130.5	7.894717		87.5	end_q	7.0	chr9q
chr9	131500000	0.094246980050991	1.641398	0.409815880203964	0.189519811149013	0.0017220172201722	pat	9	138394717	131.5	6.894717		88.5	end_q	6.0	chr9q
chr9	132500000	0.0810409160653376	1.960619	0.3633760442613504	0.0274938415852241	0.0015990159901599	pat	9	138394717	132.5	5.894717		89.5	end_q	5.0	chr9q
chr9	133500000	0.0842506210650727	3.528744	0.4075773642602908	-0.2420205052254261	0.0019065190651906	pat	9	138394717	133.5	4.894717		90.5	end_q	4.0	chr9q
chr9	134500000	0.0927563916131098	4.553254	0.4620906464524392	-0.3151733002985337	0.0022140221402214	pat	9	138394717	134.5	3.894717		91.5	end_q	3.0	chr9q
chr9	135500000	0.1193342404586497	4.863447	0.5746059018345988	-0.2291154993640069	0.0027060270602706	pat	9	138394717	135.5	2.894717		92.5	end_q	2.0	chr9q
chr9	136500000	0.1513064117975869	3.834458	0.6819148071903476	0.0042932354511565	0.0026445264452644	pat	9	138394717	136.5	1.894717		93.5	end_q	1.0	chr9q
chr9	137500000	0.1920050506982913	3.269414	0.8334084827931652	0.2003616172330561	0.0020295202952029	pat	9	138394717	137.5	0.894717		94.5	end_q	0.0	chr9q
chr1	500000	0.0465734634494146	0.051549	0.1873248337976583	0.9579851087365312	0.0002460024600246	mat	1	248956422	0.5	248.456422		122.9	end_p	0.0	chr1p
chr1	1500000	0.0566861861078283	0.369854	0.2341418244313132	0.7754221748477721	0.0006765067650676	mat	1	248956422	1.5	247.456422		121.9	end_p	1.0	chr1p
chr1	2500000	0.0880942196657801	1.226029	0.3768974586631204	0.5750330534610233	0.0022755227552275	mat	1	248956422	2.5	246.456422		120.9	end_p	2.0	chr1p
chr1	3500000	0.072098634876103	1.958981	0.327574159504412	0.3099609363703205	0.0027675276752767	mat	1	248956422	3.5	245.456422		119.9	end_p	3.0	chr1p
chr1	4500000	0.0631915988534749	2.523875	0.3032438954138996	0.1271921952510569	0.0029520295202952	mat	1	248956422	4.5	244.456422		118.9	end_p	4.0	chr1p
chr1	5500000	0.0503671892071838	2.144775	0.2443642568287352	0.0955570571623078	0.0017835178351783	mat	1	248956422	5.5	243.456422		117.9	end_p	5.0	chr1p
chr1	6500000	0.0593134973713019	2.216526	0.2815845094852076	0.1597642397360024	0.0020295202952029	mat	1	248956422	6.5	242.456422		116.9	end_p	6.0	chr1p
chr1	7500000	0.0695571183530646	1.910609	0.3164406534122584	0.305033314734744	0.0019065190651906	mat	1	248956422	7.5	241.456422		115.9	end_p	7.0	chr1p
chr1	8500000	0.0780727000438616	2.326874	0.3588282801754464	0.2675789298323832	0.0023370233702337	mat	1	248956422	8.5	240.456422		114.9	end_p	8.0	chr1p
chr1	9500000	0.0688888247525916	2.225888	0.3200730590103664	0.2296935027552707	0.0018450184501845	mat	1	248956422	9.5	239.456422		113.9	end_p	9.0	chr1p
chr1	10500000	0.0680265221693665	2.691252	0.325931128677466	0.1318699636527555	0.0017835178351783	mat	1	248956422	10.5	238.456422		112.9	end_p	10.0	chr1p
chr1	11500000	0.0507361884390304	2.760333	0.2581514137561216	-0.026652774570198	0.0014145141451414	mat	1	248956422	11.5	237.456422		111.9	end_p	11.0	chr1p
chr1	12500000	0.0482982759236732	2.689828	0.2469896636946928	-0.0383250544809944	0.001230012300123	mat	1	248956422	12.5	236.456422		110.9	end_p	12.0	chr1p
chr1	13500000	0.0432693081685276	2.959031	0.2322578526741104	-0.1400850076671672	0.0013530135301353	mat	1	248956422	13.5	235.456422		109.9	end_p	13.0	chr1p
chr1	14500000	0.0445161103061528	2.779954	0.2336635212246112	-0.0953046233839889	0.0015990159901599	mat	1	248956422	14.5	234.456422		108.9	end_p	14.0	chr1p
chr1	15500000	0.0423051085994964	2.314623	0.2155128943979856	-0.029464098250641	0.0014145141451414	mat	1	248956422	15.5	233.456422		107.9	end_p	15.0	chr1p
chr1	16500000	0.044207990226375	2.4101	0.2250339609054999	-0.0276774180899418	0.0014145141451414	mat	1	248956422	16.5	232.456422		106.9	end_p	16.0	chr1p
chr1	17500000	0.0511309938612179	3.203754	0.2685990554448716	-0.0969637331299956	0.0017835178351783	mat	1	248956422	17.5	231.456422		105.9	end_p	17.0	chr1p
chr1	18500000	0.052698545812982	3.423722	0.279268623251928	-0.114864142144773	0.0022755227552275	mat	1	248956422	18.5	230.456422		104.9	end_p	18.0	chr1p
chr1	19500000	0.053858573561805	3.009387	0.27562203424722	-0.039969237779359	0.0022755227552275	mat	1	248956422	19.5	229.456422		103.9	end_p	19.0	chr1p
chr1	20500000	0.0438302803388309	1.880138	0.2129238813553235	0.0919264623938822	0.0015375153751537	mat	1	248956422	20.5	228.456422		102.9	interior		
chr1	21500000	0.0574207405775667	2.178157	0.2732461023102668	0.1524620269715848	0.0019065190651906	mat	1	248956422	21.5	227.456422		101.9	interior		
chr1	22500000	0.0495587263044202	1.594691	0.2301287252176808	0.231653516094074	0.0015375153751537	mat	1	248956422	22.5	226.456422		100.9	interior		
chr1	23500000	0.0475206242979897	1.990256	0.2298876171919588	0.1037722057454062	0.0015990159901599	mat	1	248956422	23.5	225.456422		99.9	interior		
chr1	24500000	0.0418844646455373	1.598	0.1994978585821492	0.1496456285658185	0.0011070110701107	mat	1	248956422	24.5	224.456422		98.9	interior		
chr1	25500000	0.047623187757894	1.712655	0.224745851031576	0.1784045948649282	0.0011070110701107	mat	1	248956422	25.5	223.456422		97.9	interior		
chr1	26500000	0.0515537073607076	1.227057	0.2307559694428304	0.368511509250128	0.0007995079950799	mat	1	248956422	26.5	222.456422		96.9	interior		
chr1	27500000	0.0286306246827258	0.914885	0.1328201987309032	0.2349419632610101	0.0003075030750307	mat	1	248956422	27.5	221.456422		95.9	interior		
chr1	28500000	0.0215545690927331	1.350701	0.1132322963709324	-0.0970149961220859	0.0004920049200492	mat	1	248956422	28.5	220.456422		94.9	interior		
chr1	29500000	0.0205452807374717	2.446877	0.1311186629498868	-0.3955764053044668	0.0010455104551045	mat	1	248956422	29.5	219.456422		93.9	interior		
chr1	30500000	0.0204233551588103	2.668298	0.1350593806352412	-0.4338940948799711	0.0011685116851168	mat	1	248956422	30.5	218.456422		92.9	interior		
chr1	31500000	0.0298837034648252	2.03623	0.1602594138593008	-0.1383044274905284	0.0009225092250922	mat	1	248956422	31.5	217.456422		91.9	interior		
chr1	32500000	0.0301474422007621	1.410717	0.1488041088030484	0.0486593981165268	0.0006150061500615	mat	1	248956422	32.5	216.456422		90.9	interior		
chr1	33500000	0.0374552335519162	1.976472	0.1893503742076648	-0.0113861445662586	0.0009840098400984	mat	1	248956422	33.5	215.456422		89.9	interior		
chr1	34500000	0.0289858806108634	1.844255	0.1528286224434536	-0.1045529395227204	0.0009225092250922	mat	1	248956422	34.5	214.456422		88.9	interior		
chr1	35500000	0.0331000568048178	1.719066	0.1667815472192712	-0.0034261893753497	0.0008610086100861	mat	1	248956422	35.5	213.456422		87.9	interior		
chr1	36500000	0.0291199942583366	1.098159	0.1384431570333464	0.1553243023077597	0.0006150061500615	mat	1	248956422	36.5	212.456422		86.9	interior		
chr1	37500000	0.0362026998247761	2.40181	0.1928469992991044	-0.1251874100427775	0.0014145141451414	mat	1	248956422	37.5	211.456422		85.9	interior		
chr1	38500000	0.0322531875323434	2.184166	0.1726960701293736	-0.1352773638202582	0.0014145141451414	mat	1	248956422	38.5	210.456422		84.9	interior		
chr1	39500000	0.0372426007917361	2.329124	0.1955528831669444	-0.0960258195169581	0.0014760147601476	mat	1	248956422	39.5	209.456422		83.9	interior		
chr1	40500000	0.0239490483441324	1.381576	0.1234277133765296	-0.0558929732868452	0.0008610086100861	mat	1	248956422	40.5	208.456422		82.9	interior		
chr1	41500000	0.0216619398746949	1.160155	0.1098508594987796	-0.0187993364279135	0.0006765067650676	mat	1	248956422	41.5	207.456422		81.9	interior		
chr1	42500000	0.0170089572348529	1.041518	0.0888661889394115	-0.0855629984339798	0.0004920049200492	mat	1	248956422	42.5	206.456422		80.9	interior		
chr1	43500000	0.0171672624996559	1.183771	0.0923444699986236	-0.1441426594672213	0.000430504305043	mat	1	248956422	43.5	205.456422		79.9	interior		
chr1	44500000	0.0165389018349039	0.956213	0.0852798673396156	-0.0569963621069502	0.0003690036900369	mat	1	248956422	44.5	204.456422		78.9	interior		
chr1	45500000	0.022040372268807	0.892265	0.106006789075228	0.1205418664025098	0.0004920049200492	mat	1	248956422	45.5	203.456422		77.9	interior		
chr1	46500000	0.0249698191672484	0.837987	0.1166390166689936	0.2116586338957262	0.0006765067650676	mat	1	248956422	46.5	202.456422		76.9	interior		
chr1	47500000	0.0406506857953864	1.213983	0.1868824031815456	0.2666476368574487	0.001230012300123	mat	1	248956422	47.5	201.456422		75.9	interior		
chr1	48500000	0.0344339104452965	0.922651	0.156188661781186	0.3162455381672658	0.0010455104551045	mat	1	248956422	48.5	200.456422		74.9	interior		
chr1	49500000	0.0343670123186794	0.479988	0.1470678092747176	0.5738487667819293	0.0007995079950799	mat	1	248956422	49.5	199.456422		73.9	interior		
chr1	50500000	0.0192478933910754	0.126464	0.0795208535643016	0.7740272151336175	0.000430504305043	mat	1	248956422	50.5	198.456422		72.9	interior		
chr1	51500000	0.0201460624155468	0.219103	0.0849663096621872	0.6517344438548811	0.0004920049200492	mat	1	248956422	51.5	197.456422		71.9	interior		
chr1	52500000	0.0247106969513753	0.969546	0.1182337078055011	0.1359320148102794	0.0007995079950799	mat	1	248956422	52.5	196.456422		70.9	interior		
chr1	53500000	0.0369924834192571	1.830334	0.1845766136770284	0.0208019953653278	0.0012915129151291	mat	1	248956422	53.5	195.456422		69.9	interior		
chr1	54500000	0.0415290759919628	2.233812	0.2107925439678512	-0.0209579401627824	0.0015990159901599	mat	1	248956422	54.5	194.456422		68.9	interior		
chr1	55500000	0.0449117116309453	2.056504	0.2207769265237812	0.0594721649027243	0.001660516605166	mat	1	248956422	55.5	193.456422		67.9	interior		
chr1	56500000	0.0333758191318559	1.608269	0.1656686565274236	0.0340203312024651	0.0011685116851168	mat	1	248956422	56.5	192.456422		66.9	interior		
chr1	57500000	0.0245485817731008	1.713045	0.1324552270924032	-0.1499725405382567	0.0009225092250922	mat	1	248956422	57.5	191.456422		65.9	interior		
chr1	58500000	0.0136857666611732	1.73443	0.0894316666446927	-0.4214586214704687	0.0004920049200492	mat	1	248956422	58.5	190.456422		64.9	interior		
chr1	59500000	0.0119721091104454	1.62464	0.0803812364417816	-0.4491671290710581	0.0003075030750307	mat	1	248956422	59.5	189.456422		63.900000000000006	interior		
chr1	60500000	0.0227191568651042	1.837253	0.1276216874604168	-0.2211212188181962	0.0004920049200492	mat	1	248956422	60.5	188.456422		62.900000000000006	interior		
chr1	61500000	0.0323368767755268	1.818276	0.1657130271021072	-0.043116655847813	0.0008610086100861	mat	1	248956422	61.5	187.456422		61.900000000000006	interior		
chr1	62500000	0.0314237756340394	2.168669	0.1690684825361575	-0.1445577974768416	0.0009225092250922	mat	1	248956422	62.5	186.456422		60.900000000000006	interior		
chr1	63500000	0.0208529883702806	1.860557	0.1206230934811224	-0.2673359035632254	0.0008610086100861	mat	1	248956422	63.5	185.456422		59.900000000000006	interior		
chr1	64500000	0.0111762641565051	1.531883	0.0753427166260204	-0.4531489561384377	0.000430504305043	mat	1	248956422	64.5	184.456422		58.900000000000006	interior		
chr1	65500000	0.0106479305950465	1.070277	0.0639972623801859	-0.3217330882956759	0.0004920049200492	mat	1	248956422	65.5	183.456422		57.900000000000006	interior		
chr1	66500000	0.0099522218163333	1.111441	0.0620377072653332	-0.3681089865119766	0.0005535055350553	mat	1	248956422	66.5	182.456422		56.900000000000006	interior		
chr1	67500000	0.0161246067364538	1.240683	0.0893120869458152	-0.1973377645410932	0.0007995079950799	mat	1	248956422	67.5	181.456422		55.900000000000006	interior		
chr1	68500000	0.0176826839039733	1.282414	0.0963790156158932	-0.1687525184128015	0.0007380073800738	mat	1	248956422	68.5	180.456422		54.900000000000006	interior		
chr1	69500000	0.0177995123862005	1.115954	0.0935171295448019	-0.0972639652402769	0.0005535055350553	mat	1	248956422	69.5	179.456422		53.900000000000006	interior		
chr1	70500000	0.0165260801152218	0.767825	0.0814608204608871	0.0522159158460733	0.0003690036900369	mat	1	248956422	70.5	178.456422		52.900000000000006	interior		
chr1	71500000	0.0156798567783688	0.531022	0.0733398671134751	0.2073122133825005	0.0003690036900369	mat	1	248956422	71.5	177.456422		51.900000000000006	interior		
chr1	72500000	0.0074515917702185	0.321975	0.0362458670808739	0.0883206507199511	0.0001845018450184	mat	1	248956422	72.5	176.456422		50.900000000000006	interior		
chr1	73500000	0.0037495967389952	0.536232	0.0257230269559808	-0.4698554398544528	0.0001845018450184	mat	1	248956422	73.5	175.456422		49.900000000000006	interior		
chr1	74500000	0.0057464552884296	0.584649	0.0346788011537183	-0.3271557312596344	0.0001845018450184	mat	1	248956422	74.5	174.456422		48.900000000000006	interior		
chr1	75500000	0.0117060394631246	1.187188	0.0705679178524984	-0.3257304297874495	0.000430504305043	mat	1	248956422	75.5	173.456422		47.900000000000006	interior		
chr1	76500000	0.0144949281488247	1.028083	0.0785413725952988	-0.157918943124233	0.0005535055350553	mat	1	248956422	76.5	172.456422		46.900000000000006	interior		
chr1	77500000	0.0155102728576989	1.135887	0.0847588314307956	-0.1734861595771758	0.0006765067650676	mat	1	248956422	77.5	171.456422		45.900000000000006	interior		
chr1	78500000	0.013444691331135	0.657237	0.06692350532454	0.0268378749410403	0.0006150061500615	mat	1	248956422	78.5	170.456422		44.900000000000006	interior		
chr1	79500000	0.0176856146319537	0.943688	0.0896162185278148	-0.0169458934444511	0.0009225092250922	mat	1	248956422	79.5	169.456422		43.900000000000006	interior		
chr1	80500000	0.0157066192417521	1.403982	0.0909061169670084	-0.2681953313874614	0.0007380073800738	mat	1	248956422	80.5	168.456422		42.900000000000006	interior		
chr1	81500000	0.0132795594509444	1.504366	0.0832055578037776	-0.3742669341653029	0.0006765067650676	mat	1	248956422	81.5	167.456422		41.900000000000006	interior		
chr1	82500000	0.0081963909331346	1.370838	0.0602023237325384	-0.528576226182752	0.000430504305043	mat	1	248956422	82.5	166.456422		40.900000000000006	interior		
chr1	83500000	0.0099798637046994	1.338306	0.0666855748187976	-0.4444163739265489	0.0005535055350553	mat	1	248956422	83.5	165.456422		39.900000000000006	interior		
chr1	84500000	0.0203573183961545	1.249625	0.106421773584618	-0.0867857848194908	0.0009225092250922	mat	1	248956422	84.5	164.456422		38.900000000000006	interior		
chr1	85500000	0.0186614893065177	1.165146	0.0979488772260708	-0.095206109563183	0.0009225092250922	mat	1	248956422	85.5	163.456422		37.900000000000006	interior		
chr1	86500000	0.0283500243100878	1.569366	0.1447874172403512	-0.0353103700093525	0.0014760147601476	mat	1	248956422	86.5	162.456422		36.900000000000006	interior		
chr1	87500000	0.0205136169109129	1.50908	0.1122360676436516	-0.1756675920703665	0.0011685116851168	mat	1	248956422	87.5	161.456422		35.900000000000006	interior		
chr1	88500000	0.0205579663049418	1.509799	0.1124278452197672	-0.1748518040929869	0.0009840098400984	mat	1	248956422	88.5	160.456422		34.900000000000006	interior		
chr1	89500000	0.0114577453853975	0.907153	0.06397404154159	-0.2110290234553182	0.0006150061500615	mat	1	248956422	89.5	159.456422		33.900000000000006	interior		
chr1	90500000	0.0147209911182955	1.117278	0.0812295244731819	-0.1907482966960748	0.0007995079950799	mat	1	248956422	90.5	158.456422		32.900000000000006	interior		
chr1	91500000	0.0191296972990142	0.947965	0.0954780891960568	0.0200340056509263	0.0009225092250922	mat	1	248956422	91.5	157.456422		31.900000000000006	interior		
chr1	92500000	0.0194221059640889	0.73915	0.0924714238563556	0.1508694412534137	0.0006765067650676	mat	1	248956422	92.5	156.456422		30.900000000000006	interior		
chr1	93500000	0.0186402575154216	0.944806	0.0934571500616864	0.0087462789232039	0.0006150061500615	mat	1	248956422	93.5	155.456422		29.900000000000006	interior		
chr1	94500000	0.0122628838220749	1.074664	0.0705448152882996	-0.2589835828749549	0.0005535055350553	mat	1	248956422	94.5	154.456422		28.900000000000006	interior		
chr1	95500000	0.0077603821153217	0.980069	0.0506429084612868	-0.4200240326368932	0.000430504305043	mat	1	248956422	95.5	153.456422		27.900000000000006	interior		
chr1	96500000	0.0059167017786568	0.465127	0.0329693471146272	-0.2076279638408509	0.0003075030750307	mat	1	248956422	96.5	152.456422		26.900000000000006	interior		
chr1	97500000	0.0078448863075533	0.563174	0.0426430252302132	-0.1637998914975124	0.0003690036900369	mat	1	248956422	97.5	151.456422		25.900000000000006	interior		
chr1	98500000	0.0119920120727429	0.709476	0.0621575682909716	-0.0684611939325018	0.0007380073800738	mat	1	248956422	98.5	150.456422		24.900000000000006	interior		
chr1	99500000	0.0128007133120682	0.858067	0.0683641932482728	-0.1302716173866499	0.0006150061500615	mat	1	248956422	99.5	149.456422		23.900000000000006	interior		
chr1	100500000	0.0116782011536799	1.234017	0.0713931446147196	-0.3439613379594162	0.0006150061500615	mat	1	248956422	100.5	148.456422		22.900000000000006	interior		
chr1	101500000	0.0071746842765817	1.085415	0.0504070371063267	-0.4914763141219856	0.0002460024600246	mat	1	248956422	101.5	147.456422		21.900000000000006	interior		
chr1	102500000	0.0070501412764755	0.901293	0.046226425105902	-0.4250314209907411	0.0002460024600246	mat	1	248956422	102.5	146.456422		20.900000000000006	interior		
chr1	103500000	0.0091696310148907	0.567519	0.0480289040595628	-0.0908627915634861	0.0003075030750307	mat	1	248956422	103.5	145.456422		19.900000000000006	interior		
chr1	104500000	0.01097522694846	0.745457	0.05881004779384	-0.1367419358270131	0.000430504305043	mat	1	248956422	104.5	144.456422		18.900000000000006	interior		
chr1	105500000	0.0123564387792278	0.949716	0.0684200751169112	-0.1968162710878405	0.0005535055350553	mat	1	248956422	105.5	143.456422		17.900000000000006	interior		
chr1	106500000	0.0105320388643827	1.311941	0.0683669754575308	-0.4143454745817618	0.0006765067650676	mat	1	248956422	106.5	142.456422		16.900000000000006	interior		
chr1	107500000	0.0157767669137573	1.245347	0.0880140076550292	-0.209588633093945	0.0007995079950799	mat	1	248956422	107.5	141.456422		15.900000000000006	interior		
chr1	108500000	0.0169894760345857	1.977659	0.1075110841383427	-0.3858909634768271	0.0009225092250922	mat	1	248956422	108.5	140.456422		14.900000000000006	interior		
chr1	109500000	0.0259556153648452	2.241555	0.1486535614593808	-0.2521374509319731	0.0011070110701107	mat	1	248956422	109.5	139.456422		13.900000000000006	interior		
chr1	110500000	0.0284897085625949	2.789662	0.1697520742503795	-0.3099516351093441	0.0014760147601476	mat	1	248956422	110.5	138.456422		12.900000000000006	interior		
chr1	111500000	0.0259716590542375	2.274271	0.14937205621695	-0.2586209756249215	0.0014145141451414	mat	1	248956422	111.5	137.456422		11.900000000000006	interior		
chr1	112500000	0.0243666975785122	1.699693	0.1314606503140488	-0.149782846993513	0.0011685116851168	mat	1	248956422	112.5	136.456422		10.900000000000006	interior		
chr1	113500000	0.0295598195857965	1.660676	0.151452798343186	-0.0426815735587512	0.0013530135301353	mat	1	248956422	113.5	135.456422		9.900000000000006	other		
chr1	114500000	0.0407002081747479	1.788185	0.1985645326989916	0.080041300950398	0.001660516605166	mat	1	248956422	114.5	134.456422		8.900000000000006	other		
chr1	115500000	0.0441279542448984	2.225871	0.2210292369795936	0.0111689760480405	0.001660516605166	mat	1	248956422	115.5	133.456422		7.900000000000006	other		
chr1	116500000	0.0456206658911747	2.01177	0.2227180635646988	0.0782097474584266	0.0013530135301353	mat	1	248956422	116.5	132.456422		6.900000000000006	other		
chr1	117500000	0.0307885348968541	1.61302	0.1554145395874164	-0.0077858953044006	0.0008610086100861	mat	1	248956422	117.5	131.456422		5.900000000000006	other		
chr1	118500000	0.0293655795698393	1.37006	0.1448635182793572	0.0501391245699924	0.0007380073800738	mat	1	248956422	118.5	130.456422		4.900000000000006	other		
chr1	119500000	0.0182753688471296	0.90867	0.0912748753885183	0.0183585328808102	0.0002460024600246	mat	1	248956422	119.5	129.456422		3.9000000000000057	other		
chr1	120500000	0.0316157200535181	0.683956	0.1401420002140724	0.4090376296018377	0.0001845018450184	mat	1	248956422	120.5	128.456422		2.9000000000000057	other		
chr1	121500000	0.0272814752387822	0.12223	0.1115705009551288	0.8401626324404124	0.0	mat	1	248956422	121.5	127.456422		1.9000000000000057	other		
chr1	122500000	0.0272815780701403	0.041877	0.1099638522805612	0.9422020244880236	0.0	mat	1	248956422	122.5	126.456422		0.9000000000000057	other		
chr1	123500000	0.0286802153462905	0.0	0.114720861385162	1.0	0.0	mat	1	248956422	123.5	125.456422		0.09999999999999432	other		
chr1	124500000	0.0286802153462905	0.00409	0.114802661385162	0.9944857811972826	0.0	mat	1	248956422	124.5	124.456422		1.0999999999999943	other		
chr1	125500000	0.0286802153462905	0.006335	0.114847561385162	0.9914719340208378	0.0	mat	1	248956422	125.5	123.456422		2.0999999999999943	other		
chr1	126500000	0.0286802153462905	0.008579	0.114892441385162	0.9884685178905044	0.0	mat	1	248956422	126.5	122.456422		3.0999999999999943	other		
chr1	127500000	0.0286802153462905	0.006733	0.114855521385162	0.99093858086219	0.0	mat	1	248956422	127.5	121.456422		4.099999999999994	other		
chr1	128500000	0.0286802153462905	0.006733	0.114855521385162	0.99093858086219	0.0	mat	1	248956422	128.5	120.456422		5.099999999999994	other		
chr1	129500000	0.0286802153462905	0.006733	0.114855521385162	0.99093858086219	0.0	mat	1	248956422	129.5	119.456422		6.099999999999994	other		
chr1	130500000	0.0286802153462905	0.006733	0.114855521385162	0.99093858086219	0.0	mat	1	248956422	130.5	118.456422		7.099999999999994	other		
chr1	131500000	0.0286802153462905	0.006733	0.114855521385162	0.99093858086219	0.0	mat	1	248956422	131.5	117.456422		8.099999999999994	other		
chr1	132500000	0.0286802153462905	0.006733	0.114855521385162	0.99093858086219	0.0	mat	1	248956422	132.5	116.456422		9.099999999999994	other		
chr1	133500000	0.0286802153462905	0.006733	0.114855521385162	0.99093858086219	0.0	mat	1	248956422	133.5	115.456422		10.099999999999994	interior		
chr1	134500000	0.0286802153462905	0.006733	0.114855521385162	0.99093858086219	0.0	mat	1	248956422	134.5	114.456422		11.099999999999994	interior		
chr1	135500000	0.0286802153462905	0.006733	0.114855521385162	0.99093858086219	0.0	mat	1	248956422	135.5	113.456422		12.099999999999994	interior		
chr1	136500000	0.0286802153462905	0.006733	0.114855521385162	0.99093858086219	0.0	mat	1	248956422	136.5	112.456422		13.099999999999994	interior		
chr1	137500000	0.0286802153462905	0.006733	0.114855521385162	0.99093858086219	0.0	mat	1	248956422	137.5	111.456422		14.099999999999994	interior		
chr1	138500000	0.0286802153462905	0.006733	0.114855521385162	0.99093858086219	0.0	mat	1	248956422	138.5	110.456422		15.099999999999994	interior		
chr1	139500000	0.0286802153462905	0.006733	0.114855521385162	0.99093858086219	0.0	mat	1	248956422	139.5	109.456422		16.099999999999994	interior		
chr1	140500000	0.0286802153462905	0.006733	0.114855521385162	0.99093858086219	0.0	mat	1	248956422	140.5	108.456422		17.099999999999994	interior		
chr1	141500000	0.0286802153462905	0.006733	0.114855521385162	0.99093858086219	0.0	mat	1	248956422	141.5	107.456422		18.099999999999994	interior		
chr1	142500000	0.0286802153462905	0.029168	0.115304221385162	0.961328874199485	0.0	mat	1	248956422	142.5	106.456422		19.099999999999994	interior		
chr1	143500000	0.0286802153462905	0.072488	0.116170621385162	0.9065777382343778	0.0	mat	1	248956422	143.5	105.456422		20.099999999999994	interior		
chr1	144500000	0.0419900540761083	0.177957	0.1715193563044331	0.848148962066966	0.0001845018450184	mat	1	248956422	144.5	104.456422		21.099999999999994	interior		
chr1	145500000	0.0455247525876855	0.566261	0.193424230350742	0.6114131419488212	0.0002460024600246	mat	1	248956422	145.5	103.456422		22.099999999999994	interior		
chr1	146500000	0.0250877708873207	0.667184	0.1136947635492827	0.319627185890958	0.0003690036900369	mat	1	248956422	146.5	102.456422		23.099999999999994	interior		
chr1	147500000	0.0170297835210894	0.566596	0.0794510540843576	0.2157870165080536	0.0001845018450184	mat	1	248956422	147.5	101.456422		24.099999999999994	interior		
chr1	148500000	0.0146331114410266	0.810834	0.0747491257641064	-0.0357984384038371	0.0001230012300123	mat	1	248956422	148.5	100.456422		25.099999999999994	interior		
chr1	149500000	0.0173675886891941	0.776607	0.0850024947567764	0.0712890209683619	0.0	mat	1	248956422	149.5	99.456422		26.099999999999994	interior		
chr1	150500000	0.012395578151267	1.09884	0.071559112605068	-0.2643325976985962	0.0	mat	1	248956422	150.5	98.456422		27.099999999999994	interior		
chr1	151500000	0.0129566347858147	0.699473	0.0658159991432588	-0.0227811596668262	0.0003075030750307	mat	1	248956422	151.5	97.456422		28.099999999999994	interior		
chr1	152500000	0.0134953803550444	0.951716	0.0730158414201776	-0.1551226041987345	0.0003690036900369	mat	1	248956422	152.5	96.456422		29.099999999999994	interior		
chr1	153500000	0.0200156777711817	1.30048	0.1060723110847268	-0.1149022179661121	0.0009225092250922	mat	1	248956422	153.5	95.456422		30.099999999999994	interior		
chr1	154500000	0.021631024063851	1.184827	0.110220636255404	-0.0300282061748681	0.0007995079950799	mat	1	248956422	154.5	94.456422		31.099999999999994	interior		
chr1	155500000	0.0348123218759854	1.677104	0.1727913675039416	0.0341350429395431	0.0011070110701107	mat	1	248956422	155.5	93.456422		32.099999999999994	interior		
chr1	156500000	0.0311545036817453	1.494442	0.1545068547269812	0.0362838836932143	0.0007380073800738	mat	1	248956422	156.5	92.456422		33.099999999999994	interior		
chr1	157500000	0.0289076099846362	1.932926	0.1542889599385448	-0.129044610820265	0.0007995079950799	mat	1	248956422	157.5	91.456422		34.099999999999994	interior		
chr1	158500000	0.0203592031051461	1.717267	0.1157821524205844	-0.2410641903152311	0.0005535055350553	mat	1	248956422	158.5	90.456422		35.099999999999994	interior		
chr1	159500000	0.0247157407199186	2.191103	0.1426850228796744	-0.2643556106052649	0.0007995079950799	mat	1	248956422	159.5	89.456422		36.099999999999994	interior		
chr1	160500000	0.0192624855746534	1.949864	0.1160472222986136	-0.3248888297353896	0.0005535055350553	mat	1	248956422	160.5	88.456422		37.099999999999994	interior		
chr1	161500000	0.0177408216296678	1.975051	0.1104643065186712	-0.3667528409984103	0.0006150061500615	mat	1	248956422	161.5	87.456422		38.099999999999994	interior		
chr1	162500000	0.016814001068889	1.699441	0.101244824275556	-0.3242121315763929	0.0007380073800738	mat	1	248956422	162.5	86.456422		39.099999999999994	interior		
chr1	163500000	0.01788453049836	2.111187	0.1137618619934399	-0.3918301068657228	0.0007995079950799	mat	1	248956422	163.5	85.456422		40.099999999999994	interior		
chr1	164500000	0.0226099937365233	2.165	0.1337399749460932	-0.2998159084818977	0.0008610086100861	mat	1	248956422	164.5	84.456422		41.099999999999994	interior		
chr1	165500000	0.0175356884434013	1.780148	0.1057457137736052	-0.3261664849410087	0.0004920049200492	mat	1	248956422	165.5	83.456422		42.099999999999994	interior		
chr1	166500000	0.0306156775918886	2.226606	0.1669948303675544	-0.1701161376350545	0.0010455104551045	mat	1	248956422	166.5	82.456422		43.099999999999994	interior		
chr1	167500000	0.0211494529506624	2.30868	0.1307714118026496	-0.358212784489974	0.0009225092250922	mat	1	248956422	167.5	81.456422		44.099999999999994	interior		
chr1	168500000	0.0192432590445875	2.46161	0.12620523617835	-0.4252883848865433	0.0010455104551045	mat	1	248956422	168.5	80.456422		45.099999999999994	interior		
chr1	169500000	0.0122307646034243	1.503826	0.0789995784136972	-0.4089353999633343	0.0007380073800738	mat	1	248956422	169.5	79.456422		46.099999999999994	interior		
chr1	170500000	0.0175162706647807	1.053545	0.0911359826591228	-0.0766676279072436	0.0009840098400984	mat	1	248956422	170.5	78.456422		47.099999999999994	interior		
chr1	171500000	0.0174425463022859	0.865181	0.0870738052091436	0.0195588417380635	0.0007380073800738	mat	1	248956422	171.5	77.456422		48.099999999999994	interior		
chr1	172500000	0.0135394351074586	0.849845	0.0711546404298344	-0.0978352630719484	0.0005535055350553	mat	1	248956422	172.5	76.456422		49.099999999999994	interior		
chr1	173500000	0.0083987440035151	0.504764	0.0436902560140603	-0.0762814378707133	0.0001845018450184	mat	1	248956422	173.5	75.456422		50.099999999999994	interior		
chr1	174500000	0.020313568665182	0.807171	0.097397694660728	0.1297162780493457	0.0008610086100861	mat	1	248956422	174.5	74.456422		51.099999999999994	interior		
chr1	175500000	0.0202539281412659	0.740734	0.0958303925650636	0.1702538529423876	0.0007995079950799	mat	1	248956422	175.5	73.456422		52.099999999999994	interior		
chr1	176500000	0.02082153236776	1.037097	0.10402806947104	0.0174761771432069	0.0010455104551045	mat	1	248956422	176.5	72.456422		53.099999999999994	interior		
chr1	177500000	0.0166790755221283	0.761296	0.0819422220885132	0.0610647890048621	0.0004920049200492	mat	1	248956422	177.5	71.456422		54.099999999999994	interior		
chr1	178500000	0.0177642997881955	0.769068	0.086438559152782	0.0873569710873374	0.0006150061500615	mat	1	248956422	178.5	70.456422		55.099999999999994	interior		
chr1	179500000	0.0203974190851639	0.904785	0.0996853763406556	0.0752872800937097	0.0005535055350553	mat	1	248956422	179.5	69.456422		56.099999999999994	interior		
chr1	180500000	0.0300806495954552	1.198498	0.1442925583818208	0.1283908180169243	0.0007995079950799	mat	1	248956422	180.5	68.456422		57.099999999999994	interior		
chr1	181500000	0.038598907413108	1.419624	0.182788109652432	0.1675188902386777	0.0008610086100861	mat	1	248956422	181.5	67.456422		58.099999999999994	interior		
chr1	182500000	0.0454800978807878	1.286841	0.2076572115231512	0.2915313877753967	0.0009840098400984	mat	1	248956422	182.5	66.456422		59.099999999999994	interior		
chr1	183500000	0.0322972636792255	0.951252	0.148214094716902	0.2730681933888038	0.0006765067650676	mat	1	248956422	183.5	65.456422		60.099999999999994	interior		
chr1	184500000	0.0314102197826026	0.895889	0.1435586591304103	0.2878614218004475	0.0006150061500615	mat	1	248956422	184.5	64.456422		61.099999999999994	interior		
chr1	185500000	0.0226971827907942	0.862039	0.1080295111631768	0.151860831747616	0.000430504305043	mat	1	248956422	185.5	63.456422		62.099999999999994	interior		
chr1	186500000	0.0187990957326376	0.930768	0.0938117429305504	0.0204709959947459	0.000430504305043	mat	1	248956422	186.5	62.456422		63.099999999999994	interior		
chr1	187500000	0.0147264552726753	0.874376	0.0763933410907012	-0.0702421027611821	0.0005535055350553	mat	1	248956422	187.5	61.456422		64.1	interior		
chr1	188500000	0.0093008761198818	0.769858	0.0526006644795272	-0.2321627708729693	0.0004920049200492	mat	1	248956422	188.5	60.456422		65.1	interior		
chr1	189500000	0.0073241401542014	0.495095	0.0391984606168056	-0.1343944313258327	0.0003690036900369	mat	1	248956422	189.5	59.456422		66.1	interior		
chr1	190500000	0.0012320637469244	0.324056	0.0114093749876976	-0.6720862440356948	0.0001230012300123	mat	1	248956422	190.5	58.456422		67.1	interior		
chr1	191500000	0.0040343401976148	0.542005	0.0269774607904592	-0.4451551592486762	0.0001845018450184	mat	1	248956422	191.5	57.456422		68.1	interior		
chr1	192500000	0.0055577734230316	0.70933	0.0364176936921264	-0.4243513495315549	0.0002460024600246	mat	1	248956422	192.5	56.456422		69.1	interior		
chr1	193500000	0.0053072710841322	0.782508	0.0368792443365287	-0.4816563157961135	0.0001845018450184	mat	1	248956422	193.5	55.456422		70.1	interior		
chr1	194500000	0.0014072653884506	0.666853	0.0189661215538024	-0.8036683031278121	0.0002460024600246	mat	1	248956422	194.5	54.456422		71.1	interior		
chr1	195500000	0.0026480159776329	0.645965	0.0235113639105316	-0.6509196516000265	0.0002460024600246	mat	1	248956422	195.5	53.456422		72.1	interior		
chr1	196500000	0.0119234327903094	0.680876	0.0613112511612376	-0.0508189859846446	0.0004920049200492	mat	1	248956422	196.5	52.456422		73.1	interior		
chr1	197500000	0.0152982179518032	0.572026	0.0726333918072128	0.1594774359813459	0.0003690036900369	mat	1	248956422	197.5	51.456422		74.1	interior		
chr1	198500000	0.0117608416951541	0.559086	0.0582250867806164	0.0407879583843832	0.0003690036900369	mat	1	248956422	198.5	50.456422		75.1	interior		
chr1	199500000	0.0070924396173147	0.85935	0.0455567584692588	-0.402810248965702	0.0003075030750307	mat	1	248956422	199.5	49.456422		76.1	interior		
chr1	200500000	0.0137165794005127	2.012229	0.0951108976020508	-0.4797211698243041	0.0006765067650676	mat	1	248956422	200.5	48.456422		77.1	interior		
chr1	201500000	0.0222961267884067	2.553936	0.1402632271536268	-0.3790197859871987	0.0009225092250922	mat	1	248956422	201.5	47.456422		78.1	interior		
chr1	202500000	0.0339188113856556	3.443954	0.2045543255426224	-0.3262523132574458	0.001230012300123	mat	1	248956422	202.5	46.456422		79.1	interior		
chr1	203500000	0.0362851751292761	2.989309	0.2049268805171044	-0.2299338668799363	0.0011685116851168	mat	1	248956422	203.5	45.456422		80.1	interior		
chr1	204500000	0.0429510953772441	3.378452	0.2393734215089764	-0.2079051673843371	0.0014760147601476	mat	1	248956422	204.5	44.456422		81.1	interior		
chr1	205500000	0.0459254414030647	2.538577	0.2344733056122588	-0.0345815696064709	0.0013530135301353	mat	1	248956422	205.5	43.456422		82.1	interior		
chr1	206500000	0.0415268702131893	1.926542	0.2046383208527571	0.0529542805361895	0.0011685116851168	mat	1	248956422	206.5	42.456422		83.1	interior		
chr1	207500000	0.0424554942220345	1.792908	0.205680136888138	0.0996735220556795	0.0010455104551045	mat	1	248956422	207.5	41.456422		84.1	interior		
chr1	208500000	0.0384031664376867	1.8758	0.1911286657507468	0.0272424558513174	0.0011070110701107	mat	1	248956422	208.5	40.456422		85.1	interior		
chr1	209500000	0.0395549275654444	2.200948	0.2022386702617776	-0.0378839524867269	0.0014145141451414	mat	1	248956422	209.5	39.456422		86.1	interior		
chr1	210500000	0.024277260214766	1.489335	0.126895740859064	-0.0864813670198244	0.0011070110701107	mat	1	248956422	210.5	38.456422		87.1	interior		
chr1	211500000	0.0260316570299366	1.309345	0.1303135281197464	0.0125893744570598	0.0013530135301353	mat	1	248956422	211.5	37.456422		88.1	interior		
chr1	212500000	0.0259171195177417	1.361696	0.1309023980709668	-0.0092165040603322	0.0011685116851168	mat	1	248956422	212.5	36.456422		89.1	interior		
chr1	213500000	0.0324650945320624	1.676142	0.1633832181282496	-0.0004677550963421	0.0012915129151291	mat	1	248956422	213.5	35.456422		90.1	interior		
chr1	214500000	0.0207566786019025	1.54386	0.11390391440761	-0.1809957781785877	0.0007380073800738	mat	1	248956422	214.5	34.456422		91.1	interior		
chr1	215500000	0.0156176760846868	1.909329	0.1006572843387472	-0.4065552538100498	0.0007380073800738	mat	1	248956422	215.5	33.456422		92.1	interior		
chr1	216500000	0.015936263301533	1.89356	0.1016162532061319	-0.3945975506640621	0.0009840098400984	mat	1	248956422	216.5	32.456422		93.1	interior		
chr1	217500000	0.0136470951841381	2.196144	0.0985112607365523	-0.514544610325632	0.0009840098400984	mat	1	248956422	217.5	31.456422		94.1	interior		
chr1	218500000	0.0131058813441128	1.480588	0.0820352853764512	-0.3730764591847991	0.0007995079950799	mat	1	248956422	218.5	30.456422		95.1	interior		
chr1	219500000	0.0082081095121378	1.179704	0.0564265180485512	-0.4717925339595405	0.0003690036900369	mat	1	248956422	219.5	29.456422		96.1	interior		
chr1	220500000	0.0097572542324787	0.862359	0.0562761969299148	-0.2629322341853771	0.000430504305043	mat	1	248956422	220.5	28.456422		97.1	interior		
chr1	221500000	0.0080932210107262	0.934344	0.0510597640429048	-0.3823716055706112	0.000430504305043	mat	1	248956422	221.5	27.456422		98.1	interior		
chr1	222500000	0.0174336389647869	1.177077	0.0932760958591476	-0.1338121013484905	0.0007995079950799	mat	1	248956422	222.5	26.456422		99.1	interior		
chr1	223500000	0.0167483487373993	1.083774	0.0886688749495972	-0.1128946802783076	0.0006765067650676	mat	1	248956422	223.5	25.456422		100.1	interior		
chr1	224500000	0.0306950915489265	1.059737	0.143975106195706	0.1980843268529315	0.0010455104551045	mat	1	248956422	224.5	24.456422		101.1	interior		
chr1	225500000	0.043043259536247	0.89246	0.190022238144988	0.4265620555567756	0.0012915129151291	mat	1	248956422	225.5	23.456422		102.1	interior		
chr1	226500000	0.0451019315659618	0.841172	0.1972311662638472	0.46888406121249	0.0015375153751537	mat	1	248956422	226.5	22.456422		103.1	interior		
chr1	227500000	0.0447598189543885	1.017605	0.199391375817554	0.3881553837505652	0.0015375153751537	mat	1	248956422	227.5	21.456422		104.1	interior		
chr1	228500000	0.0306128401522651	1.238067	0.1472127006090604	0.1210347002586548	0.0011685116851168	mat	1	248956422	228.5	20.456422		105.1	interior		
chr1	229500000	0.0399829076920554	1.815892	0.1962494707682215	0.0635487282023664	0.0015375153751537	mat	1	248956422	229.5	19.456422		106.1	end_q	19.0	chr1q
chr1	230500000	0.0356220051274507	1.859711	0.1796822405098028	-0.0060318342840836	0.0012915129151291	mat	1	248956422	230.5	18.456422		107.1	end_q	18.0	chr1q
chr1	231500000	0.0322071266687747	2.139228	0.1716130666750988	-0.1257623829673139	0.0015375153751537	mat	1	248956422	231.5	17.456422		108.1	end_q	17.0	chr1q
chr1	232500000	0.0291639190765953	2.207775	0.1608111763063812	-0.1895107106941359	0.0015375153751537	mat	1	248956422	232.5	16.456422		109.1	end_q	16.0	chr1q
chr1	233500000	0.0273646635972061	3.036713	0.1701929143888244	-0.365366036545155	0.0018450184501845	mat	1	248956422	233.5	15.456422		110.1	end_q	15.0	chr1q
chr1	234500000	0.0267381961700862	2.768701	0.1623268046803448	-0.3349964043717543	0.0015990159901599	mat	1	248956422	234.5	14.456422		111.1	end_q	14.0	chr1q
chr1	235500000	0.0223639413235537	3.225335	0.1539624652942148	-0.4731309221992082	0.0013530135301353	mat	1	248956422	235.5	13.456422		112.1	end_q	13.0	chr1q
chr1	236500000	0.0387877212583536	3.367715	0.2225051850334144	-0.2546401814469844	0.001660516605166	mat	1	248956422	236.5	12.456422		113.1	end_q	12.0	chr1q
chr1	237500000	0.0371343225533057	3.438442	0.2173061302132228	-0.2844723591055515	0.0018450184501845	mat	1	248956422	237.5	11.456422		114.1	end_q	11.0	chr1q
chr1	238500000	0.0354262677636501	2.782103	0.1973471310546004	-0.2071387008518093	0.0017835178351783	mat	1	248956422	238.5	10.456422		115.1	end_q	10.0	chr1q
chr1	239500000	0.026099919789777	2.67959	0.157991479159108	-0.3311941383587814	0.0015990159901599	mat	1	248956422	239.5	9.456422		116.1	end_q	9.0	chr1q
chr1	240500000	0.031104308674815	3.141125	0.18723973469926	-0.3238305111662007	0.001660516605166	mat	1	248956422	240.5	8.456422		117.1	end_q	8.0	chr1q
chr1	241500000	0.0254414076325353	3.15594	0.1648844305301412	-0.4126138439734931	0.0014145141451414	mat	1	248956422	241.5	7.456422		118.1	end_q	7.0	chr1q
chr1	242500000	0.0178509486219956	1.874672	0.1088972344879823	-0.3412368128920181	0.0008610086100861	mat	1	248956422	242.5	6.456422		119.1	end_q	6.0	chr1q
chr1	243500000	0.0360436705053013	1.968908	0.1835528420212052	-0.0286691842571002	0.0012915129151291	mat	1	248956422	243.5	5.456422		120.1	end_q	5.0	chr1q
chr1	244500000	0.0430123958444207	2.100995	0.2140694833776828	0.0272287795760049	0.0017835178351783	mat	1	248956422	244.5	4.456422		121.1	end_q	4.0	chr1q
chr1	245500000	0.0525359233627524	2.048402	0.2511117334510096	0.1390095469510234	0.0023985239852398	mat	1	248956422	245.5	3.456422		122.1	end_q	3.0	chr1q
chr1	246500000	0.0345576634273092	0.897856	0.1561877737092367	0.3300499539270141	0.0017835178351783	mat	1	248956422	246.5	2.456422		123.1	end_q	2.0	chr1q
chr1	247500000	0.0374517872229589	0.166979	0.1531467288918356	0.8408792688811006	0.0014145141451414	mat	1	248956422	247.5	1.456422		124.1	end_q	1.0	chr1q
chr1	248500000	0.0270741447023536	0.119676	0.1106900988094144	0.842134976674149	0.0006765067650676	mat	1	248956422	248.5	0.456422		125.1	end_q	0.0	chr1q
chr10	500000	0.0136055236305295	0.136236	0.057146814522118	0.6748619546278498	0.0002460024600246	mat	10	133797422	0.5	133.297422		39.3	end_p	0.0	chr10p
chr10	1500000	0.0126643465309587	0.252482	0.0557070261238348	0.4424715417660692	0.0005535055350553	mat	10	133797422	1.5	132.297422		38.3	end_p	1.0	chr10p
chr10	2500000	0.0232112865960567	0.808576	0.1090166663842268	0.1937749983630904	0.0012915129151291	mat	10	133797422	2.5	131.297422		37.3	end_p	2.0	chr10p
chr10	3500000	0.044030660730164	1.175511	0.199632862920656	0.3178813155658123	0.0019065190651906	mat	10	133797422	3.5	130.297422		36.3	end_p	3.0	chr10p
chr10	4500000	0.0528129960041129	1.714712	0.2455462240164516	0.227406607969332	0.0023370233702337	mat	10	133797422	4.5	129.297422		35.3	end_p	4.0	chr10p
chr10	5500000	0.0681631552131383	2.349962	0.3196518608525532	0.1987678233865411	0.0027675276752767	mat	10	133797422	5.5	128.297422		34.3	end_p	5.0	chr10p
chr10	6500000	0.0533644209170083	2.872413	0.2709059436680332	-0.0213040151789304	0.0023985239852398	mat	10	133797422	6.5	127.297422		33.3	end_p	6.0	chr10p
chr10	7500000	0.0474800370407768	3.426151	0.2584431681631072	-0.1663079778414757	0.0020910209102091	mat	10	133797422	7.5	126.297422		32.3	end_p	7.0	chr10p
chr10	8500000	0.0211210671258473	2.285528	0.1301948285033892	-0.3543994122584527	0.0011070110701107	mat	10	133797422	8.5	125.297422		31.299999999999997	end_p	8.0	chr10p
chr10	9500000	0.0256298535819224	1.900151	0.1405224343276896	-0.1794273307652647	0.0011070110701107	mat	10	133797422	9.5	124.297422		30.299999999999997	end_p	9.0	chr10p
chr10	10500000	0.0312263094517117	1.555059	0.1560064178068468	0.0175688020924582	0.0014145141451414	mat	10	133797422	10.5	123.297422		29.299999999999997	end_p	10.0	chr10p
chr10	11500000	0.0358465337848561	2.475878	0.1929036951394243	-0.1449491133787647	0.0017220172201722	mat	10	133797422	11.5	122.297422		28.299999999999997	end_p	11.0	chr10p
chr10	12500000	0.0548788194114396	3.297049	0.2854562576457584	-0.0761058690430708	0.0023370233702337	mat	10	133797422	12.5	121.297422		27.299999999999997	end_p	12.0	chr10p
chr10	13500000	0.0626603478244895	3.480463	0.320250651297958	-0.0370044848591102	0.0023985239852398	mat	10	133797422	13.5	120.297422		26.299999999999997	end_p	13.0	chr10p
chr10	14500000	0.0647630707162874	3.194208	0.3229364428651496	0.022391302137608	0.0023985239852398	mat	10	133797422	14.5	119.297422		25.299999999999997	end_p	14.0	chr10p
chr10	15500000	0.0599362424101192	2.621143	0.2921678296404768	0.0823454196170703	0.002460024600246	mat	10	133797422	15.5	118.297422		24.299999999999997	end_p	15.0	chr10p
chr10	16500000	0.0621349536171701	2.11285	0.2907968144686804	0.2053697148214152	0.0026445264452644	mat	10	133797422	16.5	117.297422		23.299999999999997	end_p	16.0	chr10p
chr10	17500000	0.0537904872885245	1.886561	0.252893169154098	0.1905110169087796	0.0026445264452644	mat	10	133797422	17.5	116.297422		22.299999999999997	end_p	17.0	chr10p
chr10	18500000	0.0369535311450879	1.360162	0.1750173645803516	0.1671424709858072	0.0018450184501845	mat	10	133797422	18.5	115.297422		21.299999999999997	end_p	18.0	chr10p
chr10	19500000	0.0191964824852627	1.144201	0.0996699499410508	-0.0721672233841157	0.001230012300123	mat	10	133797422	19.5	114.297422		20.299999999999997	end_p	19.0	chr10p
chr10	20500000	0.017745466679169	1.043162	0.091845106716676	-0.0652734027504891	0.0008610086100861	mat	10	133797422	20.5	113.297422		19.299999999999997	interior		
chr10	21500000	0.0278821629802932	0.966793	0.1308645119211728	0.1960062915767813	0.0010455104551045	mat	10	133797422	21.5	112.297422		18.299999999999997	interior		
chr10	22500000	0.023445981023437	1.029253	0.114368984093748	0.0804554816810804	0.0007995079950799	mat	10	133797422	22.5	111.297422		17.299999999999997	interior		
chr10	23500000	0.0266287766829972	1.635339	0.1392218867319888	-0.0870113824703703	0.0011070110701107	mat	10	133797422	23.5	110.297422		16.299999999999997	interior		
chr10	24500000	0.0233705984926812	1.899594	0.1314742739707248	-0.2235443977340552	0.0010455104551045	mat	10	133797422	24.5	109.297422		15.299999999999997	interior		
chr10	25500000	0.0212074040836814	2.052687	0.1258833563347256	-0.3047093344083473	0.0009840098400984	mat	10	133797422	25.5	108.297422		14.299999999999997	interior		
chr10	26500000	0.0165178557691598	1.263646	0.0913443430766392	-0.1945701168718936	0.0006150061500615	mat	10	133797422	26.5	107.297422		13.299999999999997	interior		
chr10	27500000	0.0123658586318021	1.775837	0.0849801745272084	-0.4714782414388428	0.000430504305043	mat	10	133797422	27.5	106.297422		12.299999999999997	interior		
chr10	28500000	0.0299102744773268	2.739398	0.1744290579093071	-0.279436934254676	0.0011070110701107	mat	10	133797422	28.5	105.297422		11.299999999999997	interior		
chr10	29500000	0.0302400493797617	3.703907	0.1950383375190468	-0.4073364594287944	0.0011685116851168	mat	10	133797422	29.5	104.297422		10.299999999999997	interior		
chr10	30500000	0.031861378117775	2.98653	0.1871761124711	-0.2900876382424392	0.0010455104551045	mat	10	133797422	30.5	103.297422		9.299999999999997	other		
chr10	31500000	0.0145288443310698	1.652628	0.0911679373242791	-0.3760220854709616	0.0003690036900369	mat	10	133797422	31.5	102.297422		8.299999999999997	other		
chr10	32500000	0.0208467814463767	1.574799	0.1148831057855068	-0.188486237015675	0.0011070110701107	mat	10	133797422	32.5	101.297422		7.299999999999997	other		
chr10	33500000	0.0272007686799299	1.731145	0.1434259747197196	-0.1046870751786988	0.0014145141451414	mat	10	133797422	33.5	100.297422		6.299999999999997	other		
chr10	34500000	0.0318233598243316	2.075716	0.1688077592973264	-0.1168201098938679	0.0014760147601476	mat	10	133797422	34.5	99.297422		5.299999999999997	other		
chr10	35500000	0.0234064290295763	1.598208	0.1255898761183052	-0.139327088881227	0.0007995079950799	mat	10	133797422	35.5	98.297422		4.299999999999997	other		
chr10	36500000	0.0149322563184743	1.251954	0.0847681052738972	-0.2382274256594562	0.000430504305043	mat	10	133797422	36.5	97.297422		3.299999999999997	other		
chr10	37500000	0.0195094376360874	0.73528	0.0927433505443496	0.1556230739581611	0.0003075030750307	mat	10	133797422	37.5	96.297422		2.299999999999997	other		
chr10	38500000	0.0194901794146331	0.100305	0.0799668176585323	0.8185548743704504	0.0	mat	10	133797422	38.5	95.297422		1.2999999999999972	other		
chr10	39500000	0.0270472078991914	0.023258	0.1086539915967656	0.9672046983360754	0.0	mat	10	133797422	39.5	94.297422		0.29999999999999716	other		
chr10	40500000	0.0286802153462905	0.005235	0.114825561385162	0.9929475130794804	0.0	mat	10	133797422	40.5	93.297422		0.7000000000000028	other		
chr10	41500000	0.0245505981357316	0.106274	0.1003278725429264	0.845150800113863	6.150061500615006e-05	mat	10	133797422	41.5	92.297422		1.7000000000000028	other		
chr10	42500000	0.0232212893864702	0.543791	0.1037609775458807	0.3755138582282747	0.0002460024600246	mat	10	133797422	42.5	91.297422		2.700000000000003	other		
chr10	43500000	0.0153525541904692	0.982217	0.0810545567618768	-0.1072763202943023	0.0003075030750307	mat	10	133797422	43.5	90.297422		3.700000000000003	other		
chr10	44500000	0.0134146500075984	1.033579	0.0743301800303936	-0.197993397310219	0.0002460024600246	mat	10	133797422	44.5	89.297422		4.700000000000003	other		
chr10	45500000	0.0148700813145715	0.907464	0.077629605258286	-0.0838792839969667	0.0001845018450184	mat	10	133797422	45.5	88.297422		5.700000000000003	other		
chr10	46500000	0.024529398242276	0.831796	0.114753512969104	0.2066956555014355	0.0003690036900369	mat	10	133797422	46.5	87.297422		6.700000000000003	other		
chr10	47500000	0.0271328248712126	1.261065	0.1337525994848504	0.0520436154755118	0.0005535055350553	mat	10	133797422	47.5	86.297422		7.700000000000003	other		
chr10	48500000	0.0157984249462538	1.370939	0.0906124797850151	-0.2543852955528785	0.000430504305043	mat	10	133797422	48.5	85.297422		8.700000000000003	other		
chr10	49500000	0.0132799901950997	1.321831	0.0795565807803988	-0.3173367966372769	0.0003075030750307	mat	10	133797422	49.5	84.297422		9.700000000000003	other		
chr10	50500000	0.0213551052667973	1.458644	0.1145933010671892	-0.1394958103272893	0.0005535055350553	mat	10	133797422	50.5	83.297422		10.700000000000003	interior		
chr10	51500000	0.0198674387691401	1.972087	0.1189114950765604	-0.3161000536788131	0.0006765067650676	mat	10	133797422	51.5	82.297422		11.700000000000003	interior		
chr10	52500000	0.0224510235199937	2.16579	0.1331198940799748	-0.3031889392173769	0.0008610086100861	mat	10	133797422	52.5	81.297422		12.700000000000003	interior		
chr10	53500000	0.0144211574828646	1.892958	0.0955437899314584	-0.4357926709981304	0.0005535055350553	mat	10	133797422	53.5	80.297422		13.700000000000003	interior		
chr10	54500000	0.0153469475182627	1.344947	0.0882867300730508	-0.2589868862995931	0.0006765067650676	mat	10	133797422	54.5	79.297422		14.700000000000003	interior		
chr10	55500000	0.0064717343043006	0.91966	0.0442801372172024	-0.4673742803288669	0.0005535055350553	mat	10	133797422	55.5	78.297422		15.700000000000003	interior		
chr10	56500000	0.0056965079958237	0.716757	0.0371211719832948	-0.4184959742655182	0.0006150061500615	mat	10	133797422	56.5	77.297422		16.700000000000003	interior		
chr10	57500000	0.011932954547265	0.799003	0.06371187818906	-0.129720859621015	0.0007380073800738	mat	10	133797422	57.5	76.297422		17.700000000000003	interior		
chr10	58500000	0.0141178948977338	1.153238	0.0795363395909352	-0.225903465998604	0.0006765067650676	mat	10	133797422	58.5	75.297422		18.700000000000003	interior		
chr10	59500000	0.0132457922681632	1.300775	0.0789986690726528	-0.3112629995610604	0.0005535055350553	mat	10	133797422	59.5	74.297422		19.700000000000003	interior		
chr10	60500000	0.0095707584968602	1.03156	0.0589142339874408	-0.3526641150671414	0.0003075030750307	mat	10	133797422	60.5	73.297422		20.700000000000003	interior		
chr10	61500000	0.00893428848013	0.959843	0.05493401392052	-0.3512439896091194	0.0003075030750307	mat	10	133797422	61.5	72.297422		21.700000000000003	interior		
chr10	62500000	0.0208837617265936	0.756692	0.0986688869063743	0.1747695503010367	0.0007380073800738	mat	10	133797422	62.5	71.297422		22.700000000000003	interior		
chr10	63500000	0.017828237478776	0.828919	0.087891329915104	0.051858501195464	0.0006765067650676	mat	10	133797422	63.5	70.297422		23.700000000000003	interior		
chr10	64500000	0.0137747035242831	0.706049	0.0692197940971324	0.0031490830121947	0.0006150061500615	mat	10	133797422	64.5	69.297422		24.700000000000003	interior		
chr10	65500000	0.0048062090860985	0.920777	0.037640376344394	-0.5757488361157204	0.0003690036900369	mat	10	133797422	65.5	68.297422		25.700000000000003	interior		
chr10	66500000	0.0050266505339743	0.690624	0.0339190821358972	-0.4540944650873235	0.0003075030750307	mat	10	133797422	66.5	67.297422		26.700000000000003	interior		
chr10	67500000	0.0082805278402244	0.732919	0.0477804913608976	-0.2636152888978028	0.0002460024600246	mat	10	133797422	67.5	66.297422		27.700000000000003	interior		
chr10	68500000	0.0322992348566141	1.692789	0.1630527194264564	-0.0079699348821796	0.0010455104551045	mat	10	133797422	68.5	65.297422		28.700000000000003	interior		
chr10	69500000	0.0388347940447353	2.634593	0.2080310361789412	-0.136158296382606	0.0013530135301353	mat	10	133797422	69.5	64.297422		29.700000000000003	interior		
chr10	70500000	0.048675900686083	3.728759	0.269278782744332	-0.1952109099772777	0.0019065190651906	mat	10	133797422	70.5	63.297422		30.700000000000003	interior		
chr10	71500000	0.0322937796162175	2.465225	0.17847961846487	-0.1935352230540162	0.0009840098400984	mat	10	133797422	71.5	62.297422		31.700000000000003	interior		
chr10	72500000	0.0362261704662008	1.576378	0.1764322418648032	0.0848185693273344	0.0008610086100861	mat	10	133797422	72.5	61.297422		32.7	interior		
chr10	73500000	0.025779253584924	0.265225	0.108421514339696	0.6674167138525713	0.0003690036900369	mat	10	133797422	73.5	60.297422		33.7	interior		
chr10	74500000	0.0390559313592275	0.429921	0.1648221454369099	0.6482481384161389	0.0007995079950799	mat	10	133797422	74.5	59.297422		34.7	interior		
chr10	75500000	0.0337797597052005	0.636284	0.147844718820802	0.4650086268433344	0.0009840098400984	mat	10	133797422	75.5	58.297422		35.7	interior		
chr10	76500000	0.0319761845130876	0.991168	0.1477280980523504	0.2492642545391024	0.0011070110701107	mat	10	133797422	76.5	57.297422		36.7	interior		
chr10	77500000	0.0231807408325142	1.504693	0.1228168233300568	-0.1144332273681169	0.0009225092250922	mat	10	133797422	77.5	56.297422		37.7	interior		
chr10	78500000	0.0242886806459394	2.225069	0.1416561025837576	-0.2795481884655305	0.0009225092250922	mat	10	133797422	78.5	55.297422		38.7	interior		
chr10	79500000	0.0322202573003851	2.646985	0.1818207292015404	-0.2286040914232048	0.0013530135301353	mat	10	133797422	79.5	54.297422		39.7	interior		
chr10	80500000	0.0189956739683581	2.212553	0.1202337558734324	-0.3861530924201238	0.0009840098400984	mat	10	133797422	80.5	53.297422		40.7	interior		
chr10	81500000	0.0163112918121948	1.706103	0.0993672272487792	-0.3394583830390794	0.0008610086100861	mat	10	133797422	81.5	52.297422		41.7	interior		
chr10	82500000	0.0086070407131938	1.287089	0.0601699428527752	-0.4870643444889064	0.0003690036900369	mat	10	133797422	82.5	51.297422		42.7	interior		
chr10	83500000	0.0126218077262985	1.151653	0.0735202909051939	-0.2777010129921027	0.0005535055350553	mat	10	133797422	83.5	50.297422		43.7	interior		
chr10	84500000	0.0061461962553385	0.862023	0.041825245021354	-0.4622349440655096	0.0003075030750307	mat	10	133797422	84.5	49.297422		44.7	interior		
chr10	85500000	0.0067201237659345	0.847104	0.043822575063738	-0.4192518281990468	0.0003690036900369	mat	10	133797422	85.5	48.297422		45.7	interior		
chr10	86500000	0.0075230062680581	0.924314	0.0485783050722324	-0.4086325062454572	0.0002460024600246	mat	10	133797422	86.5	47.297422		46.7	interior		
chr10	87500000	0.0111805511080887	1.178075	0.0682837044323547	-0.3427066271160656	0.0003075030750307	mat	10	133797422	87.5	46.297422		47.7	interior		
chr10	88500000	0.0091837452713542	1.32442	0.0632233810854168	-0.4731125285995856	0.0003075030750307	mat	10	133797422	88.5	45.297422		48.7	interior		
chr10	89500000	0.0142203777757119	1.521506	0.0873116311028476	-0.3494485537970353	0.0006765067650676	mat	10	133797422	89.5	44.297422		49.7	interior		
chr10	90500000	0.0182254771569109	1.573157	0.1043650486276436	-0.251894959506411	0.0009840098400984	mat	10	133797422	90.5	43.297422		50.7	interior		
chr10	91500000	0.0222504998584341	1.169589	0.1123937794337364	-0.0094468265457665	0.0008610086100861	mat	10	133797422	91.5	42.297422		51.7	interior		
chr10	92500000	0.0235985999917039	1.603358	0.1264615599668156	-0.1368946502609032	0.0008610086100861	mat	10	133797422	92.5	41.297422		52.7	interior		
chr10	93500000	0.0214976822431243	1.206456	0.1101198489724972	-0.0421491601260499	0.0005535055350553	mat	10	133797422	93.5	40.297422		53.7	interior		
chr10	94500000	0.0302384654990912	1.387014	0.1486941419963648	0.0586103924116207	0.0009225092250922	mat	10	133797422	94.5	39.297422		54.7	interior		
chr10	95500000	0.0237098226474389	1.08346	0.1165084905897556	0.0604878231671872	0.0006765067650676	mat	10	133797422	95.5	38.297422		55.7	interior		
chr10	96500000	0.0245733451517059	1.710797	0.1325093206068236	-0.1488377563905587	0.0009840098400984	mat	10	133797422	96.5	37.297422		56.7	interior		
chr10	97500000	0.0234929137254506	1.952143	0.1330145149018023	-0.2340005485839374	0.0009225092250922	mat	10	133797422	97.5	36.297422		57.7	interior		
chr10	98500000	0.0226663471368619	1.558359	0.1218325685474476	-0.1426985611953031	0.0008610086100861	mat	10	133797422	98.5	35.297422		58.7	interior		
chr10	99500000	0.0259106462070055	1.357718	0.1307969448280219	-0.0078786862564154	0.0007995079950799	mat	10	133797422	99.5	34.297422		59.7	interior		
chr10	100500000	0.0355096677660184	1.257189	0.1671824510640736	0.1859706597407766	0.0008610086100861	mat	10	133797422	100.5	33.297422		60.7	interior		
chr10	101500000	0.0383749033120327	1.154435	0.1765883132481308	0.2632462460066616	0.0008610086100861	mat	10	133797422	101.5	32.297422		61.7	interior		
chr10	102500000	0.0360714014377548	0.884646	0.1619785257510192	0.3555047746945305	0.0007380073800738	mat	10	133797422	102.5	31.297422		62.7	interior		
chr10	103500000	0.0301365128943013	0.691664	0.1343793315772052	0.384127884170422	0.0006765067650676	mat	10	133797422	103.5	30.297422		63.7	interior		
chr10	104500000	0.0302192656131855	0.702388	0.134924822452742	0.3787258875222113	0.0007380073800738	mat	10	133797422	104.5	29.297422		64.7	interior		
chr10	105500000	0.0310258703721484	0.900594	0.1421153614885936	0.2797934053412116	0.0007380073800738	mat	10	133797422	105.5	28.297422		65.7	interior		
chr10	106500000	0.0171574905453319	1.039072	0.0894114021813275	-0.0800778959217271	0.0005535055350553	mat	10	133797422	106.5	27.297422		66.7	interior		
chr10	107500000	0.014698917815771	1.069744	0.080190551263084	-0.170445919250581	0.0006150061500615	mat	10	133797422	107.5	26.297422		67.7	interior		
chr10	108500000	0.0129058980200182	0.748873	0.0666010520800728	-0.0588000914512871	0.0007380073800738	mat	10	133797422	108.5	25.297422		68.7	interior		
chr10	109500000	0.0364431952608396	0.984621	0.1654652010433583	0.3125089280138255	0.0012915129151291	mat	10	133797422	109.5	24.297422		69.7	interior		
chr10	110500000	0.040491700817038	1.146057	0.184887943268152	0.2913873754019536	0.0015375153751537	mat	10	133797422	110.5	23.297422		70.7	interior		
chr10	111500000	0.0501453568789842	1.886329	0.2383080075159367	0.1565455800136597	0.0017220172201722	mat	10	133797422	111.5	22.297422		71.7	interior		
chr10	112500000	0.0331745550447615	1.985775	0.172413720179046	-0.074279128237051	0.0012915129151291	mat	10	133797422	112.5	21.297422		72.7	interior		
chr10	113500000	0.0301597542057176	2.341872	0.1674764568228704	-0.2017194102010828	0.0011070110701107	mat	10	133797422	113.5	20.297422		73.7	interior		
chr10	114500000	0.0153963454241158	1.60069	0.0935991816964632	-0.33677939858309	0.0006150061500615	mat	10	133797422	114.5	19.297422		74.7	end_q	19.0	chr10q
chr10	115500000	0.0304138758424202	1.834069	0.1583368833696808	-0.0779636252848436	0.0008610086100861	mat	10	133797422	115.5	18.297422		75.7	end_q	18.0	chr10q
chr10	116500000	0.0402898766862334	2.888931	0.2189381267449336	-0.1632231511778328	0.0014145141451414	mat	10	133797422	116.5	17.297422		76.7	end_q	17.0	chr10q
chr10	117500000	0.0536400445477982	3.441965	0.2833994781911928	-0.1087447441250676	0.0020910209102091	mat	10	133797422	117.5	16.297422		77.7	end_q	16.0	chr10q
chr10	118500000	0.0442449223231357	2.90792	0.2351380892925428	-0.1205625719799014	0.0018450184501845	mat	10	133797422	118.5	15.297422		78.7	end_q	15.0	chr10q
chr10	119500000	0.0356839948181968	1.977152	0.1822790192727872	-0.0357654610648334	0.0015375153751537	mat	10	133797422	119.5	14.297422		79.7	end_q	14.0	chr10q
chr10	120500000	0.0260590339461377	2.009424	0.1444246157845508	-0.1983793533115501	0.0012915129151291	mat	10	133797422	120.5	13.297422		80.7	end_q	13.0	chr10q
chr10	121500000	0.0384620891671921	2.638116	0.2066106766687684	-0.1415423667373458	0.0020910209102091	mat	10	133797422	121.5	12.297422		81.7	end_q	12.0	chr10q
chr10	122500000	0.0367635004749012	2.755224	0.2021584818996048	-0.1846569204993541	0.0020295202952029	mat	10	133797422	122.5	11.297422		82.7	end_q	11.0	chr10q
chr10	123500000	0.0382741804001422	3.077837	0.2146534616005688	-0.2184510107905496	0.0022140221402214	mat	10	133797422	123.5	10.297422		83.7	end_q	10.0	chr10q
chr10	124500000	0.036297691828322	2.790322	0.200997207313288	-0.1968991403939409	0.0017835178351783	mat	10	133797422	124.5	9.297422		84.7	end_q	9.0	chr10q
chr10	125500000	0.0377249712486231	2.658881	0.2040775049944924	-0.1548391569183239	0.001660516605166	mat	10	133797422	125.5	8.297422		85.7	end_q	8.0	chr10q
chr10	126500000	0.0451836518263162	2.301345	0.2267615073052648	0.0063175747029181	0.0017835178351783	mat	10	133797422	126.5	7.297422		86.7	end_q	7.0	chr10q
chr10	127500000	0.0440813482988512	3.022885	0.2367830931954048	-0.1414360165960067	0.0019680196801968	mat	10	133797422	127.5	6.297422		87.7	end_q	6.0	chr10q
chr10	128500000	0.044293459955116	2.973018	0.236634199820464	-0.1309176845217263	0.0020295202952029	mat	10	133797422	128.5	5.297422		88.7	end_q	5.0	chr10q
chr10	129500000	0.0324584363606883	2.59919	0.1818175454427532	-0.216444552031047	0.001660516605166	mat	10	133797422	129.5	4.297422		89.7	end_q	4.0	chr10q
chr10	130500000	0.0243303216521989	1.65699	0.1304610866087956	-0.1380555542048114	0.0015375153751537	mat	10	133797422	130.5	3.297422		90.7	end_q	3.0	chr10q
chr10	131500000	0.0373659366804016	1.008177	0.1696272867216064	0.3131235232865063	0.0019065190651906	mat	10	133797422	131.5	2.297422		91.7	end_q	2.0	chr10q
chr10	132500000	0.042031444679686	0.947205	0.187069878718744	0.3918855330005183	0.0015990159901599	mat	10	133797422	132.5	1.297422		92.7	end_q	1.0	chr10q
chr10	133500000	0.0420513717165905	0.25042	0.173213886866362	0.7929953259279297	0.0008610086100861	mat	10	133797422	133.5	0.297422		93.7	end_q	0.0	chr10q
chr11	500000	0.0435533028745969	0.843382	0.1910808514983875	0.4541031413233622	0.0009840098400984	mat	11	135086622	0.5	134.586622		52.9	end_p	0.0	chr11p
chr11	1500000	0.0427508902940332	1.458182	0.2001672011761328	0.2038983335664514	0.0017835178351783	mat	11	135086622	1.5	133.586622		51.9	end_p	1.0	chr11p
chr11	2500000	0.0584269823059711	2.077741	0.2752627492238844	0.1838313148176053	0.0023370233702337	mat	11	135086622	2.5	132.586622		50.9	end_p	2.0	chr11p
chr11	3500000	0.0491607198276482	2.161813	0.2398791393105928	0.0796019369698502	0.0022755227552275	mat	11	135086622	3.5	131.586622		49.9	end_p	3.0	chr11p
chr11	4500000	0.0367023987603433	1.764556	0.1821007150413732	0.0351538730383324	0.0019065190651906	mat	11	135086622	4.5	130.586622		48.9	end_p	4.0	chr11p
chr11	5500000	0.0248338361867046	1.332843	0.1259922047468184	-0.0198541172434733	0.0018450184501845	mat	11	135086622	5.5	129.586622		47.9	end_p	5.0	chr11p
chr11	6500000	0.0248225010575439	1.520808	0.1297061642301756	-0.0858370046891675	0.0020295202952029	mat	11	135086622	6.5	128.586622		46.9	end_p	6.0	chr11p
chr11	7500000	0.0511923523069786	1.796329	0.2406959892279144	0.1902719938746107	0.0025215252152521	mat	11	135086622	7.5	127.586622		45.9	end_p	7.0	chr11p
chr11	8500000	0.0503008627588186	1.443135	0.2300661510352744	0.2851684302428458	0.0022755227552275	mat	11	135086622	8.5	126.586622		44.9	end_p	8.0	chr11p
chr11	9500000	0.0500583307758692	1.44153	0.2290639231034767	0.2834585492622732	0.0019680196801968	mat	11	135086622	9.5	125.586622		43.9	end_p	9.0	chr11p
chr11	10500000	0.0503865864030907	1.903407	0.2396144856123628	0.1544896598897219	0.0022755227552275	mat	11	135086622	10.5	124.586622		42.9	end_p	10.0	chr11p
chr11	11500000	0.0571748356068927	3.054153	0.2897824024275708	-0.0174955761455172	0.0026445264452644	mat	11	135086622	11.5	123.586622		41.9	end_p	11.0	chr11p
chr11	12500000	0.0471868080415898	2.70583	0.2428638321663592	-0.0529008819900693	0.0021525215252152	mat	11	135086622	12.5	122.586622		40.9	end_p	12.0	chr11p
chr11	13500000	0.0242284096917591	1.668641	0.1302864587670364	-0.1435466254569455	0.0011070110701107	mat	11	135086622	13.5	121.586622		39.9	end_p	13.0	chr11p
chr11	14500000	0.0057928070861632	0.761361	0.0383984483446528	-0.4363154598013687	0.0003690036900369	mat	11	135086622	14.5	120.586622		38.9	end_p	14.0	chr11p
chr11	15500000	0.0090592512071466	0.504466	0.0463263248285863	-0.0382637996760847	0.0004920049200492	mat	11	135086622	15.5	119.586622		37.9	end_p	15.0	chr11p
chr11	16500000	0.0234156734594156	1.216021	0.1179831138376624	-0.0033923535137172	0.0009225092250922	mat	11	135086622	16.5	118.586622		36.9	end_p	16.0	chr11p
chr11	17500000	0.0286583648765897	1.440603	0.1434455195063588	0.012887940548438	0.0009225092250922	mat	11	135086622	17.5	117.586622		35.9	end_p	17.0	chr11p
chr11	18500000	0.0387437304641386	2.83521	0.2116791218565544	-0.173115528549478	0.0014145141451414	mat	11	135086622	18.5	116.586622		34.9	end_p	18.0	chr11p
chr11	19500000	0.0232305551573973	3.135648	0.1556351806295892	-0.4470335935534761	0.001230012300123	mat	11	135086622	19.5	115.586622		33.9	end_p	19.0	chr11p
chr11	20500000	0.0213581575066262	3.359799	0.1526286100265048	-0.5061401465882838	0.0013530135301353	mat	11	135086622	20.5	114.586622		32.9	interior		
chr11	21500000	0.0180767950477962	2.220997	0.1167271201911848	-0.4086310009638552	0.0010455104551045	mat	11	135086622	21.5	113.586622		31.9	interior		
chr11	22500000	0.0171466103139412	1.55779	0.0997422412557648	-0.2757135244311051	0.0008610086100861	mat	11	135086622	22.5	112.586622		30.9	interior		
chr11	23500000	0.0258853120477995	1.631977	0.136180788191198	-0.1000257629140915	0.0011685116851168	mat	11	135086622	23.5	111.586622		29.9	interior		
chr11	24500000	0.0197948577329922	1.779137	0.1147621709319688	-0.2707345047668251	0.0011685116851168	mat	11	135086622	24.5	110.586622		28.9	interior		
chr11	25500000	0.0213570915172665	1.840751	0.122243386069066	-0.2512045158553637	0.001230012300123	mat	11	135086622	25.5	109.586622		27.9	interior		
chr11	26500000	0.015198980348843	1.035647	0.081508861395372	-0.1383099435052914	0.0008610086100861	mat	11	135086622	26.5	108.586622		26.9	interior		
chr11	27500000	0.01576877182578	0.632559	0.07572626730312	0.1250455700558358	0.0006765067650676	mat	11	135086622	27.5	107.586622		25.9	interior		
chr11	28500000	0.010938228780896	0.26395	0.049031915123584	0.3625568633308644	0.000430504305043	mat	11	135086622	28.5	106.586622		24.9	interior		
chr11	29500000	0.0071643156374312	0.232452	0.0333063025497248	0.2277251644373201	0.0003075030750307	mat	11	135086622	29.5	105.586622		23.9	interior		
chr11	30500000	0.0100669817253656	0.329278	0.0468534869014624	0.2238958044755775	0.0003075030750307	mat	11	135086622	30.5	104.586622		22.9	interior		
chr11	31500000	0.0136109315137859	0.768097	0.0698056660551436	-0.0449166441858626	0.0005535055350553	mat	11	135086622	31.5	103.586622		21.9	interior		
chr11	32500000	0.0216352729013431	1.48638	0.1162686916053724	-0.1423393198458421	0.0008610086100861	mat	11	135086622	32.5	102.586622		20.9	interior		
chr11	33500000	0.0217117559036753	2.308387	0.1330147636147012	-0.3466672020198894	0.0011070110701107	mat	11	135086622	33.5	101.586622		19.9	interior		
chr11	34500000	0.0312247280384098	2.687141	0.1786417321536392	-0.2504912405133775	0.0011685116851168	mat	11	135086622	34.5	100.586622		18.9	interior		
chr11	35500000	0.02886479306541	2.973132	0.17492181226164	-0.3326453456419022	0.0012915129151291	mat	11	135086622	35.5	99.586622		17.9	interior		
chr11	36500000	0.023141821676771	2.416274	0.140892766707084	-0.3386755869332674	0.0009840098400984	mat	11	135086622	36.5	98.586622		16.9	interior		
chr11	37500000	0.0142867025520759	1.603499	0.0892167902083036	-0.3702670936414299	0.0007380073800738	mat	11	135086622	37.5	97.586622		15.899999999999999	interior		
chr11	38500000	0.0080247214234227	0.705698	0.0462128456936908	-0.2606034503899414	0.0003690036900369	mat	11	135086622	38.5	96.586622		14.899999999999999	interior		
chr11	39500000	0.0129831786633235	0.924458	0.070421874653294	-0.1598200532116362	0.000430504305043	mat	11	135086622	39.5	95.586622		13.899999999999999	interior		
chr11	40500000	0.0144449454680336	1.097288	0.0797255418721344	-0.1911704185823548	0.000430504305043	mat	11	135086622	40.5	94.586622		12.899999999999999	interior		
chr11	41500000	0.011625400387222	1.178464	0.0700708815488879	-0.3255234403415404	0.0003075030750307	mat	11	135086622	41.5	93.586622		11.899999999999999	interior		
chr11	42500000	0.011181027819264	0.96432	0.064010511277056	-0.2515135315149353	0.0003075030750307	mat	11	135086622	42.5	92.586622		10.899999999999999	interior		
chr11	43500000	0.0237920465393609	2.382737	0.1428229261574436	-0.3200944906443507	0.0011070110701107	mat	11	135086622	43.5	91.586622		9.899999999999999	other		
chr11	44500000	0.0275813319236584	2.609452	0.1625143676946336	-0.2943330130760018	0.001230012300123	mat	11	135086622	44.5	90.586622		8.899999999999999	other		
chr11	45500000	0.0340198038492998	2.352784	0.1831348953971991	-0.1455894498072379	0.0012915129151291	mat	11	135086622	45.5	89.586622		7.899999999999999	other		
chr11	46500000	0.0176956655457754	0.713195	0.0850465621831016	0.1227350030541964	0.000430504305043	mat	11	135086622	46.5	88.586622		6.899999999999999	other		
chr11	47500000	0.0202030082754411	0.217857	0.0851691731017643	0.6541798113052196	0.0002460024600246	mat	11	135086622	47.5	87.586622		5.899999999999999	other		
chr11	48500000	0.0219260587957337	0.102754	0.0897593151829348	0.8334237201818963	6.150061500615006e-05	mat	11	135086622	48.5	86.586622		4.899999999999999	other		
chr11	49500000	0.0185659491661717	0.055612	0.0753760366646868	0.8902313151243448	0.0	mat	11	135086622	49.5	85.586622		3.8999999999999986	other		
chr11	50500000	0.0216046584035747	0.025753	0.0869336936142988	0.9548247664295512	0.0	mat	11	135086622	50.5	84.586622		2.8999999999999986	other		
chr11	51500000	0.0217615192478078	0.006567	0.0871774169912311	0.9883671391843398	0.0	mat	11	135086622	51.5	83.586622		1.8999999999999986	other		
chr11	52500000	0.0286802153462905	9e-06	0.114721041385162	0.9999878325490208	0.0	mat	11	135086622	52.5	82.586622		0.8999999999999986	other		
chr11	53500000	0.0249745088041544	0.003459	0.0999672152166176	0.994644115818616	0.0	mat	11	135086622	53.5	81.586622		0.10000000000000142	other		
chr11	54500000	0.0361409024860768	0.00873	0.1447382099443072	0.9906775872498584	0.0004920049200492	mat	11	135086622	54.5	80.586622		1.1000000000000014	other		
chr11	55500000	0.019227522539443	0.084428	0.078598650157772	0.8430995744965024	0.0005535055350553	mat	11	135086622	55.5	79.586622		2.1000000000000014	other		
chr11	56500000	0.0210844016295009	0.333735	0.0910123065180036	0.5303755963084715	0.0007380073800738	mat	11	135086622	56.5	78.586622		3.1000000000000014	other		
chr11	57500000	0.013360143565121	0.528659	0.064013754260484	0.1317699488944355	0.000430504305043	mat	11	135086622	57.5	77.586622		4.100000000000001	other		
chr11	58500000	0.0172759395198638	0.728202	0.0836677980794552	0.1006011763270373	0.0003690036900369	mat	11	135086622	58.5	76.586622		5.100000000000001	other		
chr11	59500000	0.016546354403121	1.118342	0.088552257612484	-0.1343270747116527	0.0006150061500615	mat	11	135086622	59.5	75.586622		6.100000000000001	other		
chr11	60500000	0.0339658794176278	1.63589	0.1685813176705111	0.0342681724514968	0.0009225092250922	mat	11	135086622	60.5	74.586622		7.100000000000001	other		
chr11	61500000	0.0366924838386471	1.91539	0.1850777353545884	-0.0059777324095213	0.0010455104551045	mat	11	135086622	61.5	73.586622		8.100000000000001	other		
chr11	62500000	0.0329157876608281	1.791905	0.1675012506433124	-0.026960051727524	0.0007380073800738	mat	11	135086622	62.5	72.586622		9.100000000000001	other		
chr11	63500000	0.022554772737891	1.524438	0.120707850951564	-0.1343259410893078	0.0004920049200492	mat	11	135086622	63.5	71.586622		10.100000000000001	interior		
chr11	64500000	0.0316424771791769	1.244374	0.1514573887167076	0.1348051778563312	0.0006765067650676	mat	11	135086622	64.5	70.586622		11.100000000000001	interior		
chr11	65500000	0.0337312500880777	0.859294	0.1521108803523108	0.3387955649332745	0.0006150061500615	mat	11	135086622	65.5	69.586622		12.100000000000001	interior		
chr11	66500000	0.0302794279310963	0.792189	0.1369614917243852	0.326949462999312	0.0004920049200492	mat	11	135086622	66.5	68.586622		13.100000000000001	interior		
chr11	67500000	0.0160271906064101	0.848879	0.0810863424256404	-0.0132397102283756	0.0001845018450184	mat	11	135086622	67.5	67.586622		14.100000000000001	interior		
chr11	68500000	0.0198686927979284	2.088775	0.1212502711917136	-0.3417030012331178	0.000430504305043	mat	11	135086622	68.5	66.586622		15.100000000000001	interior		
chr11	69500000	0.0225426824816646	2.323683	0.1366443899266584	-0.3329786279691271	0.0006150061500615	mat	11	135086622	69.5	65.586622		16.1	interior		
chr11	70500000	0.0294625752722439	2.435116	0.1665526210889756	-0.2314679166851385	0.0007995079950799	mat	11	135086622	70.5	64.586622		17.1	interior		
chr11	71500000	0.0246976198852358	1.365845	0.1261073795409432	-0.0348222600515275	0.0005535055350553	mat	11	135086622	71.5	63.586622		18.1	interior		
chr11	72500000	0.0371095988554851	1.256645	0.1735712954219403	0.2073607750011982	0.0007380073800738	mat	11	135086622	72.5	62.586622		19.1	interior		
chr11	73500000	0.0308997382932709	1.093072	0.1454603931730836	0.1863707543032383	0.0006150061500615	mat	11	135086622	73.5	61.586622		20.1	interior		
chr11	74500000	0.0341408238145439	1.353478	0.1636328552581755	0.1308504270544468	0.0007995079950799	mat	11	135086622	74.5	60.586622		21.1	interior		
chr11	75500000	0.0246159423220381	1.626115	0.1309860692881524	-0.1230757166987458	0.0006765067650676	mat	11	135086622	75.5	59.586622		22.1	interior		
chr11	76500000	0.0324076772096118	1.723026	0.1640912288384472	-0.0151453347081357	0.0008610086100861	mat	11	135086622	76.5	58.586622		23.1	interior		
chr11	77500000	0.0423618888777682	1.447997	0.1984074955110727	0.2028765847763842	0.001230012300123	mat	11	135086622	77.5	57.586622		24.1	interior		
chr11	78500000	0.0485651186252491	1.493446	0.2241293945009964	0.2529917138078286	0.0017835178351783	mat	11	135086622	78.5	56.586622		25.1	interior		
chr11	79500000	0.0443073141805239	1.710326	0.2114357767220956	0.1439234665415326	0.0019065190651906	mat	11	135086622	79.5	55.586622		26.1	interior		
chr11	80500000	0.0258355083748673	1.72809	0.1379038334994692	-0.1292102411622274	0.0015990159901599	mat	11	135086622	80.5	54.586622		27.1	interior		
chr11	81500000	0.0128097940681781	1.031114	0.0718614562727124	-0.2189167119617914	0.0011070110701107	mat	11	135086622	81.5	53.586622		28.1	interior		
chr11	82500000	0.0114072495145899	0.681408	0.0592571580583596	-0.0732501541882745	0.0009225092250922	mat	11	135086622	82.5	52.586622		29.1	interior		
chr11	83500000	0.0132047165823838	0.498438	0.0627876263295351	0.1548657388105676	0.0009225092250922	mat	11	135086622	83.5	51.586622		30.1	interior		
chr11	84500000	0.0181526072201128	0.397526	0.0805609488804512	0.4039426517483431	0.0007380073800738	mat	11	135086622	84.5	50.586622		31.1	interior		
chr11	85500000	0.0173880352085866	0.539359	0.0803393208343463	0.2489329680691873	0.0006765067650676	mat	11	135086622	85.5	49.586622		32.1	interior		
chr11	86500000	0.0178247240656272	0.845323	0.0882053562625088	0.0419836457723603	0.0007995079950799	mat	11	135086622	86.5	48.586622		33.1	interior		
chr11	87500000	0.0104842035288664	1.039376	0.0627243341154656	-0.3155331648064223	0.0006150061500615	mat	11	135086622	87.5	47.586622		34.1	interior		
chr11	88500000	0.0130819797205551	0.766899	0.0676658988822204	-0.0638980352339699	0.0004920049200492	mat	11	135086622	88.5	46.586622		35.1	interior		
chr11	89500000	0.0091248250929609	0.445174	0.0454027803718436	0.0278340633340143	0.0002460024600246	mat	11	135086622	89.5	45.586622		36.1	interior		
chr11	90500000	0.0155719744338788	0.461581	0.0715195177355152	0.2701096652075424	0.0003690036900369	mat	11	135086622	90.5	44.586622		37.1	interior		
chr11	91500000	0.0171724051573575	0.631414	0.08131790062943	0.16764783985748	0.0006765067650676	mat	11	135086622	91.5	43.586622		38.1	interior		
chr11	92500000	0.0201792594481599	0.761154	0.0959401177926396	0.1552193981670542	0.0006150061500615	mat	11	135086622	92.5	42.586622		39.1	interior		
chr11	93500000	0.0176923342878234	0.953225	0.0898338371512936	-0.0217818155838733	0.0005535055350553	mat	11	135086622	93.5	41.586622		40.1	interior		
chr11	94500000	0.0290943519627293	1.734149	0.1510603878509172	-0.0721638510270791	0.0008610086100861	mat	11	135086622	94.5	40.586622		41.1	interior		
chr11	95500000	0.0246945806048071	2.098395	0.1407462224192284	-0.2445403819581603	0.0009225092250922	mat	11	135086622	95.5	39.586622		42.1	interior		
chr11	96500000	0.0367208155312057	2.148416	0.1898515821248228	-0.0629134640461902	0.0013530135301353	mat	11	135086622	96.5	38.586622		43.1	interior		
chr11	97500000	0.0170788013405455	1.493203	0.098179265362182	-0.2578891792346286	0.0009225092250922	mat	11	135086622	97.5	37.586622		44.1	interior		
chr11	98500000	0.0177071581983589	1.404332	0.0989152727934356	-0.2118423989438084	0.0010455104551045	mat	11	135086622	98.5	36.586622		45.1	interior		
chr11	99500000	0.0121194120738028	1.409099	0.0766596282952112	-0.3853896846333636	0.0008610086100861	mat	11	135086622	99.5	35.586622		46.1	interior		
chr11	100500000	0.0147080186658244	1.424481	0.0873216946632976	-0.3049884424424444	0.0009840098400984	mat	11	135086622	100.5	34.586622		47.1	interior		
chr11	101500000	0.020414191944498	1.496447	0.111585707777992	-0.1739478023429187	0.0011685116851168	mat	11	135086622	101.5	33.586622		48.1	interior		
chr11	102500000	0.0175012618688474	1.37984	0.0976018474753896	-0.2090238918194215	0.0009840098400984	mat	11	135086622	102.5	32.586622		49.1	interior		
chr11	103500000	0.0148796264399804	1.067727	0.0808730457599216	-0.1635895331268865	0.0006765067650676	mat	11	135086622	103.5	31.586622		50.1	interior		
chr11	104500000	0.0090645021811264	0.589728	0.0480525687245056	-0.1155547554704822	0.0003075030750307	mat	11	135086622	104.5	30.586622		51.1	interior		
chr11	105500000	0.0115107113128633	0.595884	0.0579605252514532	-0.0018094989818444	0.0003075030750307	mat	11	135086622	105.5	29.586622		52.1	interior		
chr11	106500000	0.0142805244844669	1.005661	0.0772353179378676	-0.1544317558277273	0.000430504305043	mat	11	135086622	106.5	28.586622		53.1	interior		
chr11	107500000	0.0177612871219507	1.138051	0.0938061684878028	-0.1080279161775295	0.0006765067650676	mat	11	135086622	107.5	27.586622		54.1	interior		
chr11	108500000	0.0275445555127343	1.288514	0.1359485020509372	0.0488156658573275	0.0009840098400984	mat	11	135086622	108.5	26.586622		55.1	interior		
chr11	109500000	0.0329976833449348	1.282077	0.1576322733797392	0.1407344885336818	0.0009840098400984	mat	11	135086622	109.5	25.586622		56.1	interior		
chr11	110500000	0.0285997559057926	1.519968	0.1447983836231704	-0.0149475781054874	0.0007380073800738	mat	11	135086622	110.5	24.586622		57.1	interior		
chr11	111500000	0.0144246567063722	1.506991	0.0878384468254888	-0.338937030460113	0.0003690036900369	mat	11	135086622	111.5	23.586622		58.1	interior		
chr11	112500000	0.0167410255520221	1.427303	0.0955101622080884	-0.2461076972755196	0.000430504305043	mat	11	135086622	112.5	22.586622		59.1	interior		
chr11	113500000	0.0221627419529375	1.92161	0.12708316781175	-0.2539948318171574	0.0007380073800738	mat	11	135086622	113.5	21.586622		60.1	interior		
chr11	114500000	0.0212967459652534	1.820124	0.1215894638610136	-0.2472468950784812	0.0007380073800738	mat	11	135086622	114.5	20.586622		61.1	interior		
chr11	115500000	0.0411379870771522	2.532453	0.2152010083086088	-0.0882015684833188	0.001230012300123	mat	11	135086622	115.5	19.586622		62.1	end_q	19.0	chr11q
chr11	116500000	0.0633493110364245	2.670828	0.306813804145698	0.100494240215993	0.0020910209102091	mat	11	135086622	116.5	18.586622		63.1	end_q	18.0	chr11q
chr11	117500000	0.066176949767941	2.773028	0.320168359071764	0.1035208397304826	0.0020910209102091	mat	11	135086622	117.5	17.586622		64.1	end_q	17.0	chr11q
chr11	118500000	0.0587319788433063	2.56769	0.2862817153732251	0.0824977836254307	0.0022140221402214	mat	11	135086622	118.5	16.586622		65.1	end_q	16.0	chr11q
chr11	119500000	0.038990606590748	2.440795	0.204778326362992	-0.0965034038217886	0.0015990159901599	mat	11	135086622	119.5	15.586622		66.1	end_q	15.0	chr11q
chr11	120500000	0.0416367146274571	2.527644	0.2170997385098284	-0.0812761157388599	0.0017835178351783	mat	11	135086622	120.5	14.586622		67.1	end_q	14.0	chr11q
chr11	121500000	0.0457021704558312	2.627815	0.2353649818233248	-0.0542532738264987	0.001660516605166	mat	11	135086622	121.5	13.586622		68.1	end_q	13.0	chr11q
chr11	122500000	0.0483225541312874	2.652233	0.2463348765251496	-0.0310449205647678	0.0017220172201722	mat	11	135086622	122.5	12.586622		69.1	end_q	12.0	chr11q
chr11	123500000	0.0497539383357457	2.640672	0.2518291933429828	-0.0142740760606311	0.0019065190651906	mat	11	135086622	123.5	11.586622		70.1	end_q	11.0	chr11q
chr11	124500000	0.0475246313841994	2.090561	0.2319097455367976	0.0794369744399266	0.0022755227552275	mat	11	135086622	124.5	10.586622		71.1	end_q	10.0	chr11q
chr11	125500000	0.042503234745238	2.03241	0.2106611389809519	0.0378577082887426	0.0022755227552275	mat	11	135086622	125.5	9.586622		72.1	end_q	9.0	chr11q
chr11	126500000	0.037110457750252	1.760333	0.183648491001008	0.041870271481112	0.0020910209102091	mat	11	135086622	126.5	8.586622		73.1	end_q	8.0	chr11q
chr11	127500000	0.0239398941722874	1.965597	0.1350715166891496	-0.2283310500759514	0.001660516605166	mat	11	135086622	127.5	7.586622		74.1	end_q	7.0	chr11q
chr11	128500000	0.0277578964786001	1.634037	0.1437123259144004	-0.06597381453044	0.0015375153751537	mat	11	135086622	128.5	6.586622		75.1	end_q	6.0	chr11q
chr11	129500000	0.0442958116936096	2.122731	0.2196378667744384	0.0367735988503686	0.0020295202952029	mat	11	135086622	129.5	5.586622		76.1	end_q	5.0	chr11q
chr11	130500000	0.0533581968427042	2.222014	0.2578730673708168	0.1065971385568937	0.0020295202952029	mat	11	135086622	130.5	4.586622		77.1	end_q	4.0	chr11q
chr11	131500000	0.0500698994781222	1.803529	0.2363501779124888	0.1776298188300219	0.0019680196801968	mat	11	135086622	131.5	3.586622		78.1	end_q	3.0	chr11q
chr11	132500000	0.0474950297659643	1.321849	0.2164170990638572	0.2990660813599125	0.0020295202952029	mat	11	135086622	132.5	2.586622		79.1	end_q	2.0	chr11q
chr11	133500000	0.0517881408650531	0.649681	0.2201461834602124	0.6087382570079394	0.0023985239852398	mat	11	135086622	133.5	1.586622		80.1	end_q	1.0	chr11q
chr11	134500000	0.0491958624401622	0.680058	0.2103846097606488	0.5772911103591261	0.0018450184501845	mat	11	135086622	134.5	0.586622		81.1	end_q	0.0	chr11q
chr12	500000	0.0328870447109945	0.152618	0.134600538843978	0.8349145130520368	0.0008610086100861	mat	12	133275309	0.5	132.775309		35.0	end_p	0.0	chr12p
chr12	1500000	0.034632017062771	0.363922	0.145806508251084	0.6615101355984947	0.001230012300123	mat	12	133275309	1.5	131.775309		34.0	end_p	1.0	chr12p
chr12	2500000	0.0652915160315988	0.758909	0.2763442441263952	0.6321953352797416	0.0025215252152521	mat	12	133275309	2.5	130.775309		33.0	end_p	2.0	chr12p
chr12	3500000	0.0597257175930225	1.231323	0.26352933037209	0.4288883109749262	0.0027060270602706	mat	12	133275309	3.5	129.775309		32.0	end_p	3.0	chr12p
chr12	4500000	0.0510023650931099	1.439813	0.2328057203724396	0.2925715540841773	0.0026445264452644	mat	12	133275309	4.5	128.775309		31.0	end_p	4.0	chr12p
chr12	5500000	0.0519937449516824	1.839285	0.2447606798067296	0.1863663522924301	0.0022755227552275	mat	12	133275309	5.5	127.775309		30.0	end_p	5.0	chr12p
chr12	6500000	0.0644212063439916	1.962858	0.2969419853759664	0.257302503784537	0.0021525215252152	mat	12	133275309	6.5	126.775309		29.0	end_p	6.0	chr12p
chr12	7500000	0.0728729467999622	2.570597	0.3429037271998488	0.1877331905328331	0.0020910209102091	mat	12	133275309	7.5	125.775309		28.0	end_p	7.0	chr12p
chr12	8500000	0.0291265191235381	1.955295	0.1556119764941524	-0.1309921083320898	0.0011070110701107	mat	12	133275309	8.5	124.775309		27.0	end_p	8.0	chr12p
chr12	9500000	0.020535287588405	1.94681	0.12107735035362	-0.2952672486084802	0.0009840098400984	mat	12	133275309	9.5	123.775309		26.0	end_p	9.0	chr12p
chr12	10500000	0.0237843178117167	1.762943	0.1303961312468668	-0.1793221255658658	0.0011685116851168	mat	12	133275309	10.5	122.775309		25.0	end_p	10.0	chr12p
chr12	11500000	0.0285866424205388	2.873704	0.1718206496821552	-0.3217825282693488	0.001230012300123	mat	12	133275309	11.5	121.775309		24.0	end_p	11.0	chr12p
chr12	12500000	0.0210762856591447	2.80295	0.1403641426365788	-0.4410753488249005	0.0009840098400984	mat	12	133275309	12.5	120.775309		23.0	end_p	12.0	chr12p
chr12	13500000	0.0199057318491505	2.326752	0.126157967396602	-0.387653794612711	0.0009840098400984	mat	12	133275309	13.5	119.775309		22.0	end_p	13.0	chr12p
chr12	14500000	0.0161948602077115	1.403141	0.092842260830846	-0.2536526862635923	0.0007380073800738	mat	12	133275309	14.5	118.775309		21.0	end_p	14.0	chr12p
chr12	15500000	0.0184984119530506	1.403228	0.1020582078122024	-0.1904926758035752	0.0006765067650676	mat	12	133275309	15.5	117.775309		20.0	end_p	15.0	chr12p
chr12	16500000	0.0192701248817874	1.414517	0.1053708395271496	-0.1746114525083582	0.0006150061500615	mat	12	133275309	16.5	116.775309		19.0	end_p	16.0	chr12p
chr12	17500000	0.0206340389498935	1.275788	0.108051915799574	-0.0903669148364444	0.0008610086100861	mat	12	133275309	17.5	115.775309		18.0	end_p	17.0	chr12p
chr12	18500000	0.0216634834157124	1.420393	0.1150617936628496	-0.1193838404829632	0.0011070110701107	mat	12	133275309	18.5	114.775309		17.0	end_p	18.0	chr12p
chr12	19500000	0.0223463296807352	1.940238	0.1281900787229408	-0.2546485135835935	0.0013530135301353	mat	12	133275309	19.5	113.775309		16.0	end_p	19.0	chr12p
chr12	20500000	0.0208974565683959	1.91591	0.1219080262735836	-0.2799112421965061	0.0012915129151291	mat	12	133275309	20.5	112.775309		15.0	interior		
chr12	21500000	0.0231996483960541	1.929921	0.1313970135842164	-0.2345265246227334	0.0011685116851168	mat	12	133275309	21.5	111.775309		14.0	interior		
chr12	22500000	0.0169345613091584	1.720688	0.1021520052366336	-0.3265726918775756	0.0007995079950799	mat	12	133275309	22.5	110.775309		13.0	interior		
chr12	23500000	0.0189479933237146	2.238739	0.1205667532948583	-0.3922111627304788	0.0008610086100861	mat	12	133275309	23.5	109.775309		12.0	interior		
chr12	24500000	0.0137574733055652	2.327325	0.1015763932222608	-0.5326745441425269	0.0006765067650676	mat	12	133275309	24.5	108.775309		11.0	interior		
chr12	25500000	0.0180907257510852	2.277205	0.1179070030043407	-0.4186696578037681	0.0008610086100861	mat	12	133275309	25.5	107.775309		10.0	interior		
chr12	26500000	0.0208234903785739	2.048491	0.1242637815142956	-0.3120491408362014	0.0007995079950799	mat	12	133275309	26.5	106.775309		9.0	other		
chr12	27500000	0.017762573108411	1.779418	0.106638652433644	-0.3202265367731446	0.0007380073800738	mat	12	133275309	27.5	105.775309		8.0	other		
chr12	28500000	0.0121706246056468	1.730296	0.0832884184225871	-0.4675550481537505	0.0006150061500615	mat	12	133275309	28.5	104.775309		7.0	other		
chr12	29500000	0.0047824520360067	1.9314	0.0577578081440268	-0.7734864805233229	0.0004920049200492	mat	12	133275309	29.5	103.775309		6.0	other		
chr12	30500000	0.0226065831765068	1.905418	0.1285346927060272	-0.2407152976471568	0.0015375153751537	mat	12	133275309	30.5	102.775309		5.0	other		
chr12	31500000	0.0313803557258514	1.90553	0.1636320229034056	-0.0814116129114064	0.0015990159901599	mat	12	133275309	31.5	101.775309		4.0	other		
chr12	32500000	0.0327389969953946	1.223327	0.1554225279815784	0.1598114786865286	0.0015375153751537	mat	12	133275309	32.5	100.775309		3.0	other		
chr12	33500000	0.0168270414557539	0.706002	0.0814282058230156	0.102893624572401	0.000430504305043	mat	12	133275309	33.5	99.775309		2.0	other		
chr12	34500000	0.012428029992623	0.106215	0.051836419970492	0.7157223483402269	6.150061500615006e-05	mat	12	133275309	34.5	98.775309		1.0	other		
chr12	35500000	0.0235555827063494	0.016052	0.0945433708253976	0.9739218129868208	0.0	mat	12	133275309	35.5	97.775309		0.0	other		
chr12	36500000	0.0265110863813842	0.005946	0.1061632655255368	0.9913412496085712	0.0	mat	12	133275309	36.5	96.775309		1.0	other		
chr12	37500000	0.0278726179402547	0.040279	0.1122960517610188	0.9454941645583672	6.150061500615006e-05	mat	12	133275309	37.5	95.775309		2.0	other		
chr12	38500000	0.0319049383027714	0.225028	0.1321203132110855	0.7594196075950085	0.0003690036900369	mat	12	133275309	38.5	94.775309		3.0	other		
chr12	39500000	0.0170446386221799	0.474447	0.0776674944887196	0.2989966553666843	0.0003690036900369	mat	12	133275309	39.5	93.775309		4.0	other		
chr12	40500000	0.0141585348706853	0.764942	0.0719329794827412	-0.0231625592327195	0.0005535055350553	mat	12	133275309	40.5	92.775309		5.0	other		
chr12	41500000	0.0102934619515074	0.972755	0.0606289478060295	-0.293815489175783	0.0005535055350553	mat	12	133275309	41.5	91.775309		6.0	other		
chr12	42500000	0.0184053017865706	0.972455	0.0930703071462824	-0.0120174430770436	0.0007995079950799	mat	12	133275309	42.5	90.775309		7.0	other		
chr12	43500000	0.0209074015117816	0.920663	0.1020428660471264	0.0789146548424725	0.0006765067650676	mat	12	133275309	43.5	89.775309		8.0	other		
chr12	44500000	0.0300973674334299	0.911516	0.1386197897337196	0.2601215533377483	0.0008610086100861	mat	12	133275309	44.5	88.775309		9.0	other		
chr12	45500000	0.0251571517748622	0.944849	0.1195255870994488	0.1573156662128295	0.0007380073800738	mat	12	133275309	45.5	87.775309		10.0	interior		
chr12	46500000	0.0403930985230917	1.529769	0.1921677740923668	0.1532510172156163	0.0011685116851168	mat	12	133275309	46.5	86.775309		11.0	interior		
chr12	47500000	0.0253097595622036	1.556783	0.1323746982488144	-0.0877922596624957	0.0006765067650676	mat	12	133275309	47.5	85.775309		12.0	interior		
chr12	48500000	0.040255793030033	1.818544	0.197394052120132	0.0662087280397062	0.0011685116851168	mat	12	133275309	48.5	84.775309		13.0	interior		
chr12	49500000	0.0204292966667229	1.026771	0.1022526066668916	0.0129716579666322	0.0006765067650676	mat	12	133275309	49.5	83.775309		14.0	interior		
chr12	50500000	0.0337648449506119	1.392364	0.1629066598024476	0.1114406365029752	0.0011070110701107	mat	12	133275309	50.5	82.775309		15.0	interior		
chr12	51500000	0.0254930200792054	1.819187	0.1383558203168216	-0.160885550601545	0.0009225092250922	mat	12	133275309	51.5	81.775309		16.0	interior		
chr12	52500000	0.0382378416355638	2.386859	0.2006885465422551	-0.0950912764799434	0.001230012300123	mat	12	133275309	52.5	80.775309		17.0	interior		
chr12	53500000	0.0410361288675892	2.394023	0.2120249754703567	-0.0614866520526079	0.0011070110701107	mat	12	133275309	53.5	79.775309		18.0	interior		
chr12	54500000	0.0341503163813976	1.795502	0.1725113055255904	-0.0095592498949656	0.0007380073800738	mat	12	133275309	54.5	78.775309		19.0	interior		
chr12	55500000	0.0257748935740237	1.506067	0.1332209142960948	-0.0622728163263213	0.000430504305043	mat	12	133275309	55.5	77.775309		20.0	interior		
chr12	56500000	0.0184171637442595	0.980272	0.093274094977038	-0.0156977340097466	0.0002460024600246	mat	12	133275309	56.5	76.775309		21.0	interior		
chr12	57500000	0.0221502488690004	1.051542	0.1096318354760016	0.0414685998851057	0.000430504305043	mat	12	133275309	57.5	75.775309		22.0	interior		
chr12	58500000	0.0243938023724946	0.831494	0.1142050894899784	0.2042149418492249	0.0006765067650676	mat	12	133275309	58.5	74.775309		23.0	interior		
chr12	59500000	0.0203453363053438	0.621571	0.0938127652213752	0.2560487083020383	0.0005535055350553	mat	12	133275309	59.5	73.775309		24.0	interior		
chr12	60500000	0.0143665942804841	0.436343	0.0661932371219364	0.258791772035032	0.000430504305043	mat	12	133275309	60.5	72.775309		25.0	interior		
chr12	61500000	0.0097357953045618	0.911074	0.0571646612182472	-0.2893281683397018	0.0004920049200492	mat	12	133275309	61.5	71.775309		26.0	interior		
chr12	62500000	0.0100994571950876	1.08298	0.0620574287803504	-0.3504183207404186	0.0004920049200492	mat	12	133275309	62.5	70.775309		27.0	interior		
chr12	63500000	0.0147203074271276	1.22059	0.0832930297085104	-0.2329971309716513	0.0006150061500615	mat	12	133275309	63.5	69.775309		28.0	interior		
chr12	64500000	0.0156617788629139	0.913531	0.0809177354516556	-0.0613952040344147	0.0003690036900369	mat	12	133275309	64.5	68.775309		29.0	interior		
chr12	65500000	0.0165529955859474	1.068458	0.0875811423437896	-0.1116602784365417	0.0004920049200492	mat	12	133275309	65.5	67.775309		30.0	interior		
chr12	66500000	0.0102052223772349	1.401287	0.0688466295089396	-0.4538583257570293	0.000430504305043	mat	12	133275309	66.5	66.775309		31.0	interior		
chr12	67500000	0.010621603985118	1.844139	0.079369195940472	-0.5419160856834812	0.0005535055350553	mat	12	133275309	67.5	65.775309		32.0	interior		
chr12	68500000	0.0106162670882198	1.968943	0.0818439283528792	-0.564802749561905	0.0006150061500615	mat	12	133275309	68.5	64.775309		33.0	interior		
chr12	69500000	0.0149626377551306	1.77264	0.0953033510205224	-0.3933524459195555	0.0006150061500615	mat	12	133275309	69.5	63.775309		34.0	interior		
chr12	70500000	0.013636873991286	1.351044	0.0815683759651439	-0.3152401975770508	0.0004920049200492	mat	12	133275309	70.5	62.775309		35.0	interior		
chr12	71500000	0.0144695330039623	1.168437	0.0812468720158492	-0.2204356735110888	0.000430504305043	mat	12	133275309	71.5	61.775309		36.0	interior		
chr12	72500000	0.0093389485668244	0.699878	0.0513533542672976	-0.1846394639118772	0.0002460024600246	mat	12	133275309	72.5	60.775309		37.0	interior		
chr12	73500000	0.0045541740131041	0.503804	0.0282927760524164	-0.3640068773637873	0.0001230012300123	mat	12	133275309	73.5	59.775309		38.0	interior		
chr12	74500000	0.0115299201969619	0.895898	0.0640376407878476	-0.202047307884624	0.0003075030750307	mat	12	133275309	74.5	58.775309		39.0	interior		
chr12	75500000	0.0197940518065278	1.467349	0.1085231872261112	-0.1793791159356235	0.0004920049200492	mat	12	133275309	75.5	57.775309		40.0	interior		
chr12	76500000	0.0225603009331611	1.790283	0.1260468637326444	-0.2121237476901248	0.0007380073800738	mat	12	133275309	76.5	56.775309		41.0	interior		
chr12	77500000	0.0251494239120074	1.707697	0.1347516356480296	-0.1365992282947559	0.0008610086100861	mat	12	133275309	77.5	55.775309		42.0	interior		
chr12	78500000	0.0222365255775685	1.225128	0.113448662310274	-0.0329457618043157	0.0007380073800738	mat	12	133275309	78.5	54.775309		43.0	interior		
chr12	79500000	0.0231162380340773	1.052639	0.1135177321363092	0.0622338116365794	0.0006765067650676	mat	12	133275309	79.5	53.775309		44.0	interior		
chr12	80500000	0.0103156542262576	0.512943	0.0515214769050304	0.0183213677588633	0.0002460024600246	mat	12	133275309	80.5	52.775309		45.0	interior		
chr12	81500000	0.0126899122101004	0.771512	0.0661898888404016	-0.0820133090836191	0.000430504305043	mat	12	133275309	81.5	51.775309		46.0	interior		
chr12	82500000	0.0101982883807799	0.80919	0.0569769535231196	-0.2120648355264378	0.000430504305043	mat	12	133275309	82.5	50.775309		47.0	interior		
chr12	83500000	0.0093363207806574	0.818563	0.0537165431226296	-0.2591943661100023	0.0004920049200492	mat	12	133275309	83.5	49.775309		48.0	interior		
chr12	84500000	0.0071940046524727	0.488234	0.0385406986098908	-0.1363444824644934	0.0004920049200492	mat	12	133275309	84.5	48.775309		49.0	interior		
chr12	85500000	0.0076623207729509	0.209051	0.0348303030918036	0.3080982438236672	0.000430504305043	mat	12	133275309	85.5	47.775309		50.0	interior		
chr12	86500000	0.0116041531862251	0.314335	0.0527033127449004	0.31133803690146	0.000430504305043	mat	12	133275309	86.5	46.775309		51.0	interior		
chr12	87500000	0.0105450565876107	0.335569	0.0488916063504428	0.2369019503499786	0.0001845018450184	mat	12	133275309	87.5	45.775309		52.0	interior		
chr12	88500000	0.009803228810413	0.658155	0.052376015241652	-0.1310320985109332	6.150061500615006e-05	mat	12	133275309	88.5	44.775309		53.0	interior		
chr12	89500000	0.0095393101720025	0.704911	0.05225546068801	-0.1778394561028725	0.0001230012300123	mat	12	133275309	89.5	43.775309		54.0	interior		
chr12	90500000	0.0164252857158856	0.914614	0.0839934228635423	-0.0382469160710051	0.0003690036900369	mat	12	133275309	90.5	42.775309		55.0	interior		
chr12	91500000	0.0289677271124418	1.157479	0.1390204884497672	0.1269767538228061	0.0007380073800738	mat	12	133275309	91.5	41.775309		56.0	interior		
chr12	92500000	0.0370993513623035	1.898114	0.186359685449214	0.0040661977558256	0.0010455104551045	mat	12	133275309	92.5	40.775309		57.0	interior		
chr12	93500000	0.0458140378920253	2.631368	0.2358835115681012	-0.0537080684778545	0.0014760147601476	mat	12	133275309	93.5	39.775309		58.0	interior		
chr12	94500000	0.0384598943750312	2.634852	0.2065366175001248	-0.1409636745325992	0.0014145141451414	mat	12	133275309	94.5	38.775309		59.0	interior		
chr12	95500000	0.032005609864864	2.132937	0.170681179459456	-0.1274014149264794	0.0011685116851168	mat	12	133275309	95.5	37.775309		60.0	interior		
chr12	96500000	0.0174202443433295	1.677843	0.103237837373318	-0.3024745919719662	0.0009225092250922	mat	12	133275309	96.5	36.775309		61.0	interior		
chr12	97500000	0.0162642316108622	1.607159	0.0972001064434488	-0.3140686942478035	0.0007995079950799	mat	12	133275309	97.5	35.775309		62.0	interior		
chr12	98500000	0.0286726653351667	1.468002	0.1440507013406668	0.0037178153500786	0.0009840098400984	mat	12	133275309	98.5	34.775309		63.0	interior		
chr12	99500000	0.0243231557829583	1.103783	0.1193682831318332	0.0639521772801871	0.0006150061500615	mat	12	133275309	99.5	33.775309		64.0	interior		
chr12	100500000	0.0301454345308407	1.40592	0.1487001381233628	0.0503251054672842	0.0007380073800738	mat	12	133275309	100.5	32.775309		65.0	interior		
chr12	101500000	0.014917659734203	1.506248	0.089795598936812	-0.3237595245339988	0.0003690036900369	mat	12	133275309	101.5	31.775309		66.0	interior		
chr12	102500000	0.0251798960598959	2.023579	0.1411911642395836	-0.218151153382918	0.0009840098400984	mat	12	133275309	102.5	30.775309		67.0	interior		
chr12	103500000	0.0226118768883623	2.058848	0.1316244675534492	-0.2767312875373258	0.001230012300123	mat	12	133275309	103.5	29.775309		68.0	interior		
chr12	104500000	0.0413669372150987	2.209302	0.2096537888603948	-0.0173987284525965	0.0017835178351783	mat	12	133275309	104.5	28.775309		69.0	interior		
chr12	105500000	0.0368900832093318	1.971459	0.1869895128373272	-0.0177168432492025	0.0013530135301353	mat	12	133275309	105.5	27.775309		70.0	interior		
chr12	106500000	0.0355000549713133	1.486716	0.1717345398852532	0.1038038835104238	0.0009840098400984	mat	12	133275309	106.5	26.775309		71.0	interior		
chr12	107500000	0.0383072854729522	1.723304	0.1876952218918088	0.0682887688154063	0.0010455104551045	mat	12	133275309	107.5	25.775309		72.0	interior		
chr12	108500000	0.0456549461937755	1.754582	0.217711424775102	0.1460848078198487	0.0013530135301353	mat	12	133275309	108.5	24.775309		73.0	interior		
chr12	109500000	0.0546808669062318	1.555601	0.2498354876249272	0.2890440099050187	0.0014145141451414	mat	12	133275309	109.5	23.775309		74.0	interior		
chr12	110500000	0.0376255852365159	0.839857	0.1672994809460636	0.3959197038179428	0.0007995079950799	mat	12	133275309	110.5	22.775309		75.0	interior		
chr12	111500000	0.0266367999590396	0.647619	0.1194995798361584	0.3592896969891692	0.0005535055350553	mat	12	133275309	111.5	21.775309		76.0	interior		
chr12	112500000	0.0502335694321913	1.328154	0.2274973577287652	0.3222390683093046	0.0011070110701107	mat	12	133275309	112.5	20.775309		77.0	interior		
chr12	113500000	0.0527195997572699	2.243871	0.2557558190290796	0.0957946102520945	0.001660516605166	mat	12	133275309	113.5	19.775309		78.0	end_q	19.0	chr12q
chr12	114500000	0.0605080630879432	3.082057	0.3036733923517728	0.0062864747359862	0.0021525215252152	mat	12	133275309	114.5	18.775309		79.0	end_q	18.0	chr12q
chr12	115500000	0.0386700832902791	3.019412	0.2150685731611164	-0.2043817388062833	0.0014760147601476	mat	12	133275309	115.5	17.775309		80.0	end_q	17.0	chr12q
chr12	116500000	0.0646691893715594	3.482206	0.3283208774862376	-0.0214903929734909	0.0020295202952029	mat	12	133275309	116.5	16.775309		81.0	end_q	16.0	chr12q
chr12	117500000	0.0534926644220898	2.85261	0.2710228576883592	-0.0166465210254508	0.0019065190651906	mat	12	133275309	117.5	15.775309		82.0	end_q	15.0	chr12q
chr12	118500000	0.0526608096152708	2.787923	0.2664016984610832	-0.0130150799596957	0.0020910209102091	mat	12	133275309	118.5	14.775309		83.0	end_q	14.0	chr12q
chr12	119500000	0.0229975914960166	1.562419	0.1232387459840664	-0.1368617662981822	0.0014145141451414	mat	12	133275309	119.5	13.775309		84.0	end_q	13.0	chr12q
chr12	120500000	0.0414541056012724	1.285983	0.1915360824050896	0.2488894898467709	0.0012915129151291	mat	12	133275309	120.5	12.775309		85.0	end_q	12.0	chr12q
chr12	121500000	0.0544618912013385	0.757301	0.232993584805354	0.5753238970692814	0.0014145141451414	mat	12	133275309	121.5	11.775309		86.0	end_q	11.0	chr12q
chr12	122500000	0.0529489506501838	0.616369	0.2241231826007352	0.6317455403767954	0.0011685116851168	mat	12	133275309	122.5	10.775309		87.0	end_q	10.0	chr12q
chr12	123500000	0.0652949557148436	1.336406	0.2879079428593744	0.4318448973478735	0.0019065190651906	mat	12	133275309	123.5	9.775309		88.0	end_q	9.0	chr12q
chr12	124500000	0.0576782475240756	1.865427	0.2680215300963023	0.229244507146215	0.0020295202952029	mat	12	133275309	124.5	8.775309		89.0	end_q	8.0	chr12q
chr12	125500000	0.0463048065185925	2.070223	0.22662368607437	0.0713700262094944	0.0019680196801968	mat	12	133275309	125.5	7.775309		90.0	end_q	7.0	chr12q
chr12	126500000	0.0349260856792559	2.480533	0.1893150027170236	-0.1585733194582251	0.0014145141451414	mat	12	133275309	126.5	6.775309		91.0	end_q	6.0	chr12q
chr12	127500000	0.0409462036619418	4.21857	0.2481562146477672	-0.3327537462244534	0.0015990159901599	mat	12	133275309	127.5	5.775309		92.0	end_q	5.0	chr12q
chr12	128500000	0.0619983526828551	4.888505	0.3457635107314204	-0.2090641283650973	0.0023370233702337	mat	12	133275309	128.5	4.775309		93.0	end_q	4.0	chr12q
chr12	129500000	0.0582241584485917	4.621321	0.3253230537943667	-0.2122184298052204	0.0023370233702337	mat	12	133275309	129.5	3.775309		94.0	end_q	3.0	chr12q
chr12	130500000	0.0737837189720831	2.449552	0.3441259158883324	0.2168166834433023	0.0025830258302583	mat	12	133275309	130.5	2.775309		95.0	end_q	2.0	chr12q
chr12	131500000	0.0658394934340225	1.686802	0.29709401373609	0.3362776100585091	0.0022140221402214	mat	12	133275309	131.5	1.775309		96.0	end_q	1.0	chr12q
chr12	132500000	0.0672771972204224	0.656633	0.2822414488816896	0.6817746537629863	0.0015375153751537	mat	12	133275309	132.5	0.775309		97.0	end_q	0.0	chr12q
chr13	500000	0.0286802153462905	0.0	0.114720861385162	1.0	0.0	mat	13	114364328	0.5	113.864328		17.2	other		
chr13	1500000	0.0286802153462905	0.0	0.114720861385162	1.0	0.0	mat	13	114364328	1.5	112.864328		16.2	other		
chr13	2500000	0.0286802153462905	0.0	0.114720861385162	1.0	0.0	mat	13	114364328	2.5	111.864328		15.2	other		
chr13	3500000	0.0286802153462905	0.0	0.114720861385162	1.0	0.0	mat	13	114364328	3.5	110.864328		14.2	other		
chr13	4500000	0.0286802153462905	0.0	0.114720861385162	1.0	0.0	mat	13	114364328	4.5	109.864328		13.2	other		
chr13	5500000	0.0286802153462905	0.0	0.114720861385162	1.0	0.0	mat	13	114364328	5.5	108.864328		12.2	other		
chr13	6500000	0.0286802153462905	0.0	0.114720861385162	1.0	0.0	mat	13	114364328	6.5	107.864328		11.2	other		
chr13	7500000	0.0286802153462905	0.0	0.114720861385162	1.0	0.0	mat	13	114364328	7.5	106.864328		10.2	other		
chr13	8500000	0.0286802153462905	0.0	0.114720861385162	1.0	0.0	mat	13	114364328	8.5	105.864328		9.2	other		
chr13	9500000	0.0286802153462905	0.0	0.114720861385162	1.0	0.0	mat	13	114364328	9.5	104.864328		8.2	other		
chr13	10500000	0.0286802153462905	0.0	0.114720861385162	1.0	0.0	mat	13	114364328	10.5	103.864328		7.199999999999999	other		
chr13	11500000	0.0286802153462905	0.0	0.114720861385162	1.0	0.0	mat	13	114364328	11.5	102.864328		6.199999999999999	other		
chr13	12500000	0.0286802153462905	0.0	0.114720861385162	1.0	0.0	mat	13	114364328	12.5	101.864328		5.199999999999999	other		
chr13	13500000	0.0286802153462905	0.0	0.114720861385162	1.0	0.0	mat	13	114364328	13.5	100.864328		4.199999999999999	other		
chr13	14500000	0.0286802153462905	0.0	0.114720861385162	1.0	0.0	mat	13	114364328	14.5	99.864328		3.1999999999999993	other		
chr13	15500000	0.0286802153462905	0.0	0.114720861385162	1.0	0.0	mat	13	114364328	15.5	98.864328		2.1999999999999993	other		
chr13	16500000	0.0286802153462905	0.0	0.114720861385162	1.0	0.0	mat	13	114364328	16.5	97.864328		1.1999999999999993	other		
chr13	17500000	0.0312333973210726	0.0	0.1249335892842904	1.0	6.150061500615006e-05	mat	13	114364328	17.5	96.864328		0.1999999999999993	other		
chr13	18500000	0.0204231810366726	0.291056	0.0875138441466904	0.5670418535500432	0.0001230012300123	mat	13	114364328	18.5	95.864328		0.8000000000000007	other		
chr13	19500000	0.036918760112123	1.595512	0.179585280448492	0.088229413224992	0.0007380073800738	mat	13	114364328	19.5	94.864328		1.8000000000000007	other		
chr13	20500000	0.037333546354351	2.659603	0.202526245417404	-0.1600572292698992	0.001230012300123	mat	13	114364328	20.5	93.864328		2.8000000000000007	other		
chr13	21500000	0.0433583883526695	3.96584	0.252750353410678	-0.2788289853650604	0.0019065190651906	mat	13	114364328	21.5	92.864328		3.8000000000000007	other		
chr13	22500000	0.0236541048568925	4.042427	0.17546495942757	-0.5363072860972476	0.0015990159901599	mat	13	114364328	22.5	91.864328		4.800000000000001	other		
chr13	23500000	0.0242706023427794	3.558533	0.1682530693711176	-0.4795074095514627	0.0015375153751537	mat	13	114364328	23.5	90.864328		5.800000000000001	other		
chr13	24500000	0.0168177306391128	2.808407	0.1234390625564512	-0.5280194702129313	0.0011685116851168	mat	13	114364328	24.5	89.864328		6.800000000000001	other		
chr13	25500000	0.0258859069710625	2.720546	0.15795454788425	-0.3415711287593179	0.0014760147601476	mat	13	114364328	25.5	88.864328		7.800000000000001	other		
chr13	26500000	0.0241281382851453	2.235459	0.1412217331405812	-0.2847439549207747	0.0013530135301353	mat	13	114364328	26.5	87.864328		8.8	other		
chr13	27500000	0.0314242151037826	2.246771	0.1706322804151304	-0.1618255680169493	0.0012915129151291	mat	13	114364328	27.5	86.864328		9.8	other		
chr13	28500000	0.0223561766242352	1.945383	0.1283323664969408	-0.2556804801013181	0.0011070110701107	mat	13	114364328	28.5	85.864328		10.8	interior		
chr13	29500000	0.034689357507335	2.465269	0.18806281002934	-0.1588796637788422	0.0015990159901599	mat	13	114364328	29.5	84.864328		11.8	interior		
chr13	30500000	0.0348204726340542	2.331696	0.1859158105362168	-0.1297625620366122	0.0017835178351783	mat	13	114364328	30.5	83.864328		12.8	interior		
chr13	31500000	0.0396289930760673	2.031451	0.1991449923042691	0.0031021893914285	0.0015990159901599	mat	13	114364328	31.5	82.864328		13.8	interior		
chr13	32500000	0.0198007472838763	1.422675	0.1076564891355052	-0.164212368702946	0.0009225092250922	mat	13	114364328	32.5	81.864328		14.8	interior		
chr13	33500000	0.0286549876894469	1.304689	0.1407137307577876	0.0622974881914052	0.0007380073800738	mat	13	114364328	33.5	80.864328		15.8	interior		
chr13	34500000	0.0194054717749805	1.441503	0.106451947099922	-0.1803735399629411	0.0006150061500615	mat	13	114364328	34.5	79.864328		16.8	interior		
chr13	35500000	0.0249251593943312	1.586596	0.1314325575773248	-0.1047737756030284	0.0006765067650676	mat	13	114364328	35.5	78.864328		17.8	interior		
chr13	36500000	0.0156034758011302	1.305944	0.0885327832045208	-0.237402218529126	0.0005535055350553	mat	13	114364328	36.5	77.864328		18.8	interior		
chr13	37500000	0.0152949864049875	1.262053	0.08642100561995	-0.2306827560931322	0.0004920049200492	mat	13	114364328	37.5	76.864328		19.8	interior		
chr13	38500000	0.0122453328342939	1.121513	0.0714115913371756	-0.2794358539527688	0.000430504305043	mat	13	114364328	38.5	75.864328		20.8	interior		
chr13	39500000	0.0190840912337439	1.640248	0.1091413249349756	-0.2498936103684815	0.0006150061500615	mat	13	114364328	39.5	74.864328		21.8	interior		
chr13	40500000	0.0317306890006445	1.474432	0.156411396002578	0.0521552347944091	0.0009225092250922	mat	13	114364328	40.5	73.864328		22.8	interior		
chr13	41500000	0.0340996322024228	1.5455	0.1673085288096912	0.0645764269092399	0.0011070110701107	mat	13	114364328	41.5	72.864328		23.8	interior		
chr13	42500000	0.0248107212705439	1.079611	0.1208351050821756	0.0848300311009419	0.0010455104551045	mat	13	114364328	42.5	71.864328		24.8	interior		
chr13	43500000	0.0224343709012736	1.580018	0.1213378436050943	-0.1544774829797904	0.0010455104551045	mat	13	114364328	43.5	70.864328		25.8	interior		
chr13	44500000	0.0321118877461768	1.655408	0.1615557109847072	0.0002862540924945	0.0011685116851168	mat	13	114364328	44.5	69.864328		26.8	interior		
chr13	45500000	0.0428827440464014	2.334896	0.2182288961856056	-0.0270454660057948	0.001230012300123	mat	13	114364328	45.5	68.864328		27.8	interior		
chr13	46500000	0.034024143077523	1.98193	0.175735172310092	-0.0607286982201585	0.0011070110701107	mat	13	114364328	46.5	67.864328		28.8	interior		
chr13	47500000	0.0305089360916976	1.646334	0.1549624243667904	-0.0225649962251619	0.0009225092250922	mat	13	114364328	47.5	66.864328		29.8	interior		
chr13	48500000	0.0164335190072733	0.839288	0.0825198360290932	0.0049590456154287	0.0006765067650676	mat	13	114364328	48.5	65.864328		30.8	interior		
chr13	49500000	0.0340733172720188	0.898671	0.1542666890880752	0.3233406229039336	0.0009225092250922	mat	13	114364328	49.5	64.864328		31.8	interior		
chr13	50500000	0.0317524086602044	1.119692	0.1494034746408176	0.187895088863795	0.0007995079950799	mat	13	114364328	50.5	63.864328		32.8	interior		
chr13	51500000	0.0408673443456864	1.255281	0.1885749973827456	0.2535310104787761	0.0009840098400984	mat	13	114364328	51.5	62.864328		33.8	interior		
chr13	52500000	0.0237895177765125	1.080151	0.11676109110605	0.0636826639053573	0.0007380073800738	mat	13	114364328	52.5	61.864328		34.8	interior		
chr13	53500000	0.0244181153512623	0.758373	0.1128399214050492	0.2483461373563786	0.0008610086100861	mat	13	114364328	53.5	60.864328		35.8	interior		
chr13	54500000	0.0201373695998446	0.529677	0.0911430183993784	0.3245544547514135	0.0007995079950799	mat	13	114364328	54.5	59.864328		36.8	interior		
chr13	55500000	0.0194634824470846	0.355773	0.0849693897883384	0.4766945476764312	0.0006765067650676	mat	13	114364328	55.5	58.864328		37.8	interior		
chr13	56500000	0.0127120559855654	0.243602	0.0557202639422616	0.458240660935272	0.0003690036900369	mat	13	114364328	56.5	57.864328		38.8	interior		
chr13	57500000	0.0054997509184682	0.294042	0.0278798436738728	-0.0179334849295282	0.0002460024600246	mat	13	114364328	57.5	56.864328		39.8	interior		
chr13	58500000	0.0125040355090609	0.671358	0.0634433020362436	-0.0200483627166043	0.0005535055350553	mat	13	114364328	58.5	55.864328		40.8	interior		
chr13	59500000	0.0169295734711675	1.092126	0.0895608138846699	-0.1113713434041811	0.0009840098400984	mat	13	114364328	59.5	54.864328		41.8	interior		
chr13	60500000	0.0142147322049612	1.259098	0.0820408888198448	-0.2639611657125573	0.0008610086100861	mat	13	114364328	60.5	53.864328		42.8	interior		
chr13	61500000	0.0098845064655222	1.010361	0.0597452458620888	-0.3292374221826307	0.0005535055350553	mat	13	114364328	61.5	52.864328		43.8	interior		
chr13	62500000	0.0063534027697371	0.654834	0.0385102910789484	-0.3329310745813121	0.0001845018450184	mat	13	114364328	62.5	51.864328		44.8	interior		
chr13	63500000	0.0086387240291576	0.708576	0.0487264161166304	-0.2278558389865507	0.000430504305043	mat	13	114364328	63.5	50.864328		45.8	interior		
chr13	64500000	0.0110768551956746	0.749861	0.0593046407826984	-0.1351092817704699	0.0006150061500615	mat	13	114364328	64.5	49.864328		46.8	interior		
chr13	65500000	0.0122834525434735	0.905344	0.067240690173894	-0.1765858838668897	0.0006150061500615	mat	13	114364328	65.5	48.864328		47.8	interior		
chr13	66500000	0.014376596176771	0.959632	0.076699024707084	-0.1281904506928703	0.0004920049200492	mat	13	114364328	66.5	47.864328		48.8	interior		
chr13	67500000	0.0143688160723117	0.86385	0.0747522642892468	-0.0764454820233115	0.0004920049200492	mat	13	114364328	67.5	46.864328		49.8	interior		
chr13	68500000	0.0102104865602663	0.751591	0.0558737662410652	-0.1759633770441085	0.0004920049200492	mat	13	114364328	68.5	45.864328		50.8	interior		
chr13	69500000	0.0184510891692311	1.159688	0.0969981166769244	-0.098496551761815	0.0011070110701107	mat	13	114364328	69.5	44.864328		51.8	interior		
chr13	70500000	0.0230182086246687	1.615965	0.1243921344986748	-0.1529175638177212	0.0011685116851168	mat	13	114364328	70.5	43.864328		52.8	interior		
chr13	71500000	0.03877412378353	2.297447	0.20104543513412	-0.069214990986328	0.001660516605166	mat	13	114364328	71.5	42.864328		53.8	interior		
chr13	72500000	0.0255926331033087	2.614905	0.1546686324132347	-0.3290519839143606	0.001230012300123	mat	13	114364328	72.5	41.864328		54.8	interior		
chr13	73500000	0.0198034594021461	2.888493	0.1369836976085844	-0.4775010775853635	0.0012915129151291	mat	13	114364328	73.5	40.864328		55.8	interior		
chr13	74500000	0.0156814912697644	2.657013	0.1158662250790576	-0.5332416142234224	0.0011685116851168	mat	13	114364328	74.5	39.864328		56.8	interior		
chr13	75500000	0.0217357269937743	2.064503	0.1282329679750972	-0.2961272589916304	0.0011070110701107	mat	13	114364328	75.5	38.864328		57.8	interior		
chr13	76500000	0.0197409515578971	1.339828	0.1057603662315884	-0.1363712169433543	0.0007380073800738	mat	13	114364328	76.5	37.864328		58.8	interior		
chr13	77500000	0.0134884463558597	1.198342	0.0779206254234388	-0.2653508728061813	0.0003690036900369	mat	13	114364328	77.5	36.864328		59.8	interior		
chr13	78500000	0.0150396555653134	0.967087	0.0795003622612536	-0.1097802939806856	0.0003690036900369	mat	13	114364328	78.5	35.864328		60.8	interior		
chr13	79500000	0.016292297484685	1.225544	0.08968006993874	-0.1864428163389657	0.000430504305043	mat	13	114364328	79.5	34.864328		61.8	interior		
chr13	80500000	0.0210310608509161	1.103403	0.1061923034036644	-0.0085022409490821	0.0007380073800738	mat	13	114364328	80.5	33.864328		62.8	interior		
chr13	81500000	0.0137229172602848	0.989749	0.0746866490411392	-0.1660652444909951	0.0006765067650676	mat	13	114364328	81.5	32.864328		63.8	interior		
chr13	82500000	0.0091894849906322	0.805218	0.0528622999625288	-0.2589215164320863	0.0005535055350553	mat	13	114364328	82.5	31.864328		64.8	interior		
chr13	83500000	0.0056502356707364	0.701418	0.0366293026829456	-0.4129221078506744	0.0003690036900369	mat	13	114364328	83.5	30.864328		65.8	interior		
chr13	84500000	0.0035867007164555	0.780369	0.029954182865822	-0.6167188345772292	0.0003690036900369	mat	13	114364328	84.5	29.864328		66.8	interior		
chr13	85500000	0.0075655285918811	0.75744	0.0454109143675243	-0.3199546237052401	0.0006765067650676	mat	13	114364328	85.5	28.864328		67.8	interior		
chr13	86500000	0.0061416332892058	0.663439	0.0378353131568232	-0.3536405634387153	0.0004920049200492	mat	13	114364328	86.5	27.864328		68.8	interior		
chr13	87500000	0.0124384081812507	0.52203	0.0601942327250028	0.1027427018285981	0.0005535055350553	mat	13	114364328	87.5	26.864328		69.8	interior		
chr13	88500000	0.0089944554157035	0.575415	0.047486121662814	-0.1072529881002254	0.0003075030750307	mat	13	114364328	88.5	25.864328		70.8	interior		
chr13	89500000	0.0134534430623704	0.795966	0.0697330922494816	-0.0684788639289488	0.0006150061500615	mat	13	114364328	89.5	24.864328		71.8	interior		
chr13	90500000	0.0167559311483041	1.338956	0.0938028445932164	-0.2154427734060577	0.0007995079950799	mat	13	114364328	90.5	23.864328		72.8	interior		
chr13	91500000	0.0316679280591687	1.567764	0.1580269922366748	0.0205209943148856	0.0010455104551045	mat	13	114364328	91.5	22.864328		73.8	interior		
chr13	92500000	0.029758909109972	1.466429	0.148364216439888	0.0228420637387959	0.0008610086100861	mat	13	114364328	92.5	21.864328		74.8	interior		
chr13	93500000	0.0252978695661267	1.744695	0.1360853782645068	-0.1442203557464796	0.0008610086100861	mat	13	114364328	93.5	20.864328		75.8	interior		
chr13	94500000	0.0270635001243355	1.884334	0.145940680497342	-0.1488824744703584	0.0012915129151291	mat	13	114364328	94.5	19.864328		76.8	end_q	19.0	chr13q
chr13	95500000	0.033281045129704	1.756115	0.168246480518816	-0.0113606348345176	0.0014145141451414	mat	13	114364328	95.5	18.864328		77.8	end_q	18.0	chr13q
chr13	96500000	0.0409748299944163	1.242935	0.1887580199776651	0.2593748845552537	0.0014145141451414	mat	13	114364328	96.5	17.864328		78.8	end_q	17.0	chr13q
chr13	97500000	0.0271422119654035	1.859256	0.145753967861614	-0.1409025310539159	0.0010455104551045	mat	13	114364328	97.5	16.864328		79.8	end_q	16.0	chr13q
chr13	98500000	0.0336396514779906	2.230277	0.1791641459119624	-0.1248583331136149	0.0012915129151291	mat	13	114364328	98.5	15.864328		80.8	end_q	15.0	chr13q
chr13	99500000	0.0227053246511478	2.306837	0.1369580386045912	-0.3265325931521358	0.001230012300123	mat	13	114364328	99.5	14.864328		81.8	end_q	14.0	chr13q
chr13	100500000	0.0207526201677904	1.653921	0.1160889006711616	-0.2141733842620697	0.001230012300123	mat	13	114364328	100.5	13.864328		82.8	end_q	13.0	chr13q
chr13	101500000	0.0297984881554588	1.552237	0.1502386926218352	-0.004922830795353	0.0014145141451414	mat	13	114364328	101.5	12.864328		83.8	end_q	12.0	chr13q
chr13	102500000	0.028930691955813	2.013452	0.155991807823252	-0.1486669250696543	0.0012915129151291	mat	13	114364328	102.5	11.864328		84.8	end_q	11.0	chr13q
chr13	103500000	0.0362394314193797	2.950982	0.2039773656775188	-0.2244129174519752	0.0014760147601476	mat	13	114364328	103.5	10.864328		85.8	end_q	10.0	chr13q
chr13	104500000	0.0196067303762057	3.836242	0.1551517615048228	-0.5827477133147951	0.0011070110701107	mat	13	114364328	104.5	9.864328		86.8	end_q	9.0	chr13q
chr13	105500000	0.034123651904345	3.763481	0.21176422761738	-0.3626900390627854	0.001660516605166	mat	13	114364328	105.5	8.864328		87.8	end_q	8.0	chr13q
chr13	106500000	0.0347870418008094	3.434052	0.2078292072032376	-0.3136162491566413	0.001660516605166	mat	13	114364328	106.5	7.864328		88.8	end_q	7.0	chr13q
chr13	107500000	0.0486060867388617	3.059609	0.2556165269554468	-0.0992445497237319	0.0020295202952029	mat	13	114364328	107.5	6.864328		89.8	end_q	6.0	chr13q
chr13	108500000	0.035035446207169	2.507664	0.190295064828676	-0.1623494567111492	0.0015990159901599	mat	13	114364328	108.5	5.864328		90.8	end_q	5.0	chr13q
chr13	109500000	0.0526792130883304	2.7365	0.2654468523533216	-0.0035325235267763	0.002460024600246	mat	13	114364328	109.5	4.864328		91.8	end_q	4.0	chr13q
chr13	110500000	0.059455280832753	2.204105	0.281903223331012	0.163663100693133	0.0030750307503075	mat	13	114364328	110.5	3.864328		92.8	end_q	3.0	chr13q
chr13	111500000	0.0692696922390078	2.170612	0.3204910089560311	0.2441627557137951	0.0033825338253382	mat	13	114364328	111.5	2.864328		93.8	end_q	2.0	chr13q
chr13	112500000	0.0581345131275596	0.86673	0.2498726525102384	0.5515390359207178	0.0023370233702337	mat	13	114364328	112.5	1.864328		94.8	end_q	1.0	chr13q
chr13	113500000	0.0409143162480229	0.640358	0.1764644249920916	0.5344120823196394	0.0010455104551045	mat	13	114364328	113.5	0.864328		95.8	end_q	0.0	chr13q
chr14	500000	0.0286802153462905	0.0	0.114720861385162	1.0	0.0	mat	14	107043718	0.5	106.543718		16.7	other		
chr14	1500000	0.0286802153462905	0.0	0.114720861385162	1.0	0.0	mat	14	107043718	1.5	105.543718		15.7	other		
chr14	2500000	0.0286802153462905	0.0	0.114720861385162	1.0	0.0	mat	14	107043718	2.5	104.543718		14.7	other		
chr14	3500000	0.0286802153462905	0.0	0.114720861385162	1.0	0.0	mat	14	107043718	3.5	103.543718		13.7	other		
chr14	4500000	0.0286802153462905	0.0	0.114720861385162	1.0	0.0	mat	14	107043718	4.5	102.543718		12.7	other		
chr14	5500000	0.0286802153462905	0.0	0.114720861385162	1.0	0.0	mat	14	107043718	5.5	101.543718		11.7	other		
chr14	6500000	0.0286802153462905	0.0	0.114720861385162	1.0	0.0	mat	14	107043718	6.5	100.543718		10.7	other		
chr14	7500000	0.0286802153462905	0.0	0.114720861385162	1.0	0.0	mat	14	107043718	7.5	99.543718		9.7	other		
chr14	8500000	0.0286802153462905	0.0	0.114720861385162	1.0	0.0	mat	14	107043718	8.5	98.543718		8.7	other		
chr14	9500000	0.0286802153462905	0.0	0.114720861385162	1.0	0.0	mat	14	107043718	9.5	97.543718		7.699999999999999	other		
chr14	10500000	0.0286802153462905	0.0	0.114720861385162	1.0	0.0	mat	14	107043718	10.5	96.543718		6.699999999999999	other		
chr14	11500000	0.0286802153462905	0.0	0.114720861385162	1.0	0.0	mat	14	107043718	11.5	95.543718		5.699999999999999	other		
chr14	12500000	0.0286802153462905	0.0	0.114720861385162	1.0	0.0	mat	14	107043718	12.5	94.543718		4.699999999999999	other		
chr14	13500000	0.0286802153462905	0.0	0.114720861385162	1.0	0.0	mat	14	107043718	13.5	93.543718		3.6999999999999993	other		
chr14	14500000	0.0286802153462905	0.0	0.114720861385162	1.0	0.0	mat	14	107043718	14.5	92.543718		2.6999999999999993	other		
chr14	15500000	0.0286802153462905	0.0	0.114720861385162	1.0	0.0	mat	14	107043718	15.5	91.543718		1.6999999999999993	other		
chr14	16500000	0.0286802153462905	0.0	0.114720861385162	1.0	0.0	mat	14	107043718	16.5	90.543718		0.6999999999999993	other		
chr14	17500000	0.0286802153462905	0.0	0.114720861385162	1.0	0.0	mat	14	107043718	17.5	89.543718		0.3000000000000007	other		
chr14	18500000	0.0390189519276287	0.0	0.1560758077105148	1.0	0.0001230012300123	mat	14	107043718	18.5	88.543718		1.3000000000000007	other		
chr14	19500000	0.0412422067881462	8.377625	0.3325213271525847	-0.5949892214011416	0.0007380073800738	mat	14	107043718	19.5	87.543718		2.3000000000000007	other		
chr14	20500000	0.0333590413684475	6.256285	0.25856186547379	-0.56858678894233	0.0010455104551045	mat	14	107043718	20.5	86.543718		3.3000000000000007	other		
chr14	21500000	0.0346241405321772	5.184411	0.2421847821287088	-0.4875609675535887	0.0014145141451414	mat	14	107043718	21.5	85.543718		4.300000000000001	other		
chr14	22500000	0.0279938946999639	4.115479	0.1942851587998555	-0.4805410460257311	0.001230012300123	mat	14	107043718	22.5	84.543718		5.300000000000001	other		
chr14	23500000	0.0361902792744881	2.9961	0.2046831170979524	-0.2322472972241283	0.0009225092250922	mat	14	107043718	23.5	83.543718		6.300000000000001	other		
chr14	24500000	0.0217529625123275	2.519305	0.13739795004931	-0.3837242639052801	0.0007380073800738	mat	14	107043718	24.5	82.543718		7.300000000000001	other		
chr14	25500000	0.013509245328883	1.569256	0.085422101315532	-0.3850001978988961	0.0003075030750307	mat	14	107043718	25.5	81.543718		8.3	other		
chr14	26500000	0.0175432056857098	1.289852	0.0959698627428392	-0.175400803829674	0.0005535055350553	mat	14	107043718	26.5	80.543718		9.3	other		
chr14	27500000	0.01418355067738	0.820844	0.07315108270952	-0.0574871438982185	0.0003075030750307	mat	14	107043718	27.5	79.543718		10.3	interior		
chr14	28500000	0.0197836471041121	0.871596	0.0965665084164484	0.0786763963177431	0.0005535055350553	mat	14	107043718	28.5	78.543718		11.3	interior		
chr14	29500000	0.0133611054327837	0.971476	0.0728739417311347	-0.1699933653529293	0.0004920049200492	mat	14	107043718	29.5	77.543718		12.3	interior		
chr14	30500000	0.026319724215904	1.131418	0.1279072568636159	0.0908689622518494	0.0009225092250922	mat	14	107043718	30.5	76.543718		13.3	interior		
chr14	31500000	0.0417252008048648	1.51959	0.1972926032194591	0.17229335154268	0.0014145141451414	mat	14	107043718	31.5	75.543718		14.3	interior		
chr14	32500000	0.0528455479865425	2.652771	0.26443761194617	0.0135803810584404	0.0019065190651906	mat	14	107043718	32.5	74.543718		15.3	interior		
chr14	33500000	0.0489558636456522	3.302612	0.2618756945826088	-0.1334005254114769	0.0019065190651906	mat	14	107043718	33.5	73.543718		16.3	interior		
chr14	34500000	0.0374467556778374	2.771504	0.2052171027113496	-0.1786019220864257	0.0014760147601476	mat	14	107043718	34.5	72.543718		17.3	interior		
chr14	35500000	0.0203536143934098	1.697449	0.1153634375736392	-0.2357197408879094	0.0009225092250922	mat	14	107043718	35.5	71.543718		18.3	interior		
chr14	36500000	0.0112636078522665	0.731362	0.059681671409066	-0.114585796425351	0.000430504305043	mat	14	107043718	36.5	70.543718		19.3	interior		
chr14	37500000	0.0068588312423832	0.815159	0.0437385049695328	-0.3946943954396925	0.0003075030750307	mat	14	107043718	37.5	69.543718		20.3	interior		
chr14	38500000	0.0127144641717445	0.569759	0.062253036686978	0.0702221256356735	0.000430504305043	mat	14	107043718	38.5	68.543718		21.3	interior		
chr14	39500000	0.0093234519453203	0.536321	0.0480202277812812	-0.054471492436819	0.0004920049200492	mat	14	107043718	39.5	67.543718		22.3	interior		
chr14	40500000	0.0085519951196148	0.311152	0.0404310204784592	0.1727656722868099	0.0003690036900369	mat	14	107043718	40.5	66.543718		23.3	interior		
chr14	41500000	0.002862265162227	0.356453	0.018578120648908	-0.4142411012973152	0.0001845018450184	mat	14	107043718	41.5	65.543718		24.3	interior		
chr14	42500000	0.0080384602796706	0.425955	0.0406729411186824	-0.0134727620309931	0.0003690036900369	mat	14	107043718	42.5	64.543718		25.3	interior		
chr14	43500000	0.0093195999079423	0.551235	0.0483030996317692	-0.0683395727289455	0.0004920049200492	mat	14	107043718	43.5	63.543718		26.3	interior		
chr14	44500000	0.0143728387750235	0.37468	0.064984955100094	0.3285558197607189	0.0006150061500615	mat	14	107043718	44.5	62.543718		27.3	interior		
chr14	45500000	0.0195390658739916	0.415266	0.0864615834959664	0.4163948965936017	0.0006150061500615	mat	14	107043718	45.5	61.543718		28.3	interior		
chr14	46500000	0.0163032221244401	0.304197	0.0712968284977604	0.4687117595137463	0.0005535055350553	mat	14	107043718	46.5	60.543718		29.3	interior		
chr14	47500000	0.0176537436842251	0.63006	0.0832161747369004	0.182087475839653	0.0006765067650676	mat	14	107043718	47.5	59.543718		30.3	interior		
chr14	48500000	0.0241996949274157	0.763367	0.1120661197096628	0.2410372535850931	0.0007380073800738	mat	14	107043718	48.5	58.543718		31.3	interior		
chr14	49500000	0.0527771573432843	1.356916	0.2382469493731372	0.3347150731226153	0.0012915129151291	mat	14	107043718	49.5	57.543718		32.3	interior		
chr14	50500000	0.0588367852702274	1.676854	0.2688842210809096	0.2882171261822249	0.0015375153751537	mat	14	107043718	50.5	56.543718		33.3	interior		
chr14	51500000	0.0476741640043624	1.714252	0.2249816960174496	0.1784713009695238	0.0014145141451414	mat	14	107043718	51.5	55.543718		34.3	interior		
chr14	52500000	0.0331717374249644	1.526522	0.1632173896998575	0.056988187790914	0.0011685116851168	mat	14	107043718	52.5	54.543718		35.3	interior		
chr14	53500000	0.0310079816163166	1.308166	0.1501952464652663	0.1001690431044391	0.0009225092250922	mat	14	107043718	53.5	53.543718		36.3	interior		
chr14	54500000	0.022463284106972	1.40682	0.117989536427888	-0.0967246362517719	0.0007995079950799	mat	14	107043718	54.5	52.543718		37.3	interior		
chr14	55500000	0.0181293929246139	1.846959	0.1094567516984556	-0.3277506618715334	0.0005535055350553	mat	14	107043718	55.5	51.543718		38.3	interior		
chr14	56500000	0.0142669625413679	1.973071	0.0965292701654716	-0.456693555695126	0.0007995079950799	mat	14	107043718	56.5	50.543718		39.3	interior		
chr14	57500000	0.0165073006027172	1.927822	0.1045856424108688	-0.3872809331406766	0.0008610086100861	mat	14	107043718	57.5	49.543718		40.3	interior		
chr14	58500000	0.0154961565900423	1.155909	0.0851028063601692	-0.1823869343490453	0.0007995079950799	mat	14	107043718	58.5	48.543718		41.3	interior		
chr14	59500000	0.011544757127238	0.607989	0.058338808508952	-0.010387820939648	0.0003690036900369	mat	14	107043718	59.5	47.543718		42.3	interior		
chr14	60500000	0.0138711520288565	1.012491	0.075734428115426	-0.1718810290643178	0.0004920049200492	mat	14	107043718	60.5	46.543718		43.3	interior		
chr14	61500000	0.0204019680313311	1.39942	0.1095962721253244	-0.1415592857636488	0.0007995079950799	mat	14	107043718	61.5	45.543718		44.3	interior		
chr14	62500000	0.0253788209137386	1.627176	0.1340588036549544	-0.108341725315344	0.0009225092250922	mat	14	107043718	62.5	44.543718		45.3	interior		
chr14	63500000	0.0291617158143445	1.082006	0.1382869832573779	0.1632431799402957	0.0009225092250922	mat	14	107043718	63.5	43.543718		46.3	interior		
chr14	64500000	0.0281471143642277	1.124438	0.1350772174569108	0.1270866990024265	0.0009225092250922	mat	14	107043718	64.5	42.543718		47.3	interior		
chr14	65500000	0.0288431070378376	0.883088	0.1330341881513504	0.2550413937400467	0.0008610086100861	mat	14	107043718	65.5	41.543718		48.3	interior		
chr14	66500000	0.0254147666885883	0.909915	0.1198573667543532	0.1805625037053189	0.0007380073800738	mat	14	107043718	66.5	40.543718		49.3	interior		
chr14	67500000	0.0320442825207913	0.897845	0.1461340300831652	0.2960049275757613	0.0006765067650676	mat	14	107043718	67.5	39.543718		50.3	interior		
chr14	68500000	0.0290114746097467	1.375813	0.1435621584389868	0.0419954432744682	0.0006765067650676	mat	14	107043718	68.5	38.543718		51.3	interior		
chr14	69500000	0.0282470072045062	1.805193	0.1490918888180248	-0.1067350267087736	0.0007995079950799	mat	14	107043718	69.5	37.543718		52.3	interior		
chr14	70500000	0.0207566542805404	1.433316	0.1116929371221616	-0.1448392457482743	0.0005535055350553	mat	14	107043718	70.5	36.543718		53.3	interior		
chr14	71500000	0.0250782435024615	1.720725	0.134727474009846	-0.1417153603188945	0.0010455104551045	mat	14	107043718	71.5	35.543718		54.3	interior		
chr14	72500000	0.0238056951530243	1.222538	0.1196735406120972	0.0021947636975611	0.0009225092250922	mat	14	107043718	72.5	34.543718		55.3	interior		
chr14	73500000	0.0232301613032442	1.381684	0.1205543252129767	-0.0711087018897681	0.0011070110701107	mat	14	107043718	73.5	33.543718		56.3	interior		
chr14	74500000	0.0332020497997391	1.405746	0.1609231191989563	0.0983991663955213	0.0011070110701107	mat	14	107043718	74.5	32.543718		57.3	interior		
chr14	75500000	0.0434231654646933	2.406939	0.2218314418587731	-0.035968993388624	0.0015990159901599	mat	14	107043718	75.5	31.543718		58.3	interior		
chr14	76500000	0.0401424236095783	2.464085	0.2098513944383132	-0.0867777401893287	0.0015990159901599	mat	14	107043718	76.5	30.543718		59.3	interior		
chr14	77500000	0.0224425513626229	1.893894	0.1276480854504916	-0.2412879855393522	0.0010455104551045	mat	14	107043718	77.5	29.543718		60.3	interior		
chr14	78500000	0.0123430757735516	0.956967	0.0685116430942064	-0.2009883874300575	0.0006150061500615	mat	14	107043718	78.5	28.543718		61.3	interior		
chr14	79500000	0.0203564951323894	0.838984	0.0982056605295575	0.1117104976642784	0.0007995079950799	mat	14	107043718	79.5	27.543718		62.3	interior		
chr14	80500000	0.0208841864865434	0.83666	0.1002699459461736	0.1256934489812388	0.0009225092250922	mat	14	107043718	80.5	26.543718		63.3	interior		
chr14	81500000	0.0230117189005097	1.002202	0.1120909156020388	0.0843976224876734	0.0009225092250922	mat	14	107043718	81.5	25.543718		64.3	interior		
chr14	82500000	0.0154199834544865	0.910317	0.079886273817946	-0.0673875173891417	0.0006150061500615	mat	14	107043718	82.5	24.543718		65.3	interior		
chr14	83500000	0.0128158490978581	0.765492	0.0665732363914324	-0.0732123473029066	0.000430504305043	mat	14	107043718	83.5	23.543718		66.3	interior		
chr14	84500000	0.010912786616327	0.875446	0.061160066465308	-0.2173039066088563	0.000430504305043	mat	14	107043718	84.5	22.543718		67.3	interior		
chr14	85500000	0.0119132513265686	1.058578	0.0688245653062744	-0.2654297556718188	0.000430504305043	mat	14	107043718	85.5	21.543718		68.3	interior		
chr14	86500000	0.0170821222359089	1.393086	0.0961902089436356	-0.2251244533237118	0.0007380073800738	mat	14	107043718	86.5	20.543718		69.3	interior		
chr14	87500000	0.0161471141438074	1.161919	0.0878268365752296	-0.1649480769759186	0.0006765067650676	mat	14	107043718	87.5	19.543718		70.3	end_q	19.0	chr14q
chr14	88500000	0.0216334311353849	2.11101	0.1287539245415396	-0.3083911285218966	0.0011685116851168	mat	14	107043718	88.5	18.543718		71.3	end_q	18.0	chr14q
chr14	89500000	0.021574683941847	2.618748	0.138673695767388	-0.4035572968614514	0.0010455104551045	mat	14	107043718	89.5	17.543718		72.3	end_q	17.0	chr14q
chr14	90500000	0.0317203716066179	2.766454	0.1822105664264716	-0.2567321062783544	0.0012915129151291	mat	14	107043718	90.5	16.543718		73.3	end_q	16.0	chr14q
chr14	91500000	0.0234654478626867	2.400561	0.1418730114507468	-0.3296092851500212	0.0008610086100861	mat	14	107043718	91.5	15.543718		74.3	end_q	15.0	chr14q
chr14	92500000	0.0387789980515448	2.05154	0.1961467922061792	-0.012658424781006	0.001230012300123	mat	14	107043718	92.5	14.543718		75.3	end_q	14.0	chr14q
chr14	93500000	0.0445440323244426	3.108762	0.2403513692977704	-0.1500350910665258	0.0015990159901599	mat	14	107043718	93.5	13.543718		76.3	end_q	13.0	chr14q
chr14	94500000	0.0518272750680487	3.303874	0.2733865802721947	-0.1054986895542624	0.0020295202952029	mat	14	107043718	94.5	12.543718		77.3	end_q	12.0	chr14q
chr14	95500000	0.0445432657255998	3.716291	0.2524988829023992	-0.2359072590497419	0.0018450184501845	mat	14	107043718	95.5	11.543718		78.3	end_q	11.0	chr14q
chr14	96500000	0.0326230627337476	3.184382	0.1941798909349903	-0.308532331286834	0.0013530135301353	mat	14	107043718	96.5	10.543718		79.3	end_q	10.0	chr14q
chr14	97500000	0.0193602458843561	2.307237	0.1235857235374244	-0.3958495320230099	0.0008610086100861	mat	14	107043718	97.5	9.543718		80.3	end_q	9.0	chr14q
chr14	98500000	0.026980089031816	2.441347	0.156747296127264	-0.2738567454784548	0.0011685116851168	mat	14	107043718	98.5	8.543718		81.3	end_q	8.0	chr14q
chr14	99500000	0.0455228733237238	2.233189	0.2267552732948952	0.0250837457896915	0.0017220172201722	mat	14	107043718	99.5	7.543718		82.3	end_q	7.0	chr14q
chr14	100500000	0.0766284666855149	3.1358	0.3692298667420596	0.1152249726813991	0.0027675276752767	mat	14	107043718	100.5	6.543718		83.3	end_q	6.0	chr14q
chr14	101500000	0.0653806646812365	2.06592	0.302841058724946	0.2402338947149136	0.0023370233702337	mat	14	107043718	101.5	5.543718		84.3	end_q	5.0	chr14q
chr14	102500000	0.0639681115628862	1.551339	0.2868992262515448	0.3603864771612901	0.0019680196801968	mat	14	107043718	102.5	4.543718		85.3	end_q	4.0	chr14q
chr14	103500000	0.0576166924376387	0.714125	0.2447492697505548	0.612524400508242	0.0017835178351783	mat	14	107043718	103.5	3.543718		86.3	end_q	3.0	chr14q
chr14	104500000	0.0836440129963972	0.751086	0.3495977719855888	0.7034509197707323	0.0019680196801968	mat	14	107043718	104.5	2.543718		87.3	end_q	2.0	chr14q
chr14	105500000	0.0776170847381598	0.767526	0.3258188589526392	0.6782586909998954	0.0015375153751537	mat	14	107043718	105.5	1.543718		88.3	end_q	1.0	chr14q
chr14	106500000	0.0650726805306618	0.02121	0.2607149221226472	0.9874411923560252	0.0004920049200492	mat	14	107043718	106.5	0.543718		89.3	end_q	0.0	chr14q
chr15	500000	0.0286802153462905	0.0	0.114720861385162	1.0	0.0	mat	15	101991189	0.5	101.491189		18.5	other		
chr15	1500000	0.0286802153462905	0.0	0.114720861385162	1.0	0.0	mat	15	101991189	1.5	100.491189		17.5	other		
chr15	2500000	0.0286802153462905	0.0	0.114720861385162	1.0	0.0	mat	15	101991189	2.5	99.491189		16.5	other		
chr15	3500000	0.0286802153462905	0.0	0.114720861385162	1.0	0.0	mat	15	101991189	3.5	98.491189		15.5	other		
chr15	4500000	0.0286802153462905	0.0	0.114720861385162	1.0	0.0	mat	15	101991189	4.5	97.491189		14.5	other		
chr15	5500000	0.0286802153462905	0.0	0.114720861385162	1.0	0.0	mat	15	101991189	5.5	96.491189		13.5	other		
chr15	6500000	0.0286802153462905	0.0	0.114720861385162	1.0	0.0	mat	15	101991189	6.5	95.491189		12.5	other		
chr15	7500000	0.0286802153462905	0.0	0.114720861385162	1.0	0.0	mat	15	101991189	7.5	94.491189		11.5	other		
chr15	8500000	0.0286802153462905	0.0	0.114720861385162	1.0	0.0	mat	15	101991189	8.5	93.491189		10.5	other		
chr15	9500000	0.0286802153462905	0.0	0.114720861385162	1.0	0.0	mat	15	101991189	9.5	92.491189		9.5	other		
chr15	10500000	0.0286802153462905	0.0	0.114720861385162	1.0	0.0	mat	15	101991189	10.5	91.491189		8.5	other		
chr15	11500000	0.0286802153462905	0.0	0.114720861385162	1.0	0.0	mat	15	101991189	11.5	90.491189		7.5	other		
chr15	12500000	0.0286802153462905	0.0	0.114720861385162	1.0	0.0	mat	15	101991189	12.5	89.491189		6.5	other		
chr15	13500000	0.0286802153462905	0.0	0.114720861385162	1.0	0.0	mat	15	101991189	13.5	88.491189		5.5	other		
chr15	14500000	0.0286802153462905	0.0	0.114720861385162	1.0	0.0	mat	15	101991189	14.5	87.491189		4.5	other		
chr15	15500000	0.0286802153462905	0.0	0.114720861385162	1.0	0.0	mat	15	101991189	15.5	86.491189		3.5	other		
chr15	16500000	0.0286802153462905	0.0	0.114720861385162	1.0	0.0	mat	15	101991189	16.5	85.491189		2.5	other		
chr15	17500000	0.0286802153462905	0.0	0.114720861385162	1.0	0.0	mat	15	101991189	17.5	84.491189		1.5	other		
chr15	18500000	0.0286802153462905	0.0	0.114720861385162	1.0	0.0	mat	15	101991189	18.5	83.491189		0.5	other		
chr15	19500000	0.0286802153462905	0.0	0.114720861385162	1.0	0.0	mat	15	101991189	19.5	82.491189		0.5	other		
chr15	20500000	0.0286802153462905	0.0	0.114720861385162	1.0	0.0	mat	15	101991189	20.5	81.491189		1.5	other		
chr15	21500000	0.0286802153462905	0.0	0.114720861385162	1.0	0.0	mat	15	101991189	21.5	80.491189		2.5	other		
chr15	22500000	0.0233007144864432	1.207051	0.1173438779457727	-0.0021512236875573	0.0001845018450184	mat	15	101991189	22.5	79.491189		3.5	other		
chr15	23500000	0.0200210421604782	1.27619	0.1056079686419128	-0.1054571989675529	0.000430504305043	mat	15	101991189	23.5	78.491189		4.5	other		
chr15	24500000	0.0233180616483096	2.168886	0.1366499665932384	-0.286542922444978	0.0010455104551045	mat	15	101991189	24.5	77.491189		5.5	other		
chr15	25500000	0.0216744241793519	2.632154	0.1393407767174075	-0.4037639718667684	0.001230012300123	mat	15	101991189	25.5	76.491189		6.5	other		
chr15	26500000	0.020032183915802	3.151706	0.143162855663208	-0.5061982807282459	0.0011070110701107	mat	15	101991189	26.5	75.491189		7.5	other		
chr15	27500000	0.0157131072230297	2.637226	0.1155969488921188	-0.5298375906931495	0.0004920049200492	mat	15	101991189	27.5	74.491189		8.5	other		
chr15	28500000	0.0182540000515426	2.299544	0.1190068802061704	-0.4189900939885272	0.000430504305043	mat	15	101991189	28.5	73.491189		9.5	other		
chr15	29500000	0.0211997434351928	1.587266	0.1165442937407711	-0.1841887697286133	0.0003075030750307	mat	15	101991189	29.5	72.491189		10.5	interior		
chr15	30500000	0.0227063018328043	1.771369	0.1262525873312172	-0.2039573698388372	0.0006765067650676	mat	15	101991189	30.5	71.491189		11.5	interior		
chr15	31500000	0.0325396345473336	1.401898	0.1581964981893344	0.0897704588314763	0.0006150061500615	mat	15	101991189	31.5	70.491189		12.5	interior		
chr15	32500000	0.0376909637201524	2.364739	0.1980586348806096	-0.097614950017158	0.001230012300123	mat	15	101991189	32.5	69.491189		13.5	interior		
chr15	33500000	0.0366028419546042	2.35958	0.1936029678184168	-0.1110224600454731	0.0011685116851168	mat	15	101991189	33.5	68.491189		14.5	interior		
chr15	34500000	0.0265489860606692	2.475066	0.1556972642426768	-0.287593597876409	0.0011070110701107	mat	15	101991189	34.5	67.491189		15.5	interior		
chr15	35500000	0.014203158367504	1.970348	0.0962195934700159	-0.4579198622656459	0.0006150061500615	mat	15	101991189	35.5	66.491189		16.5	interior		
chr15	36500000	0.0162878334724138	1.84374	0.1020261338896552	-0.3739367289707777	0.0006765067650676	mat	15	101991189	36.5	65.491189		17.5	interior		
chr15	37500000	0.0218460214085084	2.34834	0.1343508856340336	-0.3514946533244353	0.0009840098400984	mat	15	101991189	37.5	64.491189		18.5	interior		
chr15	38500000	0.037332918260249	2.036022	0.190052113040996	-0.0278571525409879	0.001230012300123	mat	15	101991189	38.5	63.491189		19.5	interior		
chr15	39500000	0.0444314585800834	1.977831	0.2172824543203336	0.073537346943338	0.001230012300123	mat	15	101991189	39.5	62.491189		20.5	interior		
chr15	40500000	0.0446289159632887	1.087894	0.2002735438531548	0.3581534261701122	0.0009840098400984	mat	15	101991189	40.5	61.491189		21.5	interior		
chr15	41500000	0.0358288204846836	0.850433	0.1603239419387344	0.3697020953666337	0.0008610086100861	mat	15	101991189	41.5	60.491189		22.5	interior		
chr15	42500000	0.0227743322945339	0.35215	0.0981403291781355	0.5387288551422661	0.0004920049200492	mat	15	101991189	42.5	59.491189		23.5	interior		
chr15	43500000	0.0209719350855949	0.295571	0.0897991603423796	0.570802603609399	0.0003075030750307	mat	15	101991189	43.5	58.491189		24.5	interior		
chr15	44500000	0.0174701669541456	0.498886	0.0798583878165824	0.2873111731322707	0.0001845018450184	mat	15	101991189	44.5	57.491189		25.5	interior		
chr15	45500000	0.0132147957241847	0.811699	0.0690931628967388	-0.087100477909125	0.0005535055350553	mat	15	101991189	45.5	56.491189		26.5	interior		
chr15	46500000	0.0059791795051975	0.950023	0.04291717802079	-0.5098498991273891	0.0004920049200492	mat	15	101991189	46.5	55.491189		27.5	interior		
chr15	47500000	0.0142199154663289	1.019955	0.0772787618653156	-0.1633831329361283	0.0006765067650676	mat	15	101991189	47.5	54.491189		28.5	interior		
chr15	48500000	0.0136092474750888	0.845278	0.0713425499003552	-0.0926173303660844	0.0003075030750307	mat	15	101991189	48.5	53.491189		29.5	interior		
chr15	49500000	0.0197968598493099	0.783604	0.0948595193972396	0.131616280286912	0.0005535055350553	mat	15	101991189	49.5	52.491189		30.5	interior		
chr15	50500000	0.0139958566386498	0.531795	0.0666193265545992	0.1516473427942057	0.000430504305043	mat	15	101991189	50.5	51.491189		31.5	interior		
chr15	51500000	0.0224083991675392	0.738552	0.1044046366701568	0.2202764772353634	0.0009225092250922	mat	15	101991189	51.5	50.491189		32.5	interior		
chr15	52500000	0.0244698037614633	1.077661	0.1194324350458532	0.0788562476667544	0.0010455104551045	mat	15	101991189	52.5	49.491189		33.5	interior		
chr15	53500000	0.0190192465486639	1.264275	0.1013624861946556	-0.1261511799897701	0.0011070110701107	mat	15	101991189	53.5	48.491189		34.5	interior		
chr15	54500000	0.0186342394443897	1.261471	0.0997663777775588	-0.1351107634238413	0.0011685116851168	mat	15	101991189	54.5	47.491189		35.5	interior		
chr15	55500000	0.0173857931997931	0.996545	0.0894740727991724	-0.0526970947936412	0.001230012300123	mat	15	101991189	55.5	46.491189		36.5	interior		
chr15	56500000	0.0438822367987075	1.611639	0.20776172719483	0.1682118050464911	0.0019065190651906	mat	15	101991189	56.5	45.491189		37.5	interior		
chr15	57500000	0.0460061063952412	2.214933	0.2283230855809647	0.0344591992274452	0.0018450184501845	mat	15	101991189	57.5	44.491189		38.5	interior		
chr15	58500000	0.049955101186352	2.714741	0.254115224745408	-0.0260831880913087	0.0020295202952029	mat	15	101991189	58.5	43.491189		39.5	interior		
chr15	59500000	0.0449044428920975	2.864499	0.23690775156839	-0.105833688019895	0.0019065190651906	mat	15	101991189	59.5	42.491189		40.5	interior		
chr15	60500000	0.0523957219416286	2.511284	0.2598085677665144	0.0366957581902196	0.0020295202952029	mat	15	101991189	60.5	41.491189		41.5	interior		
chr15	61500000	0.0570451369243642	2.554083	0.2792622076974568	0.0706537256026564	0.0021525215252152	mat	15	101991189	61.5	40.491189		42.5	interior		
chr15	62500000	0.0494178697470706	1.728064	0.2322327589882824	0.1919413995654928	0.0017835178351783	mat	15	101991189	62.5	39.491189		43.5	interior		
chr15	63500000	0.0415203085964284	1.304653	0.1921742943857136	0.2428680008596352	0.0012915129151291	mat	15	101991189	63.5	38.491189		44.5	interior		
chr15	64500000	0.029736244052402	0.854526	0.136035496209608	0.2844198047282267	0.0007995079950799	mat	15	101991189	64.5	37.491189		45.5	interior		
chr15	65500000	0.034123716595933	1.776777	0.172030406383732	-0.0047073097457189	0.0009840098400984	mat	15	101991189	65.5	36.491189		46.5	interior		
chr15	66500000	0.021824186971277	1.890353	0.125103807885108	-0.2535241973957679	0.0009225092250922	mat	15	101991189	66.5	35.491189		47.5	interior		
chr15	67500000	0.0366141137772028	2.63984	0.1992532551088112	-0.1658978139633919	0.0011685116851168	mat	15	101991189	67.5	34.491189		48.5	interior		
chr15	68500000	0.0390056710549701	2.199802	0.2000187242198803	-0.0446036816949578	0.0011685116851168	mat	15	101991189	68.5	33.491189		49.5	interior		
chr15	69500000	0.0528494644808444	2.905362	0.2695050979233775	-0.0318475760402535	0.0015990159901599	mat	15	101991189	69.5	32.491189		50.5	interior		
chr15	70500000	0.0523850927091817	2.621816	0.2619766908367268	0.0150731428592281	0.0017835178351783	mat	15	101991189	70.5	31.491189		51.5	interior		
chr15	71500000	0.043376365729928	1.940655	0.212318562919712	0.0710216720266425	0.0012915129151291	mat	15	101991189	71.5	30.491189		52.5	interior		
chr15	72500000	0.0394775243435035	1.261084	0.183131777374014	0.2350959576457045	0.0010455104551045	mat	15	101991189	72.5	29.491189		53.5	interior		
chr15	73500000	0.0341957863056911	0.723941	0.1512619652227644	0.4180038240274498	0.0007380073800738	mat	15	101991189	73.5	28.491189		54.5	interior		
chr15	74500000	0.0412891433886224	0.854041	0.1822373935544896	0.4275417522005896	0.0007995079950799	mat	15	101991189	74.5	27.491189		55.5	interior		
chr15	75500000	0.0322725195065685	0.622197	0.141534018026274	0.4558452680171475	0.0005535055350553	mat	15	101991189	75.5	26.491189		56.5	interior		
chr15	76500000	0.0191679987292006	0.553857	0.0877491349168024	0.2818976175257214	0.0002460024600246	mat	15	101991189	76.5	25.491189		57.5	interior		
chr15	77500000	0.018578454585146	0.906978	0.092453378340584	0.0275097344887244	0.0005535055350553	mat	15	101991189	77.5	24.491189		58.5	interior		
chr15	78500000	0.0259570831416662	1.753704	0.1389024125666648	-0.1341327233355236	0.0009840098400984	mat	15	101991189	78.5	23.491189		59.5	interior		
chr15	79500000	0.0383725360729789	2.372002	0.2009301842919156	-0.0902530454004842	0.0014760147601476	mat	15	101991189	79.5	22.491189		60.5	interior		
chr15	80500000	0.0308808308913107	2.431349	0.1721503035652428	-0.2083620543429981	0.0011685116851168	mat	15	101991189	80.5	21.491189		61.5	interior		
chr15	81500000	0.0328542734059498	1.605379	0.1635246736237992	0.0270512362439662	0.0008610086100861	mat	15	101991189	81.5	20.491189		62.5	interior		
chr15	82500000	0.0223707542274401	0.891637	0.1073157569097604	0.1282126414090675	0.0005535055350553	mat	15	101991189	82.5	19.491189		63.5	end_q	19.0	chr15q
chr15	83500000	0.0367003677201134	0.460747	0.1560164108804536	0.6085046766319783	0.0006765067650676	mat	15	101991189	83.5	18.491189		64.5	end_q	18.0	chr15q
chr15	84500000	0.0463571814279038	0.577949	0.1969877057116152	0.6106892438985745	0.0011070110701107	mat	15	101991189	84.5	17.491189		65.5	end_q	17.0	chr15q
chr15	85500000	0.0534684967942499	0.974065	0.2333552871769996	0.4779946303470209	0.0014145141451414	mat	15	101991189	85.5	16.491189		66.5	end_q	16.0	chr15q
chr15	86500000	0.0495684674072062	1.309898	0.2244718296288247	0.3224685176562366	0.0017835178351783	mat	15	101991189	86.5	15.491189		67.5	end_q	15.0	chr15q
chr15	87500000	0.0490333137939052	2.21141	0.2403614551756208	0.0670310025519814	0.0020910209102091	mat	15	101991189	87.5	14.491189		68.5	end_q	14.0	chr15q
chr15	88500000	0.0534761688386163	2.651586	0.2669363953544652	0.0197333763838177	0.002460024600246	mat	15	101991189	88.5	13.491189		69.5	end_q	13.0	chr15q
chr15	89500000	0.0498118486531671	2.842711	0.2561016146126684	-0.0505127612722664	0.0023370233702337	mat	15	101991189	89.5	12.491189		70.5	end_q	12.0	chr15q
chr15	90500000	0.0452563042268741	2.873557	0.2384963569074964	-0.1035351226552513	0.0021525215252152	mat	15	101991189	90.5	11.491189		71.5	end_q	11.0	chr15q
chr15	91500000	0.0449865361535322	3.084004	0.2416262246141288	-0.1412843995072755	0.0025215252152521	mat	15	101991189	91.5	10.491189		72.5	end_q	10.0	chr15q
chr15	92500000	0.0425814912918349	4.265488	0.2556357251673396	-0.320201487100896	0.0027060270602706	mat	15	101991189	92.5	9.491189		73.5	end_q	9.0	chr15q
chr15	93500000	0.0378125955654625	4.681006	0.24487050226185	-0.4117681637140261	0.0027675276752767	mat	15	101991189	93.5	8.491189		74.5	end_q	8.0	chr15q
chr15	94500000	0.0278198526996485	4.814017	0.207559750798594	-0.5407352810123804	0.0019065190651906	mat	15	101991189	94.5	7.491189		75.5	end_q	7.0	chr15q
chr15	95500000	0.0232528067757831	4.103048	0.1750721871031323	-0.5476058360480234	0.0014760147601476	mat	15	101991189	95.5	6.491189		76.5	end_q	6.0	chr15q
chr15	96500000	0.0341597674879613	3.334213	0.2033233299518451	-0.3085094193760417	0.0014760147601476	mat	15	101991189	96.5	5.491189		77.5	end_q	5.0	chr15q
chr15	97500000	0.0507642505813695	2.708649	0.257229982325478	-0.0169303283517285	0.0022755227552275	mat	15	101991189	97.5	4.491189		78.5	end_q	4.0	chr15q
chr15	98500000	0.0635651550932078	1.715172	0.2885640603728312	0.3130948053341598	0.0026445264452644	mat	15	101991189	98.5	3.491189		79.5	end_q	3.0	chr15q
chr15	99500000	0.077068530378353	1.021676	0.328707641513412	0.5910785552280281	0.0033825338253382	mat	15	101991189	99.5	2.491189		80.5	end_q	2.0	chr15q
chr15	100500000	0.0587783760062518	0.438804	0.2438895840250071	0.7471335310684627	0.0025215252152521	mat	15	101991189	100.5	1.491189		81.5	end_q	1.0	chr15q
chr15	101500000	0.0572869117890081	0.306457	0.2352767871560324	0.8120679841513309	0.0018450184501845	mat	15	101991189	101.5	0.491189		82.5	end_q	0.0	chr15q
chr16	500000	0.0823157077728734	0.386296	0.3369887510914936	0.833212867699041	0.0022140221402214	mat	16	90338345	0.5	89.838345		36.3	end_p	0.0	chr16p
chr16	1500000	0.1073889226769719	0.473323	0.4390221507078876	0.8425543787134689	0.0031365313653136	mat	16	90338345	1.5	88.838345		35.3	end_p	1.0	chr16p
chr16	2500000	0.0955897567241387	0.668774	0.3957345068965548	0.7611251663419902	0.0030135301353013	mat	16	90338345	2.5	87.838345		34.3	end_p	2.0	chr16p
chr16	3500000	0.1018795497749179	0.920543	0.4259290590996716	0.7018758906335535	0.0030750307503075	mat	16	90338345	3.5	86.838345		33.3	end_p	3.0	chr16p
chr16	4500000	0.0953145979941536	1.769272	0.4166438319766143	0.4707273048218632	0.0036285362853628	mat	16	90338345	4.5	85.838345		32.3	end_p	4.0	chr16p
chr16	5500000	0.0787337638255634	2.010536	0.3551457753022535	0.3377336973533161	0.0040590405904059	mat	16	90338345	5.5	84.838345		31.299999999999997	end_p	5.0	chr16p
chr16	6500000	0.0749572162903762	2.153354	0.3428959451615048	0.2845649638681718	0.0043050430504305	mat	16	90338345	6.5	83.838345		30.299999999999997	end_p	6.0	chr16p
chr16	7500000	0.0691080153061779	1.941366	0.3152593812247116	0.2948194100590007	0.0043665436654366	mat	16	90338345	7.5	82.838345		29.299999999999997	end_p	7.0	chr16p
chr16	8500000	0.066053044751809	2.015109	0.304514359007236	0.256715772503976	0.0038745387453874	mat	16	90338345	8.5	81.838345		28.299999999999997	end_p	8.0	chr16p
chr16	9500000	0.0567798942722643	2.862166	0.2843628970890572	0.0114981553003323	0.0033210332103321	mat	16	90338345	9.5	80.838345		27.299999999999997	end_p	9.0	chr16p
chr16	10500000	0.0491621467788422	2.940391	0.2554564071153688	-0.0738776009983357	0.0027675276752767	mat	16	90338345	10.5	79.838345		26.299999999999997	end_p	10.0	chr16p
chr16	11500000	0.0646610571611631	2.89224	0.3164890286446524	0.0711403960825607	0.0030750307503075	mat	16	90338345	11.5	78.838345		25.299999999999997	end_p	11.0	chr16p
chr16	12500000	0.0619070143427591	2.17475	0.2911230573710364	0.1897296852640863	0.002890528905289	mat	16	90338345	12.5	77.838345		24.299999999999997	end_p	12.0	chr16p
chr16	13500000	0.0568949016867791	1.673974	0.2610590867471163	0.2735523654337729	0.0021525215252152	mat	16	90338345	13.5	76.838345		23.299999999999997	end_p	13.0	chr16p
chr16	14500000	0.0420388989924599	1.680582	0.2017672359698396	0.1267392417646053	0.0012915129151291	mat	16	90338345	14.5	75.838345		22.299999999999997	end_p	14.0	chr16p
chr16	15500000	0.0443093065510125	1.352827	0.20429376620405	0.2563483638442268	0.0009840098400984	mat	16	90338345	15.5	74.838345		21.299999999999997	end_p	15.0	chr16p
chr16	16500000	0.0487986445369854	1.685222	0.2288990181479416	0.1979513716533717	0.0013530135301353	mat	16	90338345	16.5	73.838345		20.299999999999997	end_p	16.0	chr16p
chr16	17500000	0.0403914063181076	1.369478	0.1889551852724304	0.2067660215147748	0.0009840098400984	mat	16	90338345	17.5	72.838345		19.299999999999997	end_p	17.0	chr16p
chr16	18500000	0.0377472281642373	2.397763	0.1989441726569492	-0.103740649977114	0.0011685116851168	mat	16	90338345	18.5	71.838345		18.299999999999997	end_p	18.0	chr16p
chr16	19500000	0.0222930699161708	2.414274	0.1374577596646832	-0.3547476681481034	0.0006765067650676	mat	16	90338345	19.5	70.838345		17.299999999999997	end_p	19.0	chr16p
chr16	20500000	0.0208077970298142	2.495155	0.1331342881192568	-0.3984581010644708	0.0006150061500615	mat	16	90338345	20.5	69.838345		16.299999999999997	interior		
chr16	21500000	0.0260226919491081	1.783481	0.1397603877964324	-0.1411533872179034	0.000430504305043	mat	16	90338345	21.5	68.838345		15.299999999999997	interior		
chr16	22500000	0.0219419795463138	1.666323	0.1210943781852552	-0.1910358224216882	0.000430504305043	mat	16	90338345	22.5	67.838345		14.299999999999997	interior		
chr16	23500000	0.0174675193493412	2.439764	0.1186653573973647	-0.4606076025705173	0.0006150061500615	mat	16	90338345	23.5	66.838345		13.299999999999997	interior		
chr16	24500000	0.0184089084177022	2.955478	0.1327451936708088	-0.5136799165813735	0.0007380073800738	mat	16	90338345	24.5	65.838345		12.299999999999997	interior		
chr16	25500000	0.0225232530146892	3.709255	0.1642781120587568	-0.5229884588138975	0.0013530135301353	mat	16	90338345	25.5	64.838345		11.299999999999997	interior		
chr16	26500000	0.029164304768591	3.877019	0.194197599074364	-0.4409130797595838	0.0015375153751537	mat	16	90338345	26.5	63.838345		10.299999999999997	interior		
chr16	27500000	0.0249578378479099	3.263787	0.1651070913916396	-0.4342749460181335	0.0011685116851168	mat	16	90338345	27.5	62.838345		9.299999999999997	other		
chr16	28500000	0.023739658759402	2.361241	0.142183455037608	-0.3170133824731456	0.0005535055350553	mat	16	90338345	28.5	61.838345		8.299999999999997	other		
chr16	29500000	0.0236027319386543	1.29473	0.1203055277546172	-0.0307632887916007	0.0002460024600246	mat	16	90338345	29.5	60.838345		7.299999999999997	other		
chr16	30500000	0.0229483777936511	1.128552	0.1143645511746044	0.02384826257205	0.0002460024600246	mat	16	90338345	30.5	59.838345		6.299999999999997	other		
chr16	31500000	0.0244966516042856	0.651862	0.1110238464171424	0.3193528308900443	0.0001230012300123	mat	16	90338345	31.5	58.838345		5.299999999999997	other		
chr16	32500000	0.0246121204292054	0.414071	0.1067299017168216	0.5081074719635144	6.150061500615006e-05	mat	16	90338345	32.5	57.838345		4.299999999999997	other		
chr16	33500000	0.0286802153462905	0.04229	0.115566661385162	0.9444151517903014	0.0	mat	16	90338345	33.5	56.838345		3.299999999999997	other		
chr16	34500000	0.0364290424313499	0.021954	0.1461552497253996	0.9769025878287398	0.0003075030750307	mat	16	90338345	34.5	55.838345		2.299999999999997	other		
chr16	35500000	0.0364246625001113	0.009807	0.1458947900004452	0.989614635209935	0.0003075030750307	mat	16	90338345	35.5	54.838345		1.2999999999999972	other		
chr16	36500000	0.0364255994956705	0.000151	0.145705417982682	0.9998392772024896	0.0003075030750307	mat	16	90338345	36.5	53.838345		0.29999999999999716	other		
chr16	37500000	0.0286802153462905	0.001539	0.114751641385162	0.9979215155204908	0.0	mat	16	90338345	37.5	52.838345		0.7000000000000028	other		
chr16	38500000	0.0286802153462905	0.003349	0.114787841385162	0.995482555503418	0.0	mat	16	90338345	38.5	51.838345		1.7000000000000028	other		
chr16	39500000	0.0286802153462905	0.005116	0.114823181385162	0.9931072749892776	0.0	mat	16	90338345	39.5	50.838345		2.700000000000003	other		
chr16	40500000	0.0286802153462905	0.005574	0.114832341385162	0.992492533391515	0.0	mat	16	90338345	40.5	49.838345		3.700000000000003	other		
chr16	41500000	0.0286802153462905	0.005574	0.114832341385162	0.992492533391515	0.0	mat	16	90338345	41.5	48.838345		4.700000000000003	other		
chr16	42500000	0.0286802153462905	0.005574	0.114832341385162	0.992492533391515	0.0	mat	16	90338345	42.5	47.838345		5.700000000000003	other		
chr16	43500000	0.0286802153462905	0.005574	0.114832341385162	0.992492533391515	0.0	mat	16	90338345	43.5	46.838345		6.700000000000003	other		
chr16	44500000	0.0286802153462905	0.005574	0.114832341385162	0.992492533391515	0.0	mat	16	90338345	44.5	45.838345		7.700000000000003	other		
chr16	45500000	0.0253494150372988	0.03886	0.1021748601491952	0.942275802486414	0.0	mat	16	90338345	45.5	44.838345		8.700000000000003	other		
chr16	46500000	0.0324774058831886	0.081662	0.1315428635327544	0.9070370370931076	6.150061500615006e-05	mat	16	90338345	46.5	43.838345		9.700000000000003	other		
chr16	47500000	0.0340631511545886	0.451171	0.1452760246183544	0.5913629444921769	0.0003075030750307	mat	16	90338345	47.5	42.838345		10.700000000000003	interior		
chr16	48500000	0.0628887624858913	1.377434	0.2791037299435652	0.4038740318170065	0.0011685116851168	mat	16	90338345	48.5	41.838345		11.700000000000003	interior		
chr16	49500000	0.0696172516825436	2.060511	0.3196792267301744	0.270799189963124	0.0017835178351783	mat	16	90338345	49.5	40.838345		12.700000000000003	interior		
chr16	50500000	0.0636112040121812	2.855034	0.3115454960487248	0.0694378663627614	0.0019680196801968	mat	16	90338345	50.5	39.838345		13.700000000000003	interior		
chr16	51500000	0.0353988761589377	2.623931	0.1940741246357508	-0.1793392460231517	0.0012915129151291	mat	16	90338345	51.5	38.838345		14.700000000000003	interior		
chr16	52500000	0.0317675839129663	2.903131	0.1851329556518652	-0.2784258717959867	0.0011070110701107	mat	16	90338345	52.5	37.838345		15.700000000000003	interior		
chr16	53500000	0.0370481313210942	3.582107	0.2198346652843767	-0.3042257275894983	0.001230012300123	mat	16	90338345	53.5	36.838345		16.700000000000003	interior		
chr16	54500000	0.0375027825017559	4.262203	0.2352551900070236	-0.3756529199564606	0.0012915129151291	mat	16	90338345	54.5	35.838345		17.700000000000003	interior		
chr16	55500000	0.02674035631724	3.956765	0.1860967252689599	-0.4830305496909322	0.001230012300123	mat	16	90338345	55.5	34.838345		18.700000000000003	interior		
chr16	56500000	0.0251750668065124	3.723044	0.1751611472260495	-0.4828137967183547	0.0010455104551045	mat	16	90338345	56.5	33.838345		19.700000000000003	interior		
chr16	57500000	0.0238434398154285	3.062074	0.156615239261714	-0.4268960389642082	0.0010455104551045	mat	16	90338345	57.5	32.838345		20.700000000000003	interior		
chr16	58500000	0.0191731306692797	2.800582	0.1327041626771188	-0.4780563837116794	0.0007995079950799	mat	16	90338345	58.5	31.838345		21.700000000000003	interior		
chr16	59500000	0.0145662751371505	1.514589	0.088556880548602	-0.336837275562005	0.0006765067650676	mat	16	90338345	59.5	30.838345		22.700000000000003	interior		
chr16	60500000	0.0122326455135331	1.122686	0.0713843020541324	-0.2803952856405782	0.000430504305043	mat	16	90338345	60.5	29.838345		23.700000000000003	interior		
chr16	61500000	0.0183199752811874	1.195335	0.0971866011247496	-0.1169823235037318	0.0006150061500615	mat	16	90338345	61.5	28.838345		24.700000000000003	interior		
chr16	62500000	0.019811268521166	1.225692	0.1037589140846639	-0.0906806976914365	0.0006150061500615	mat	16	90338345	62.5	27.838345		25.700000000000003	interior		
chr16	63500000	0.0218917717398479	1.080708	0.1091812469593916	0.0219405686603731	0.0007995079950799	mat	16	90338345	63.5	26.838345		26.700000000000003	interior		
chr16	64500000	0.025497215922182	1.129167	0.124572203688728	0.0760940135616235	0.0009840098400984	mat	16	90338345	64.5	25.838345		27.700000000000003	interior		
chr16	65500000	0.0425571373494991	1.30068	0.1962421493979964	0.2558634605428103	0.001230012300123	mat	16	90338345	65.5	24.838345		28.700000000000003	interior		
chr16	66500000	0.052607216861999	1.12707	0.2329702674479959	0.4130746962838993	0.0011070110701107	mat	16	90338345	66.5	23.838345		29.700000000000003	interior		
chr16	67500000	0.0531450298920703	0.750956	0.2275992395682812	0.5699260156433427	0.0008610086100861	mat	16	90338345	67.5	22.838345		30.700000000000003	interior		
chr16	68500000	0.0420834749237072	0.445018	0.1772342596948287	0.6597352552430297	0.0008610086100861	mat	16	90338345	68.5	21.838345		31.700000000000003	interior		
chr16	69500000	0.0472231805323831	0.529205	0.1994768221295324	0.6430336266940293	0.0009840098400984	mat	16	90338345	69.5	20.838345		32.7	interior		
chr16	70500000	0.0349150102152441	0.418684	0.1480337208609763	0.6227438606252931	0.0008610086100861	mat	16	90338345	70.5	19.838345		33.7	end_q	19.0	chr16q
chr16	71500000	0.0403652584488149	0.294226	0.1673455537952596	0.7523659971602826	0.0009225092250922	mat	16	90338345	71.5	18.838345		34.7	end_q	18.0	chr16q
chr16	72500000	0.0463366823716307	0.786034	0.2010674094865228	0.5050344375670937	0.0014760147601476	mat	16	90338345	72.5	17.838345		35.7	end_q	17.0	chr16q
chr16	73500000	0.0664800406516504	1.336888	0.2926579226066016	0.4389871446653042	0.0021525215252152	mat	16	90338345	73.5	16.838345		36.7	end_q	16.0	chr16q
chr16	74500000	0.0595306197584871	1.540093	0.2689243390339484	0.3319524104514323	0.0022140221402214	mat	16	90338345	74.5	15.838345		37.7	end_q	15.0	chr16q
chr16	75500000	0.062661159683787	1.378157	0.2782077787351479	0.4021358515054751	0.0025830258302583	mat	16	90338345	75.5	14.838345		38.7	end_q	14.0	chr16q
chr16	76500000	0.0433782855720932	1.343312	0.2003793822883728	0.2497135106535118	0.002460024600246	mat	16	90338345	76.5	13.838345		39.7	end_q	13.0	chr16q
chr16	77500000	0.0602386015861549	2.149354	0.2839414863446196	0.1822121685543669	0.0039975399753997	mat	16	90338345	77.5	12.838345		40.7	end_q	12.0	chr16q
chr16	78500000	0.0625404007668394	2.820034	0.3065622830673575	0.067127665265915	0.0044895448954489	mat	16	90338345	78.5	11.838345		41.7	end_q	11.0	chr16q
chr16	79500000	0.072153884590738	2.891646	0.346448458362952	0.1255189881862118	0.0049815498154981	mat	16	90338345	79.5	10.838345		42.7	end_q	10.0	chr16q
chr16	80500000	0.076406463191353	3.647706	0.378579972765412	0.0386619836135045	0.0044280442804428	mat	16	90338345	80.5	9.838345		43.7	end_q	9.0	chr16q
chr16	81500000	0.0667237412957288	3.152921	0.3299533851829152	0.0437845992253801	0.0039975399753997	mat	16	90338345	81.5	8.838345		44.7	end_q	8.0	chr16q
chr16	82500000	0.0734771419327993	3.484308	0.3635947277311972	0.0420245446793572	0.0044895448954489	mat	16	90338345	82.5	7.838345		45.7	end_q	7.0	chr16q
chr16	83500000	0.0752878669582804	3.406872	0.3692889078331215	0.0653657350820923	0.0047355473554735	mat	16	90338345	83.5	6.838345		46.7	end_q	6.0	chr16q
chr16	84500000	0.0999930959808877	4.275717	0.4854867239235508	0.0934976417200293	0.0052275522755227	mat	16	90338345	84.5	5.838345		47.7	end_q	5.0	chr16q
chr16	85500000	0.1164280878919472	4.509684	0.5559060315677888	0.1422489437309099	0.0055965559655596	mat	16	90338345	85.5	4.838345		48.7	end_q	4.0	chr16q
chr16	86500000	0.1287907000774966	3.110444	0.5773716803099864	0.3621936043019294	0.0055350553505535	mat	16	90338345	86.5	3.838345		49.7	end_q	3.0	chr16q
chr16	87500000	0.1455118255093663	1.817312	0.6183935420374652	0.6101412170323339	0.0058425584255842	mat	16	90338345	87.5	2.838345		50.7	end_q	2.0	chr16q
chr16	88500000	0.1213344402035339	0.714743	0.4996326208141356	0.7950048456533694	0.0043665436654366	mat	16	90338345	88.5	1.838345		51.7	end_q	1.0	chr16q
chr16	89500000	0.105510390476039	0.435995	0.430761461904156	0.8516595576109098	0.0026445264452644	mat	16	90338345	89.5	0.838345		52.7	end_q	0.0	chr16q
chr17	500000	0.0376562366015076	0.36477	0.1579203464060304	0.6837859082941331	0.0007995079950799	mat	17	83257441	0.5	82.757441		24.6	end_p	0.0	chr17p
chr17	1500000	0.0521795162831862	0.546051	0.2196390851327448	0.6626723229023185	0.0015990159901599	mat	17	83257441	1.5	81.757441		23.6	end_p	1.0	chr17p
chr17	2500000	0.0721853926331142	0.838629	0.3055141505324568	0.632342111789112	0.0025830258302583	mat	17	83257441	2.5	80.757441		22.6	end_p	2.0	chr17p
chr17	3500000	0.0763945615939866	1.163111	0.3288404663759464	0.5441999209666978	0.0027675276752767	mat	17	83257441	3.5	79.757441		21.6	end_p	3.0	chr17p
chr17	4500000	0.0674369409995852	1.429921	0.2983461839983408	0.4173540980890108	0.0025215252152521	mat	17	83257441	4.5	78.757441		20.6	end_p	4.0	chr17p
chr17	5500000	0.0526606144630745	2.583251	0.262307477852298	0.02510115382158	0.0020295202952029	mat	17	83257441	5.5	77.757441		19.6	end_p	5.0	chr17p
chr17	6500000	0.0537127317354177	2.810893	0.2710687869416708	-0.0072290975753897	0.0018450184501845	mat	17	83257441	6.5	76.757441		18.6	end_p	6.0	chr17p
chr17	7500000	0.0563456975502564	3.208311	0.2895490102010256	-0.0493823142900688	0.0019680196801968	mat	17	83257441	7.5	75.757441		17.6	end_p	7.0	chr17p
chr17	8500000	0.0617051803683449	3.302305	0.3128668214733796	-0.0184274665315822	0.0022755227552275	mat	17	83257441	8.5	74.757441		16.6	end_p	8.0	chr17p
chr17	9500000	0.0391496843088322	3.865839	0.2339155172353288	-0.3137471739152876	0.0017835178351783	mat	17	83257441	9.5	73.757441		15.600000000000001	end_p	9.0	chr17p
chr17	10500000	0.0255527822601492	3.69951	0.1762013290405968	-0.4746303267206424	0.0012915129151291	mat	17	83257441	10.5	72.757441		14.600000000000001	end_p	10.0	chr17p
chr17	11500000	0.0156966686793361	3.234494	0.1274765547173444	-0.5995953411874887	0.0006150061500615	mat	17	83257441	11.5	71.757441		13.600000000000001	end_p	11.0	chr17p
chr17	12500000	0.0192832300316979	3.864448	0.1544218801267916	-0.5906050201671034	0.0010455104551045	mat	17	83257441	12.5	70.757441		12.600000000000001	end_p	12.0	chr17p
chr17	13500000	0.0223962962888493	4.93859	0.1883569851553972	-0.620855061247208	0.0014760147601476	mat	17	83257441	13.5	69.757441		11.600000000000001	end_p	13.0	chr17p
chr17	14500000	0.0236296199143308	4.465036	0.1838191996573231	-0.5711252876426669	0.0014145141451414	mat	17	83257441	14.5	68.757441		10.600000000000001	end_p	14.0	chr17p
chr17	15500000	0.0253249832382089	2.971154	0.1607230129528356	-0.389221882250692	0.0010455104551045	mat	17	83257441	15.5	67.757441		9.600000000000001	end_p	15.0	chr17p
chr17	16500000	0.022227981254546	1.503803	0.118987985018184	-0.1348002925766126	0.0006765067650676	mat	17	83257441	16.5	66.757441		8.600000000000001	end_p	16.0	chr17p
chr17	17500000	0.0354738394660668	1.305316	0.1680016778642672	0.1672848520869946	0.0009225092250922	mat	17	83257441	17.5	65.757441		7.600000000000001	end_p	17.0	chr17p
chr17	18500000	0.0337976231612722	1.279779	0.1607860726450888	0.1533295643311132	0.0007995079950799	mat	17	83257441	18.5	64.757441		6.600000000000001	end_p	18.0	chr17p
chr17	19500000	0.0354582182263841	1.226235	0.1663575729055364	0.1972793430696097	0.0006150061500615	mat	17	83257441	19.5	63.757441		5.600000000000001	end_p	19.0	chr17p
chr17	20500000	0.0485348153418854	1.120462	0.2165485013675415	0.3816307439314797	0.0006150061500615	mat	17	83257441	20.5	62.757441		4.600000000000001	other		
chr17	21500000	0.0542142841934844	0.87952	0.2344475367739376	0.5214713701039422	0.0004920049200492	mat	17	83257441	21.5	61.757441		3.6000000000000014	other		
chr17	22500000	0.0603507960308992	0.566458	0.2527323441235968	0.692092083161021	0.000430504305043	mat	17	83257441	22.5	60.757441		2.6000000000000014	other		
chr17	23500000	0.0265917211449469	0.128474	0.1089363645797876	0.8287122435969979	0.0	mat	17	83257441	23.5	59.757441		1.6000000000000014	other		
chr17	24500000	0.0286802153462905	0.002066	0.114762181385162	0.9972107723660598	0.0	mat	17	83257441	24.5	58.757441		0.6000000000000014	other		
chr17	25500000	0.0286802153462905	0.00188	0.114758461385162	0.9974615651417404	0.0	mat	17	83257441	25.5	57.757441		0.3999999999999986	other		
chr17	26500000	0.0376730307241946	0.455888	0.1598098828967784	0.6199495573876291	0.000430504305043	mat	17	83257441	26.5	56.757441		1.3999999999999986	other		
chr17	27500000	0.0362553535385268	0.660701	0.1582354341541071	0.477867729320382	0.0006150061500615	mat	17	83257441	27.5	55.757441		2.3999999999999986	other		
chr17	28500000	0.0360573309809601	0.885793	0.1619451839238404	0.3547681512448328	0.0008610086100861	mat	17	83257441	28.5	54.757441		3.3999999999999986	other		
chr17	29500000	0.0259566731566449	0.562597	0.1150786326265796	0.4082480553653019	0.0006150061500615	mat	17	83257441	29.5	53.757441		4.399999999999999	other		
chr17	30500000	0.0330145594254676	0.983154	0.1517213177018704	0.2679611376004804	0.0008610086100861	mat	17	83257441	30.5	52.757441		5.399999999999999	other		
chr17	31500000	0.0377792174969179	1.4702	0.1805208699876715	0.1399525814749143	0.0009840098400984	mat	17	83257441	31.5	51.757441		6.399999999999999	other		
chr17	32500000	0.0310447493147545	2.545761	0.175094217259018	-0.2277386432712373	0.0009840098400984	mat	17	83257441	32.5	50.757441		7.399999999999999	other		
chr17	33500000	0.0218953783579671	3.360707	0.1547956534318684	-0.496944976024182	0.0009225092250922	mat	17	83257441	33.5	49.757441		8.399999999999999	other		
chr17	34500000	0.0181080471100507	3.299918	0.1384305484402028	-0.5587911233912634	0.0007380073800738	mat	17	83257441	34.5	48.757441		9.399999999999999	other		
chr17	35500000	0.0374584482294508	3.542698	0.2206877529178031	-0.2941755582530199	0.0013530135301353	mat	17	83257441	35.5	47.757441		10.399999999999999	interior		
chr17	36500000	0.0506267637059867	2.799601	0.2584990748239468	-0.034787370824085	0.0014760147601476	mat	17	83257441	36.5	46.757441		11.399999999999999	interior		
chr17	37500000	0.0673247745705944	2.727928	0.3238576582823775	0.1201072332615149	0.0017220172201722	mat	17	83257441	37.5	45.757441		12.399999999999999	interior		
chr17	38500000	0.0523145517428662	1.663952	0.2425372469714648	0.2371351743837363	0.0010455104551045	mat	17	83257441	38.5	44.757441		13.399999999999999	interior		
chr17	39500000	0.0351143843148953	1.446345	0.1693844372595812	0.1120104451645994	0.0006150061500615	mat	17	83257441	39.5	43.757441		14.399999999999999	interior		
chr17	40500000	0.0194768500395141	1.295898	0.1038253601580564	-0.1266087115352882	0.0004920049200492	mat	17	83257441	40.5	42.757441		15.399999999999999	interior		
chr17	41500000	0.0182827923282754	1.169286	0.0965168893131016	-0.107107222315325	0.000430504305043	mat	17	83257441	41.5	41.757441		16.4	interior		
chr17	42500000	0.024803899069262	1.069016	0.120595916277048	0.0895871569806208	0.0004920049200492	mat	17	83257441	42.5	40.757441		17.4	interior		
chr17	43500000	0.0445857447511427	1.059052	0.1995240190045708	0.3693902900938388	0.0008610086100861	mat	17	83257441	43.5	39.757441		18.4	interior		
chr17	44500000	0.0469298346900118	1.125025	0.2102198387600472	0.3654148340195191	0.0008610086100861	mat	17	83257441	44.5	38.757441		19.4	interior		
chr17	45500000	0.0490313595405563	0.960272	0.2153308781622251	0.4495979465666267	0.0008610086100861	mat	17	83257441	45.5	37.757441		20.4	interior		
chr17	46500000	0.0503803888417943	0.805975	0.2176410553671772	0.5265424123987118	0.0007380073800738	mat	17	83257441	46.5	36.757441		21.4	interior		
chr17	47500000	0.0543400140212697	0.734361	0.2320472760850788	0.5847855104993013	0.0010455104551045	mat	17	83257441	47.5	35.757441		22.4	interior		
chr17	48500000	0.071827283711525	1.470754	0.3167242148460999	0.431665233263213	0.0017835178351783	mat	17	83257441	48.5	34.757441		23.4	interior		
chr17	49500000	0.0591803782179755	2.411482	0.284951152871902	0.117328260687659	0.0017220172201722	mat	17	83257441	49.5	33.757441		24.4	interior		
chr17	50500000	0.0481340427424739	2.623512	0.2450064109698956	-0.0275582634231413	0.001660516605166	mat	17	83257441	50.5	32.757441		25.4	interior		
chr17	51500000	0.0207096820457401	1.803098	0.1189006881829604	-0.2559368972794546	0.0008610086100861	mat	17	83257441	51.5	31.757441		26.4	interior		
chr17	52500000	0.0110440240745371	0.78912	0.0599584962981484	-0.1615131287187669	0.000430504305043	mat	17	83257441	52.5	30.757441		27.4	interior		
chr17	53500000	0.0126824270976386	0.795162	0.0666329483905543	-0.0972811336111247	0.0004920049200492	mat	17	83257441	53.5	29.757441		28.4	interior		
chr17	54500000	0.0198614986024314	1.40809	0.1076077944097256	-0.1577014793611947	0.0006765067650676	mat	17	83257441	54.5	28.757441		29.4	interior		
chr17	55500000	0.0298143482816459	2.166699	0.1625913731265836	-0.1697513898323275	0.0010455104551045	mat	17	83257441	55.5	27.757441		30.4	interior		
chr17	56500000	0.03698551854815	3.354966	0.2150413941926	-0.2749961509395823	0.0011685116851168	mat	17	83257441	56.5	26.757441		31.4	interior		
chr17	57500000	0.0321460556124883	2.859283	0.1857698824499532	-0.2658972448435301	0.0010455104551045	mat	17	83257441	57.5	25.757441		32.4	interior		
chr17	58500000	0.031379327352022	2.022927	0.165975849408088	-0.1110414284465348	0.0007380073800738	mat	17	83257441	58.5	24.757441		33.4	interior		
chr17	59500000	0.0303633195139237	0.493732	0.1313279180556948	0.5206242268176964	0.0004920049200492	mat	17	83257441	59.5	23.757441		34.4	interior		
chr17	60500000	0.0442245847870375	0.996493	0.19682819914815	0.3919431976559417	0.0011070110701107	mat	17	83257441	60.5	22.757441		35.4	interior		
chr17	61500000	0.0465436779612659	1.34986	0.2131719118450636	0.2801934649122912	0.0012915129151291	mat	17	83257441	61.5	21.757441		36.4	interior		
chr17	62500000	0.0421002103319028	1.471338	0.1978276013276112	0.1922159607839521	0.0013530135301353	mat	17	83257441	62.5	20.757441		37.4	interior		
chr17	63500000	0.0323116344196062	1.046224	0.1501710176784248	0.2286995319843493	0.0008610086100861	mat	17	83257441	63.5	19.757441		38.4	end_q	19.0	chr17q
chr17	64500000	0.0360431056743379	1.456587	0.1733041626973516	0.121404846486924	0.0010455104551045	mat	17	83257441	64.5	18.757441		39.4	end_q	18.0	chr17q
chr17	65500000	0.0271339485577817	1.718573	0.1429072542311268	-0.1022983538720094	0.0010455104551045	mat	17	83257441	65.5	17.757441		40.4	end_q	17.0	chr17q
chr17	66500000	0.0263178587323247	2.219386	0.1496591549292988	-0.2409614324047295	0.0009840098400984	mat	17	83257441	66.5	16.757441		41.4	end_q	16.0	chr17q
chr17	67500000	0.0240706392972619	2.177491	0.1398323771890476	-0.2737317266392147	0.0007380073800738	mat	17	83257441	67.5	15.757441		42.4	end_q	15.0	chr17q
chr17	68500000	0.0235280965690922	2.013654	0.1343854662763688	-0.2479064932160623	0.0006150061500615	mat	17	83257441	68.5	14.757441		43.4	end_q	14.0	chr17q
chr17	69500000	0.0180827380047977	1.765204	0.1076350320191908	-0.3085638775406768	0.0006765067650676	mat	17	83257441	69.5	13.757441		44.4	end_q	13.0	chr17q
chr17	70500000	0.0187887065965943	1.138654	0.0979279063863772	-0.0804245113153844	0.0009225092250922	mat	17	83257441	70.5	12.757441		45.4	end_q	12.0	chr17q
chr17	71500000	0.0315114002800322	2.339142	0.1728284411201288	-0.1800366274154572	0.0012915129151291	mat	17	83257441	71.5	11.757441		46.4	end_q	11.0	chr17q
chr17	72500000	0.0735504099843554	3.805333	0.3703082999374216	-0.0015193821686192	0.0023370233702337	mat	17	83257441	72.5	10.757441		47.4	end_q	10.0	chr17q
chr17	73500000	0.0837233604587205	5.110487	0.437103181834882	-0.083993115750931	0.0027675276752767	mat	17	83257441	73.5	9.757441		48.4	end_q	9.0	chr17q
chr17	74500000	0.0876237094929355	3.965343	0.429801697971742	0.0653332918098441	0.0026445264452644	mat	17	83257441	74.5	8.757441		49.4	end_q	8.0	chr17q
chr17	75500000	0.0527904209075118	2.663265	0.2644269836300472	0.0110848731075338	0.0019065190651906	mat	17	83257441	75.5	7.757441		50.4	end_q	7.0	chr17q
chr17	76500000	0.0687130686436977	2.342226	0.3216967945747908	0.2042040912514636	0.0019680196801968	mat	17	83257441	76.5	6.757441		51.4	end_q	6.0	chr17q
chr17	77500000	0.0709805770674112	2.840157	0.3407254482696448	0.1262923859564945	0.0023370233702337	mat	17	83257441	77.5	5.757441		52.4	end_q	5.0	chr17q
chr17	78500000	0.0759322926374936	3.388632	0.3715018105499744	0.0722784751472791	0.0025215252152521	mat	17	83257441	78.5	4.757441		53.4	end_q	4.0	chr17q
chr17	79500000	0.0558892710888567	2.347158	0.2705002443554268	0.1024200609778798	0.0020295202952029	mat	17	83257441	79.5	3.757441		54.4	end_q	3.0	chr17q
chr17	80500000	0.0791784918258791	1.551948	0.3477529273035164	0.4492767462143173	0.002890528905289	mat	17	83257441	80.5	2.757441		55.4	end_q	2.0	chr17q
chr17	81500000	0.0670655088243102	0.324113	0.2747442952972408	0.8286659231539131	0.002460024600246	mat	17	83257441	81.5	1.757441		56.4	end_q	1.0	chr17q
chr17	82500000	0.0670030042754171	0.239622	0.2728044571016684	0.8703234963087411	0.0019680196801968	mat	17	83257441	82.5	0.757441		57.4	end_q	0.0	chr17q
chr18	500000	0.0248365765683947	0.197666	0.1032996262735787	0.732659041902462	0.0007995079950799	mat	18	80373285	0.5	79.873285		18.0	end_p	0.0	chr18p
chr18	1500000	0.0371531963487076	0.811807	0.1648489253948304	0.404876685491597	0.0017835178351783	mat	18	80373285	1.5	78.873285		17.0	end_p	1.0	chr18p
chr18	2500000	0.0482707350331375	1.869549	0.23047392013255	0.1422888812891183	0.0022755227552275	mat	18	80373285	2.5	77.873285		16.0	end_p	2.0	chr18p
chr18	3500000	0.048390294003081	2.963311	0.252827396012324	-0.0855971489289725	0.0025215252152521	mat	18	80373285	3.5	76.873285		15.0	end_p	3.0	chr18p
chr18	4500000	0.0418029557483147	3.524326	0.2376983429932588	-0.2408386613661094	0.0020295202952029	mat	18	80373285	4.5	75.873285		14.0	end_p	4.0	chr18p
chr18	5500000	0.0389086792707893	3.612088	0.2278764770831572	-0.2856629823125836	0.0017220172201722	mat	18	80373285	5.5	74.873285		13.0	end_p	5.0	chr18p
chr18	6500000	0.0549420101924899	3.623829	0.2922446207699596	-0.1223141039988039	0.0018450184501845	mat	18	80373285	6.5	73.873285		12.0	end_p	6.0	chr18p
chr18	7500000	0.0452909493999138	3.912946	0.2594227175996552	-0.2523254194349457	0.0017220172201722	mat	18	80373285	7.5	72.873285		11.0	end_p	7.0	chr18p
chr18	8500000	0.0447646204868989	3.896912	0.2569967219475956	-0.2558721189373845	0.0021525215252152	mat	18	80373285	8.5	71.873285		10.0	end_p	8.0	chr18p
chr18	9500000	0.0202324043569472	4.393861	0.1688068374277888	-0.6161434622962407	0.0017220172201722	mat	18	80373285	9.5	70.873285		9.0	end_p	9.0	chr18p
chr18	10500000	0.0447027482992333	4.541993	0.2696508531969331	-0.3265562944576828	0.0023985239852398	mat	18	80373285	10.5	69.873285		8.0	end_p	10.0	chr18p
chr18	11500000	0.0423985049918762	3.68548	0.2433036199675048	-0.2551810600946391	0.0017835178351783	mat	18	80373285	11.5	68.873285		7.0	end_p	11.0	chr18p
chr18	12500000	0.0572858408630298	2.859272	0.2863288034521192	0.0164385974540744	0.0020295202952029	mat	18	80373285	12.5	67.873285		6.0	end_p	12.0	chr18p
chr18	13500000	0.0375426609724212	1.779593	0.1857625038896848	0.0422183608482822	0.0009840098400984	mat	18	80373285	13.5	66.873285		5.0	end_p	13.0	chr18p
chr18	14500000	0.0399851918709923	1.385707	0.1876549074839692	0.1962662261748264	0.0006765067650676	mat	18	80373285	14.5	65.873285		4.0	end_p	14.0	chr18p
chr18	15500000	0.0248925187361695	0.544208	0.110454234944678	0.4046461539089697	0.0	mat	18	80373285	15.5	64.873285		3.0	end_p	15.0	chr18p
chr18	16500000	0.0286802153462905	0.076056	0.116241981385162	0.9022041666554864	0.0	mat	18	80373285	16.5	63.873285		2.0	end_p	16.0	chr18p
chr18	17500000	0.0286802153462905	0.000926	0.114739381385162	0.9987488800124196	0.0	mat	18	80373285	17.5	62.873285		1.0	end_p	17.0	chr18p
chr18	18500000	0.0286802153462905	0.001605	0.114752961385162	0.9978324763358082	0.0	mat	18	80373285	18.5	61.873285		0.0	end_p	18.0	chr18p
chr18	19500000	0.0300569234817295	0.002001	0.120267713926918	0.9974219903423084	6.150061500615006e-05	mat	18	80373285	19.5	60.873285		1.0	end_p	19.0	chr18p
chr18	20500000	0.0546057324731406	0.099948	0.2204218898925624	0.9314615790153332	0.0005535055350553	mat	18	80373285	20.5	59.873285		2.0	other		
chr18	21500000	0.0643126899919427	0.665439	0.2705595399677708	0.6658383662106161	0.0009840098400984	mat	18	80373285	21.5	58.873285		3.0	other		
chr18	22500000	0.067385652551951	1.055389	0.290650390207804	0.5341672790138854	0.0011685116851168	mat	18	80373285	22.5	57.873285		4.0	other		
chr18	23500000	0.0556416272036744	1.955469	0.2616758888146976	0.1895280919187016	0.0014145141451414	mat	18	80373285	23.5	56.873285		5.0	other		
chr18	24500000	0.0400709804319969	2.252812	0.2053401617279876	-0.043039946841744	0.0014760147601476	mat	18	80373285	24.5	55.873285		6.0	other		
chr18	25500000	0.0391274749410707	2.760381	0.2117175197642828	-0.1553079528464315	0.0017220172201722	mat	18	80373285	25.5	54.873285		7.0	other		
chr18	26500000	0.0315865141501665	2.475981	0.175865676600666	-0.2062545960958329	0.0012915129151291	mat	18	80373285	26.5	53.873285		8.0	other		
chr18	27500000	0.0228279158851188	1.871921	0.1287500835404751	-0.2277296716487385	0.0008610086100861	mat	18	80373285	27.5	52.873285		9.0	other		
chr18	28500000	0.0158451193460888	1.459765	0.0925757773843552	-0.2821441191164308	0.0005535055350553	mat	18	80373285	28.5	51.873285		10.0	interior		
chr18	29500000	0.0154882647203899	1.275577	0.0874645988815596	-0.2297837436546184	0.0004920049200492	mat	18	80373285	29.5	50.873285		11.0	interior		
chr18	30500000	0.0169324494411188	1.658169	0.1008931777644752	-0.3099989066330907	0.0006765067650676	mat	18	80373285	30.5	49.873285		12.0	interior		
chr18	31500000	0.0161284315056564	1.78544	0.1002225260226256	-0.3643075970753249	0.0007995079950799	mat	18	80373285	31.5	48.873285		13.0	interior		
chr18	32500000	0.0109617920960202	1.440431	0.0726557883840808	-0.4362309476815873	0.0006150061500615	mat	18	80373285	32.5	47.873285		14.0	interior		
chr18	33500000	0.0140619943392992	1.050874	0.0772654573571968	-0.1832817193282854	0.0004920049200492	mat	18	80373285	33.5	46.873285		15.0	interior		
chr18	34500000	0.0218338380359165	0.816875	0.103672852143666	0.1591962519560356	0.0006150061500615	mat	18	80373285	34.5	45.873285		16.0	interior		
chr18	35500000	0.0338412087705406	1.103385	0.1574325350821624	0.225406838755416	0.0009225092250922	mat	18	80373285	35.5	44.873285		17.0	interior		
chr18	36500000	0.03505181528576	1.368223	0.16757172114304	0.1384590370319574	0.0010455104551045	mat	18	80373285	36.5	43.873285		18.0	interior		
chr18	37500000	0.0184628019670534	1.356983	0.1009908678682136	-0.1752288083621178	0.0006765067650676	mat	18	80373285	37.5	42.873285		19.0	interior		
chr18	38500000	0.0153403494447008	1.027422	0.0819098377788032	-0.1298489733680877	0.000430504305043	mat	18	80373285	38.5	41.873285		20.0	interior		
chr18	39500000	0.0093146603956945	0.910477	0.055468181582778	-0.3091588047042284	0.0001845018450184	mat	18	80373285	39.5	40.873285		21.0	interior		
chr18	40500000	0.0124757860671794	1.039092	0.0706849842687176	-0.2351008392653302	0.0002460024600246	mat	18	80373285	40.5	39.873285		22.0	interior		
chr18	41500000	0.0070272253580766	1.099401	0.0500969214323064	-0.5041015402031306	0.0002460024600246	mat	18	80373285	41.5	38.873285		23.0	interior		
chr18	42500000	0.0062608839908216	0.84686	0.0419807359632864	-0.4478698980462494	0.0003075030750307	mat	18	80373285	42.5	37.873285		24.0	interior		
chr18	43500000	0.0084326902729971	0.575543	0.0452416210919884	-0.1391165209247607	0.0003690036900369	mat	18	80373285	43.5	36.873285		25.0	interior		
chr18	44500000	0.0127223275990533	0.891103	0.0687113703962132	-0.1517940111173082	0.0005535055350553	mat	18	80373285	44.5	35.873285		26.0	interior		
chr18	45500000	0.0246779313317597	1.489402	0.1284997653270388	-0.0783747337206177	0.0010455104551045	mat	18	80373285	45.5	34.873285		27.0	interior		
chr18	46500000	0.0203673964157045	1.619484	0.113859265662818	-0.2130738853402638	0.0008610086100861	mat	18	80373285	46.5	33.873285		28.0	interior		
chr18	47500000	0.0266562122160457	2.602623	0.1586773088641828	-0.3086494104649898	0.0010455104551045	mat	18	80373285	47.5	32.873285		29.0	interior		
chr18	48500000	0.030349029584431	2.365714	0.168710398337724	-0.2035764425085316	0.0010455104551045	mat	18	80373285	48.5	31.873285		30.0	interior		
chr18	49500000	0.0543205343105703	2.726096	0.2718040572422812	0.0137118837731209	0.0019065190651906	mat	18	80373285	49.5	30.873285		31.0	interior		
chr18	50500000	0.0495418507751689	1.561543	0.2293982631006756	0.2414078345972594	0.0015990159901599	mat	18	80373285	50.5	29.873285		32.0	interior		
chr18	51500000	0.0356932143417203	1.410354	0.1709799373668812	0.1324735869002247	0.0012915129151291	mat	18	80373285	51.5	28.873285		33.0	interior		
chr18	52500000	0.0122726161731253	0.872898	0.0665484246925012	-0.1592817194162046	0.0006150061500615	mat	18	80373285	52.5	27.873285		34.0	interior		
chr18	53500000	0.008544166481217	0.655391	0.0472844859248679	-0.1958536313084264	0.0006765067650676	mat	18	80373285	53.5	26.873285		35.0	interior		
chr18	54500000	0.0071539460573652	0.49555	0.0385267842294608	-0.1463686782541177	0.0005535055350553	mat	18	80373285	54.5	25.873285		36.0	interior		
chr18	55500000	0.0086161812741253	0.728636	0.0490374450965011	-0.2422769707456031	0.0004920049200492	mat	18	80373285	55.5	24.873285		37.0	interior		
chr18	56500000	0.0099329381363726	1.503375	0.0697992525454904	-0.4916479387930695	0.0006765067650676	mat	18	80373285	56.5	23.873285		38.0	interior		
chr18	57500000	0.0279685666636951	2.204502	0.1559643066547804	-0.2088927816075535	0.0012915129151291	mat	18	80373285	57.5	22.873285		39.0	interior		
chr18	58500000	0.0399890347700382	3.313342	0.2262229790801528	-0.2326404297127389	0.0020295202952029	mat	18	80373285	58.5	21.873285		40.0	interior		
chr18	59500000	0.0429736675513912	2.641544	0.2247255502055647	-0.087467081688317	0.0017835178351783	mat	18	80373285	59.5	20.873285		41.0	interior		
chr18	60500000	0.026696304526345	2.637497	0.15953515810538	-0.3139810368098139	0.0012915129151291	mat	18	80373285	60.5	19.873285		42.0	end_q	19.0	chr18q
chr18	61500000	0.0176491511138209	1.412204	0.0988406844552836	-0.2160749123643996	0.0006765067650676	mat	18	80373285	61.5	18.873285		43.0	end_q	18.0	chr18q
chr18	62500000	0.0150780143354936	2.14583	0.1032286573419744	-0.4679540420333117	0.0008610086100861	mat	18	80373285	62.5	17.873285		44.0	end_q	17.0	chr18q
chr18	63500000	0.0109954199904233	1.844555	0.0808727799616932	-0.5296674062221742	0.0007380073800738	mat	18	80373285	63.5	16.873285		45.0	end_q	16.0	chr18q
chr18	64500000	0.0112232871957537	1.887507	0.0826432887830148	-0.5305685845111796	0.0007995079950799	mat	18	80373285	64.5	15.873285		46.0	end_q	15.0	chr18q
chr18	65500000	0.0118616814452495	1.041016	0.068267045780998	-0.2596612604973967	0.0005535055350553	mat	18	80373285	65.5	14.873285		47.0	end_q	14.0	chr18q
chr18	66500000	0.0165141932939858	1.230581	0.0906683931759432	-0.1818895937422011	0.0009840098400984	mat	18	80373285	66.5	13.873285		48.0	end_q	13.0	chr18q
chr18	67500000	0.0175618244161945	1.95198	0.109286897664778	-0.3660562748148461	0.0012915129151291	mat	18	80373285	67.5	12.873285		49.0	end_q	12.0	chr18q
chr18	68500000	0.0220664021313274	2.358298	0.1354315685253096	-0.3489477707725789	0.0015990159901599	mat	18	80373285	68.5	11.873285		50.0	end_q	11.0	chr18q
chr18	69500000	0.0338809041853277	2.205952	0.1796426567413108	-0.1159333131323256	0.0015990159901599	mat	18	80373285	69.5	10.873285		51.0	end_q	10.0	chr18q
chr18	70500000	0.0409535355370266	1.814933	0.2001128021481064	0.0757462884747894	0.0017220172201722	mat	18	80373285	70.5	9.873285		52.0	end_q	9.0	chr18q
chr18	71500000	0.0399118320817554	2.064522	0.2009377683270216	-0.0014160907066633	0.0017835178351783	mat	18	80373285	71.5	8.873285		53.0	end_q	8.0	chr18q
chr18	72500000	0.037648117311147	2.675012	0.204092709244588	-0.1587836140061138	0.0019680196801968	mat	18	80373285	72.5	7.873285		54.0	end_q	7.0	chr18q
chr18	73500000	0.046524726524821	2.841159	0.242922086099284	-0.0842172569807542	0.0022140221402214	mat	18	80373285	73.5	6.873285		55.0	end_q	6.0	chr18q
chr18	74500000	0.055144764169743	2.87452	0.278069456678972	-0.0052650436549974	0.002460024600246	mat	18	80373285	74.5	5.873285		56.0	end_q	5.0	chr18q
chr18	75500000	0.0562793212242636	2.485205	0.2748213848970544	0.0775269820420505	0.0023985239852398	mat	18	80373285	75.5	4.873285		57.0	end_q	4.0	chr18q
chr18	76500000	0.0544282647651697	2.421512	0.2661432990606788	0.0738081182370485	0.0023985239852398	mat	18	80373285	76.5	3.873285		58.0	end_q	3.0	chr18q
chr18	77500000	0.0459484147808328	1.903732	0.2218682991233312	0.1091123158015884	0.0022755227552275	mat	18	80373285	77.5	2.873285		59.0	end_q	2.0	chr18q
chr18	78500000	0.0438422071594567	1.173179	0.1988324086378268	0.3168455917810771	0.0020295202952029	mat	18	80373285	78.5	1.873285		60.0	end_q	1.0	chr18q
chr18	79500000	0.0317213570189929	0.521823	0.1373218880759716	0.516390634261361	0.0011070110701107	mat	18	80373285	79.5	0.873285		61.0	end_q	0.0	chr18q
chr19	500000	0.0646239596080928	0.589631	0.2702884584323712	0.6993967464445411	0.001230012300123	mat	19	58617616	0.5	58.117616		25.7	end_p	0.0	chr19p
chr19	1500000	0.0856203928001982	1.07116	0.3639047712007928	0.6096018555107137	0.0023370233702337	mat	19	58617616	1.5	57.117616		24.7	end_p	1.0	chr19p
chr19	2500000	0.0840044618300591	2.055762	0.3771330873202363	0.3564458537460416	0.0023985239852398	mat	19	58617616	2.5	56.117616		23.7	end_p	2.0	chr19p
chr19	3500000	0.0663788330904768	2.61186	0.3177525323619072	0.1345340731272306	0.0021525215252152	mat	19	58617616	3.5	55.117616		22.7	end_p	3.0	chr19p
chr19	4500000	0.049692194461095	2.737028	0.25350933784438	-0.0328037640983587	0.001660516605166	mat	19	58617616	4.5	54.117616		21.7	end_p	4.0	chr19p
chr19	5500000	0.0365346328122185	3.055625	0.207251031248874	-0.2370676915298113	0.0013530135301353	mat	19	58617616	5.5	53.117616		20.7	end_p	5.0	chr19p
chr19	6500000	0.0453640635451508	3.632136	0.2540989741806032	-0.2163784008129952	0.0015375153751537	mat	19	58617616	6.5	52.117616		19.7	end_p	6.0	chr19p
chr19	7500000	0.0458200748329549	4.076535	0.2648109993318196	-0.2660105759712084	0.0015375153751537	mat	19	58617616	7.5	51.117616		18.7	end_p	7.0	chr19p
chr19	8500000	0.0400016042146834	2.986973	0.2197458768587336	-0.182892452320297	0.0014145141451414	mat	19	58617616	8.5	50.117616		17.7	end_p	8.0	chr19p
chr19	9500000	0.0368739996734286	2.205276	0.1916015186937144	-0.0738414849012116	0.0011070110701107	mat	19	58617616	9.5	49.117616		16.7	end_p	9.0	chr19p
chr19	10500000	0.0236414054242556	1.679945	0.1281645216970224	-0.158827720185564	0.0006150061500615	mat	19	58617616	10.5	48.117616		15.7	end_p	10.0	chr19p
chr19	11500000	0.0228318117899095	1.38586	0.119044447159638	-0.0812069580937008	0.0003690036900369	mat	19	58617616	11.5	47.117616		14.7	end_p	11.0	chr19p
chr19	12500000	0.0225940934053934	2.011359	0.1306035536215736	-0.2662879510912359	0.0007995079950799	mat	19	58617616	12.5	46.117616		13.7	end_p	12.0	chr19p
chr19	13500000	0.0229955175938762	2.248942	0.1369609103755048	-0.3094015131460532	0.0009225092250922	mat	19	58617616	13.5	45.117616		12.7	end_p	13.0	chr19p
chr19	14500000	0.0192634534802047	2.580137	0.1286565539208188	-0.4439337847402296	0.0010455104551045	mat	19	58617616	14.5	44.117616		11.7	end_p	14.0	chr19p
chr19	15500000	0.0280772124632812	2.654213	0.1653931098531248	-0.2939625125378882	0.0010455104551045	mat	19	58617616	15.5	43.117616		10.7	end_p	15.0	chr19p
chr19	16500000	0.0429470477503066	3.573804	0.2432642710012263	-0.2346780583722524	0.0015375153751537	mat	19	58617616	16.5	42.117616		9.7	end_p	16.0	chr19p
chr19	17500000	0.0575733605209835	4.061471	0.311522862083934	-0.1552793808981331	0.0017835178351783	mat	19	58617616	17.5	41.117616		8.7	end_p	17.0	chr19p
chr19	18500000	0.058060906442581	3.098695	0.294217525770324	-0.0170457330414261	0.0015375153751537	mat	19	58617616	18.5	40.117616		7.699999999999999	end_p	18.0	chr19p
chr19	19500000	0.0390509519575025	1.755263	0.19130906783001	0.0687126851520773	0.0009225092250922	mat	19	58617616	19.5	39.117616		6.699999999999999	end_p	19.0	chr19p
chr19	20500000	0.0281154464239678	0.955063	0.1315630456958712	0.2058610974303959	0.0006765067650676	mat	19	58617616	20.5	38.117616		5.699999999999999	other		
chr19	21500000	0.0163446974921796	0.917863	0.0837360499687184	-0.0424722412454163	0.000430504305043	mat	19	58617616	21.5	37.117616		4.699999999999999	other		
chr19	22500000	0.0158547570371158	0.64943	0.0764076281484632	0.1147540317860513	0.0003075030750307	mat	19	58617616	22.5	36.117616		3.6999999999999993	other		
chr19	23500000	0.0161607341449027	0.443154	0.0735060165796108	0.3058023033893624	0.0001845018450184	mat	19	58617616	23.5	35.117616		2.6999999999999993	other		
chr19	24500000	0.014960982158347	0.168801	0.0632199486333879	0.6410398841964604	0.0	mat	19	58617616	24.5	34.117616		1.6999999999999993	other		
chr19	25500000	0.0222115351755029	0.025378	0.0893537007020116	0.9566582985720352	0.0	mat	19	58617616	25.5	33.117616		0.6999999999999993	other		
chr19	26500000	0.0203132082683086	0.043039	0.0821136130732344	0.9210879983323896	0.0001230012300123	mat	19	58617616	26.5	32.117616		0.3000000000000007	other		
chr19	27500000	0.0167097151316985	0.400802	0.074854900526794	0.3651677269433648	0.0003075030750307	mat	19	58617616	27.5	31.117616		1.3000000000000007	other		
chr19	28500000	0.0104669568941506	1.384623	0.0695602875766024	-0.4389305917608319	0.000430504305043	mat	19	58617616	28.5	30.117616		2.3000000000000007	other		
chr19	29500000	0.0112787382555094	2.553677	0.0961884930220376	-0.6289098321534241	0.0004920049200492	mat	19	58617616	29.5	29.117616		3.3000000000000007	other		
chr19	30500000	0.0107549407193413	2.840294	0.0998256428773652	-0.6732010183063616	0.0004920049200492	mat	19	58617616	30.5	28.117616		4.300000000000001	other		
chr19	31500000	0.014500941783441	2.491896	0.1078416871337639	-0.5382711257581876	0.0005535055350553	mat	19	58617616	31.5	27.117616		5.300000000000001	other		
chr19	32500000	0.0242089886056867	2.768345	0.1522028544227468	-0.378292924271392	0.0010455104551045	mat	19	58617616	32.5	26.117616		6.300000000000001	other		
chr19	33500000	0.038465916248302	2.716021	0.208184084993208	-0.1557234426836056	0.0013530135301353	mat	19	58617616	33.5	25.117616		7.300000000000001	other		
chr19	34500000	0.0476887399892734	3.599746	0.2627498799570936	-0.1881196630639695	0.0015375153751537	mat	19	58617616	34.5	24.117616		8.3	other		
chr19	35500000	0.0408282333454619	2.334924	0.2100114133818476	-0.0515601323093453	0.0010455104551045	mat	19	58617616	35.5	23.117616		9.3	other		
chr19	36500000	0.0262989750764273	1.799812	0.1411921403057092	-0.1404447688754891	0.0007380073800738	mat	19	58617616	36.5	22.117616		10.3	interior		
chr19	37500000	0.0220602555213679	0.709257	0.1024261620854716	0.2320493129460251	0.0006150061500615	mat	19	58617616	37.5	21.117616		11.3	interior		
chr19	38500000	0.0162508699314988	1.127672	0.0875569197259951	-0.1472297199596381	0.0004920049200492	mat	19	58617616	38.5	20.117616		12.3	interior		
chr19	39500000	0.0199795938677597	1.516745	0.1102532754710388	-0.1908611419935693	0.0006150061500615	mat	19	58617616	39.5	19.117616		13.3	end_q	19.0	chr19q
chr19	40500000	0.0170577660680059	1.67407	0.1017124642720236	-0.310979346645461	0.000430504305043	mat	19	58617616	40.5	18.117616		14.3	end_q	18.0	chr19q
chr19	41500000	0.0225081033765231	1.184372	0.1137198535060924	-0.0099714524376657	0.0003690036900369	mat	19	58617616	41.5	17.117616		15.3	end_q	17.0	chr19q
chr19	42500000	0.0246226724508235	1.410429	0.126699269803294	-0.0523683160571388	0.0003690036900369	mat	19	58617616	42.5	16.117616		16.3	end_q	16.0	chr19q
chr19	43500000	0.0345781724219328	1.596643	0.1702455496877312	0.055300047409503	0.0006150061500615	mat	19	58617616	43.5	15.117616		17.3	end_q	15.0	chr19q
chr19	44500000	0.0389439475523044	2.06055	0.1969867902092176	-0.0127272384478332	0.0010455104551045	mat	19	58617616	44.5	14.117616		18.3	end_q	14.0	chr19q
chr19	45500000	0.039878546053626	2.207939	0.203672964214504	-0.0353988524483279	0.0011685116851168	mat	19	58617616	45.5	13.117616		19.3	end_q	13.0	chr19q
chr19	46500000	0.0352699055629597	1.981533	0.1807102822518387	-0.0426975270377554	0.0010455104551045	mat	19	58617616	46.5	12.117616		20.3	end_q	12.0	chr19q
chr19	47500000	0.0351793067533288	2.721542	0.1951480670133152	-0.1999432508219957	0.001230012300123	mat	19	58617616	47.5	11.117616		21.3	end_q	11.0	chr19q
chr19	48500000	0.0316591250920575	2.536041	0.17735732036823	-0.2166057792221389	0.0011070110701107	mat	19	58617616	48.5	10.117616		22.3	end_q	10.0	chr19q
chr19	49500000	0.0470038316527976	3.592715	0.2598696266111904	-0.1941466569276285	0.0017220172201722	mat	19	58617616	49.5	9.117616		23.3	end_q	9.0	chr19q
chr19	50500000	0.0442269861196082	3.399972	0.2449073844784328	-0.196913174186433	0.0014760147601476	mat	19	58617616	50.5	8.117616		24.3	end_q	8.0	chr19q
chr19	51500000	0.0428899002278926	3.662245	0.2448045009115704	-0.2468194897530452	0.0015990159901599	mat	19	58617616	51.5	7.117616		25.3	end_q	7.0	chr19q
chr19	52500000	0.0589024559923283	3.639708	0.3084039839693132	-0.090068728079979	0.0020910209102091	mat	19	58617616	52.5	6.117616		26.3	end_q	6.0	chr19q
chr19	53500000	0.0591281570317721	3.468811	0.3058888481270884	-0.0642667648739386	0.0019680196801968	mat	19	58617616	53.5	5.117616		27.3	end_q	5.0	chr19q
chr19	54500000	0.072614694870813	2.917622	0.348811219483252	0.1242506702466583	0.0021525215252152	mat	19	58617616	54.5	4.117616		28.3	end_q	4.0	chr19q
chr19	55500000	0.0472312800870735	1.568525	0.220295620348294	0.2166678942133698	0.0015990159901599	mat	19	58617616	55.5	3.117616		29.3	end_q	3.0	chr19q
chr19	56500000	0.0460077853975466	0.657686	0.1971848615901864	0.5659988679393562	0.0015375153751537	mat	19	58617616	56.5	2.117616		30.3	end_q	2.0	chr19q
chr19	57500000	0.0339209581175267	0.450813	0.1447000924701068	0.5902598178285431	0.0010455104551045	mat	19	58617616	57.5	1.117616		31.3	end_q	1.0	chr19q
chr19	58500000	0.0266638618804347	0.222913	0.1111137075217388	0.7210546329901157	0.0003075030750307	mat	19	58617616	58.5	0.117616		32.3	end_q	0.0	chr19q
chr2	500000	0.0196219672811247	0.396621	0.0864202891244988	0.4369127380675814	0.0006150061500615	mat	2	242193529	0.5	241.693529	-113.0701475	93.4	end_p	0.0	chr2p
chr2	1500000	0.0376293297897977	0.56157	0.1617487191591908	0.5511963821845474	0.0014145141451414	mat	2	242193529	1.5	240.693529	-112.0701475	92.4	end_p	1.0	chr2p
chr2	2500000	0.0447941740876142	1.028303	0.1997427563504568	0.3840322942909057	0.0020910209102091	mat	2	242193529	2.5	239.693529	-111.0701475	91.4	end_p	2.0	chr2p
chr2	3500000	0.0463374864932623	1.348436	0.2123186659730492	0.2786333671905569	0.0020295202952029	mat	2	242193529	3.5	238.693529	-110.0701475	90.4	end_p	3.0	chr2p
chr2	4500000	0.0350719827165376	1.876939	0.1778267108661504	-0.0184208879475488	0.0017220172201722	mat	2	242193529	4.5	237.693529	-109.0701475	89.4	end_p	4.0	chr2p
chr2	5500000	0.0268874572040928	2.248923	0.1525282888163712	-0.2370997958012951	0.0013530135301353	mat	2	242193529	5.5	236.693529	-108.0701475	88.4	end_p	5.0	chr2p
chr2	6500000	0.0194381413260987	2.569433	0.1291412253043948	-0.4386251649448697	0.0010455104551045	mat	2	242193529	6.5	235.693529	-107.0701475	87.4	end_p	6.0	chr2p
chr2	7500000	0.0127404986968891	3.101283	0.1129876547875564	-0.6502999027052754	0.0006765067650676	mat	2	242193529	7.5	234.693529	-106.0701475	86.4	end_p	7.0	chr2p
chr2	8500000	0.0250002135616582	3.073085	0.1614625542466328	-0.4088269318220962	0.0011685116851168	mat	2	242193529	8.5	233.693529	-105.0701475	85.4	end_p	8.0	chr2p
chr2	9500000	0.0432101995315825	3.839971	0.2496402181263299	-0.2654823143561597	0.0017835178351783	mat	2	242193529	9.5	232.693529	-104.0701475	84.4	end_p	9.0	chr2p
chr2	10500000	0.0491824803567916	3.667248	0.2700748814271664	-0.1821979459330905	0.0025830258302583	mat	2	242193529	10.5	231.693529	-103.0701475	83.4	end_p	10.0	chr2p
chr2	11500000	0.0350095825375921	3.449131	0.2090209501503684	-0.3127163764371543	0.0020910209102091	mat	2	242193529	11.5	230.693529	-102.0701475	82.4	end_p	11.0	chr2p
chr2	12500000	0.0183905495891409	2.256897	0.1187001383565636	-0.4081422412638474	0.0013530135301353	mat	2	242193529	12.5	229.693529	-101.0701475	81.4	end_p	12.0	chr2p
chr2	13500000	0.0065749734866331	1.465346	0.0556068139465324	-0.6241125718076247	0.0005535055350553	mat	2	242193529	13.5	228.693529	-100.0701475	80.4	end_p	13.0	chr2p
chr2	14500000	0.0048332308727234	1.62657	0.0518643234908936	-0.734201678033389	0.0003075030750307	mat	2	242193529	14.5	227.693529	-99.0701475	79.4	end_p	14.0	chr2p
chr2	15500000	0.0112990238162811	2.475874	0.0947135752651244	-0.6189132761242081	0.0004920049200492	mat	2	242193529	15.5	226.693529	-98.0701475	78.4	end_p	15.0	chr2p
chr2	16500000	0.0116910303599801	2.362432	0.0940127614399204	-0.5932964897520161	0.000430504305043	mat	2	242193529	16.5	225.693529	-97.0701475	77.4	end_p	16.0	chr2p
chr2	17500000	0.0125201603729431	2.049642	0.0910734814917724	-0.5208209548356327	0.0005535055350553	mat	2	242193529	17.5	224.693529	-96.0701475	76.4	end_p	17.0	chr2p
chr2	18500000	0.0132990085728074	1.286845	0.0789329342912296	-0.3045753875959043	0.0009225092250922	mat	2	242193529	18.5	223.693529	-95.0701475	75.4	end_p	18.0	chr2p
chr2	19500000	0.0185158911649599	1.878455	0.1116326646598395	-0.3258813572022184	0.0011070110701107	mat	2	242193529	19.5	222.693529	-94.0701475	74.4	end_p	19.0	chr2p
chr2	20500000	0.0308905422547529	1.610544	0.1557730490190116	-0.0053640650483713	0.001230012300123	mat	2	242193529	20.5	221.693529	-93.0701475	73.4	interior		
chr2	21500000	0.0395864978609202	1.55557	0.1894573914436808	0.1351871961352274	0.0010455104551045	mat	2	242193529	21.5	220.693529	-92.0701475	72.4	interior		
chr2	22500000	0.0427401533446507	1.161497	0.1941905533786028	0.3098788925943558	0.001230012300123	mat	2	242193529	22.5	219.693529	-91.0701475	71.4	interior		
chr2	23500000	0.0387866656951561	1.010684	0.1753603427806244	0.3287458180738979	0.0011685116851168	mat	2	242193529	23.5	218.693529	-90.0701475	70.4	interior		
chr2	24500000	0.0429573877451414	0.838038	0.1885903109805656	0.4511530849881295	0.0012915129151291	mat	2	242193529	24.5	217.693529	-89.0701475	69.4	interior		
chr2	25500000	0.0513900413044081	0.813742	0.2218350052176323	0.5302371599852146	0.001230012300123	mat	2	242193529	25.5	216.693529	-88.0701475	68.4	interior		
chr2	26500000	0.0466991916159679	0.782805	0.2024528664638716	0.5094569647642262	0.0009840098400984	mat	2	242193529	26.5	215.693529	-87.0701475	67.4	interior		
chr2	27500000	0.051750855234565	1.23622	0.23172782093826	0.366945018134667	0.001230012300123	mat	2	242193529	27.5	214.693529	-86.0701475	66.4	interior		
chr2	28500000	0.0563821811702332	1.400667	0.2535420646809328	0.349873119182645	0.0015375153751537	mat	2	242193529	28.5	213.693529	-85.0701475	65.4	interior		
chr2	29500000	0.056486006435981	2.322428	0.272392585743924	0.1129032950322191	0.0017220172201722	mat	2	242193529	29.5	212.693529	-84.0701475	64.4	interior		
chr2	30500000	0.0392110670050069	2.189301	0.2006302880200276	-0.0395940752512617	0.0014145141451414	mat	2	242193529	30.5	211.693529	-83.0701475	63.400000000000006	interior		
chr2	31500000	0.0198035486150602	1.754699	0.1143081744602408	-0.2641097797347347	0.0009840098400984	mat	2	242193529	31.5	210.693529	-82.0701475	62.400000000000006	interior		
chr2	32500000	0.019469957761043	1.576315	0.1094061310441719	-0.2216700110532277	0.0014145141451414	mat	2	242193529	32.5	209.693529	-81.0701475	61.400000000000006	interior		
chr2	33500000	0.031155208358912	1.572858	0.156077993435648	0.0107399885922384	0.0018450184501845	mat	2	242193529	33.5	208.693529	-80.0701475	60.400000000000006	interior		
chr2	34500000	0.0271775017810079	1.802824	0.1447664871240316	-0.1251263373284002	0.0019680196801968	mat	2	242193529	34.5	207.693529	-79.0701475	59.400000000000006	interior		
chr2	35500000	0.0335330696849525	1.669267	0.16751761873981	0.0177687369895819	0.0019680196801968	mat	2	242193529	35.5	206.693529	-78.0701475	58.400000000000006	interior		
chr2	36500000	0.0233018568709569	1.926926	0.1317459474838276	-0.2317136711583385	0.0015375153751537	mat	2	242193529	36.5	205.693529	-77.0701475	57.400000000000006	interior		
chr2	37500000	0.034462567704302	1.859801	0.175046290817208	-0.0225971704663453	0.0015375153751537	mat	2	242193529	37.5	204.693529	-76.0701475	56.400000000000006	interior		
chr2	38500000	0.0320614022380507	1.306206	0.1543697289522028	0.1174158326961938	0.001230012300123	mat	2	242193529	38.5	203.693529	-75.0701475	55.400000000000006	interior		
chr2	39500000	0.0261242230567235	0.858199	0.121660872226894	0.2218375841996472	0.0011685116851168	mat	2	242193529	39.5	202.693529	-74.0701475	54.400000000000006	interior		
chr2	40500000	0.0185280428301448	0.944784	0.0930078513205792	0.0057389760185843	0.0011685116851168	mat	2	242193529	40.5	201.693529	-73.0701475	53.400000000000006	interior		
chr2	41500000	0.0264010545024263	1.232246	0.1302491380097052	0.0499379999674051	0.0014760147601476	mat	2	242193529	41.5	200.693529	-72.0701475	52.400000000000006	interior		
chr2	42500000	0.0425340068015153	1.546327	0.2010625672060612	0.1731455248048801	0.0018450184501845	mat	2	242193529	42.5	199.693529	-71.0701475	51.400000000000006	interior		
chr2	43500000	0.0525563395227515	1.541599	0.241057338091006	0.2749673931713499	0.0021525215252152	mat	2	242193529	43.5	198.693529	-70.0701475	50.400000000000006	interior		
chr2	44500000	0.0467898953458697	2.337771	0.2339150013834788	0.0159301886977307	0.0022140221402214	mat	2	242193529	44.5	197.693529	-69.0701475	49.400000000000006	interior		
chr2	45500000	0.0636664498452353	2.60635	0.3067927993809412	0.1150387977240493	0.0025830258302583	mat	2	242193529	45.5	196.693529	-68.0701475	48.400000000000006	interior		
chr2	46500000	0.0790668441456863	2.999294	0.3762532565827451	0.152457255381001	0.0029520295202952	mat	2	242193529	46.5	195.693529	-67.0701475	47.400000000000006	interior		
chr2	47500000	0.0856358280936971	2.116284	0.3848689923747884	0.3521691553273132	0.0031365313653136	mat	2	242193529	47.5	194.693529	-66.0701475	46.400000000000006	interior		
chr2	48500000	0.0553189979434081	1.350161	0.2482792117736324	0.3576103402303766	0.0023985239852398	mat	2	242193529	48.5	193.693529	-65.0701475	45.400000000000006	interior		
chr2	49500000	0.0322126581723078	0.74626	0.1437758326892312	0.3801347986119793	0.0019680196801968	mat	2	242193529	49.5	192.693529	-64.0701475	44.400000000000006	interior		
chr2	50500000	0.0167772808437271	0.615652	0.0794221633749084	0.1686204337220445	0.001230012300123	mat	2	242193529	50.5	191.693529	-63.0701475	43.400000000000006	interior		
chr2	51500000	0.0178723629962372	0.695871	0.0854068719849488	0.1397005227972701	0.0015375153751537	mat	2	242193529	51.5	190.693529	-62.0701475	42.400000000000006	interior		
chr2	52500000	0.0223330553302748	0.930056	0.1079333413210992	0.1065797115398576	0.0014760147601476	mat	2	242193529	52.5	189.693529	-61.0701475	41.400000000000006	interior		
chr2	53500000	0.0314652725817476	0.889004	0.1436411703269904	0.2921962668676698	0.0017220172201722	mat	2	242193529	53.5	188.693529	-60.0701475	40.400000000000006	interior		
chr2	54500000	0.0306954587297002	0.809052	0.1389628749188008	0.3236333773581543	0.0013530135301353	mat	2	242193529	54.5	187.693529	-59.0701475	39.400000000000006	interior		
chr2	55500000	0.0222566311064499	0.603657	0.1010996644257996	0.3107645041347391	0.0010455104551045	mat	2	242193529	55.5	186.693529	-58.0701475	38.400000000000006	interior		
chr2	56500000	0.012203300101842	0.46332	0.058079600407368	0.1520308916191463	0.0006765067650676	mat	2	242193529	56.5	185.693529	-57.0701475	37.400000000000006	interior		
chr2	57500000	0.0130811014899948	0.37788	0.0598820059599791	0.2820155540748668	0.0007995079950799	mat	2	242193529	57.5	184.693529	-56.0701475	36.400000000000006	interior		
chr2	58500000	0.0231008743945666	0.454676	0.1014970175782664	0.4476177988505854	0.001230012300123	mat	2	242193529	58.5	183.693529	-55.0701475	35.400000000000006	interior		
chr2	59500000	0.0312608212157781	0.838561	0.1418145048631124	0.3157448170505023	0.001230012300123	mat	2	242193529	59.5	182.693529	-54.0701475	34.400000000000006	interior		
chr2	60500000	0.0281554753089839	0.830449	0.1292308812359356	0.2724072229611902	0.001230012300123	mat	2	242193529	60.5	181.693529	-53.0701475	33.400000000000006	interior		
chr2	61500000	0.0350255919747932	0.889669	0.1578957478991728	0.3400855395247761	0.0009840098400984	mat	2	242193529	61.5	180.693529	-52.0701475	32.400000000000006	interior		
chr2	62500000	0.0375089976843448	0.479288	0.1596217507373792	0.6029148109611749	0.0011070110701107	mat	2	242193529	62.5	179.693529	-51.0701475	31.400000000000006	interior		
chr2	63500000	0.0378067287343652	1.179853	0.1748239749374608	0.2460890731341498	0.0009840098400984	mat	2	242193529	63.5	178.693529	-50.0701475	30.400000000000006	interior		
chr2	64500000	0.0262428616696195	1.386181	0.132695066678478	-0.0118818169214721	0.0010455104551045	mat	2	242193529	64.5	177.693529	-49.0701475	29.400000000000006	interior		
chr2	65500000	0.0305410243489356	1.952336	0.1612108173957424	-0.106871336352198	0.0011685116851168	mat	2	242193529	65.5	176.693529	-48.0701475	28.400000000000006	interior		
chr2	66500000	0.0269542991822357	1.725536	0.1423279167289428	-0.1075826398734716	0.0012915129151291	mat	2	242193529	66.5	175.693529	-47.0701475	27.400000000000006	interior		
chr2	67500000	0.0212254836491231	1.738388	0.1196696945964924	-0.227148722655972	0.0009225092250922	mat	2	242193529	67.5	174.693529	-46.0701475	26.400000000000006	interior		
chr2	68500000	0.0198649299955264	1.569035	0.1108404199821056	-0.2098893549204243	0.0008610086100861	mat	2	242193529	68.5	173.693529	-45.0701475	25.400000000000006	interior		
chr2	69500000	0.0159923495028024	1.652638	0.0970221580112096	-0.3340982029158392	0.0006765067650676	mat	2	242193529	69.5	172.693529	-44.0701475	24.400000000000006	interior		
chr2	70500000	0.0360327925743974	1.926032	0.1826518102975896	-0.017817505835915	0.0011685116851168	mat	2	242193529	70.5	171.693529	-43.0701475	23.400000000000006	interior		
chr2	71500000	0.0417437214860458	1.822591	0.2034267059441832	0.083149403035721	0.001230012300123	mat	2	242193529	71.5	170.693529	-42.0701475	22.400000000000006	interior		
chr2	72500000	0.042283825724133	1.498309	0.199101482896532	0.1855558790436262	0.0010455104551045	mat	2	242193529	72.5	169.693529	-41.0701475	21.400000000000006	interior		
chr2	73500000	0.0224421190473364	1.197538	0.1137192361893456	-0.0169656513110783	0.0005535055350553	mat	2	242193529	73.5	168.693529	-40.0701475	20.400000000000006	interior		
chr2	74500000	0.0154035772624582	1.567697	0.0929682490498328	-0.327305159764914	0.0004920049200492	mat	2	242193529	74.5	167.693529	-39.0701475	19.400000000000006	interior		
chr2	75500000	0.0225767965951378	1.673471	0.1237766063805512	-0.1793313730147762	0.0010455104551045	mat	2	242193529	75.5	166.693529	-38.0701475	18.400000000000006	interior		
chr2	76500000	0.0196067031497472	1.819969	0.1148261925989888	-0.2856075595713124	0.0010455104551045	mat	2	242193529	76.5	165.693529	-37.0701475	17.400000000000006	interior		
chr2	77500000	0.0173636214395552	1.621156	0.1018776057582208	-0.288275307595861	0.0010455104551045	mat	2	242193529	77.5	164.693529	-36.0701475	16.400000000000006	interior		
chr2	78500000	0.0127400858534232	1.986644	0.0906932234136927	-0.5028772272249479	0.0006765067650676	mat	2	242193529	78.5	163.693529	-35.0701475	15.400000000000006	interior		
chr2	79500000	0.0155610083005215	1.702371	0.096291453202086	-0.3591676764587201	0.0007995079950799	mat	2	242193529	79.5	162.693529	-34.0701475	14.400000000000006	interior		
chr2	80500000	0.0135331619918821	1.385298	0.0818386079675284	-0.329876103338741	0.0006765067650676	mat	2	242193529	80.5	161.693529	-33.0701475	13.400000000000006	interior		
chr2	81500000	0.0101589954185638	0.641268	0.0534613416742552	-0.1006277263926728	0.0004920049200492	mat	2	242193529	81.5	160.693529	-32.0701475	12.400000000000006	interior		
chr2	82500000	0.0098066094802481	0.360323	0.0464328979209924	0.1679946630442572	0.0003690036900369	mat	2	242193529	82.5	159.693529	-31.0701475	11.400000000000006	interior		
chr2	83500000	0.0101639345815464	0.490007	0.0504558783261856	0.0337746223771101	0.0001845018450184	mat	2	242193529	83.5	158.693529	-30.0701475	10.400000000000006	interior		
chr2	84500000	0.0184926094766475	1.259818	0.09916679790659	-0.1382109196664147	0.0005535055350553	mat	2	242193529	84.5	157.693529	-29.0701475	9.400000000000006	other		
chr2	85500000	0.0185171529830285	1.325883	0.100586271932114	-0.1625392219681082	0.0006765067650676	mat	2	242193529	85.5	156.693529	-28.0701475	8.400000000000006	other		
chr2	86500000	0.0244381596732093	1.710748	0.1319675986928372	-0.1515197946960507	0.0006765067650676	mat	2	242193529	86.5	155.693529	-27.0701475	7.400000000000006	other		
chr2	87500000	0.0166976638538888	1.336138	0.0935134154155552	-0.2160990427791264	0.0003690036900369	mat	2	242193529	87.5	154.693529	-26.0701475	6.400000000000006	other		
chr2	88500000	0.0199191676531619	1.212378	0.1039242306126476	-0.0825653803393372	0.0001230012300123	mat	2	242193529	88.5	153.693529	-25.0701475	5.400000000000006	other		
chr2	89500000	0.0199461210815457	0.54584	0.0907012843261828	0.306727380200443	0.0001230012300123	mat	2	242193529	89.5	152.693529	-24.0701475	4.400000000000006	other		
chr2	90500000	0.0286802153462905	0.087675	0.116474361385162	0.8880998972274033	0.0	mat	2	242193529	90.5	151.693529	-23.0701475	3.4000000000000057	other		
chr2	91500000	0.0286802153462905	0.022692	0.115174701385162	0.9697850860281472	0.0	mat	2	242193529	91.5	150.693529	-22.0701475	2.4000000000000057	other		
chr2	92500000	0.0286802153462905	0.008345	0.114887761385162	0.988781285195524	0.0	mat	2	242193529	92.5	149.693529	-21.0701475	1.4000000000000057	other		
chr2	93500000	0.0272008002947008	0.023177	0.1092667411788032	0.9674985961443104	0.0	mat	2	242193529	93.5	148.693529	-20.0701475	0.4000000000000057	other		
chr2	94500000	0.0428184271799705	0.068769	0.172649088719882	0.9396068263091262	0.0001230012300123	mat	2	242193529	94.5	147.693529	-19.0701475	0.5999999999999943	fusion_2a	19.0	
chr2	95500000	0.0398940561284575	0.210294	0.16378210451383	0.8145604834440118	0.0003075030750307	mat	2	242193529	95.5	146.693529	-18.0701475	1.5999999999999943	fusion_2a	18.0	
chr2	96500000	0.0387267439865401	0.227485	0.1594566759461604	0.7955228145171235	0.0003690036900369	mat	2	242193529	96.5	145.693529	-17.0701475	2.5999999999999943	fusion_2a	17.0	
chr2	97500000	0.0267527168255832	0.505731	0.1171254873023328	0.4636022914758542	0.0006150061500615	mat	2	242193529	97.5	144.693529	-16.0701475	3.5999999999999943	fusion_2a	16.0	
chr2	98500000	0.0244240186576103	0.485188	0.1073998346304412	0.4439098918492728	0.0006765067650676	mat	2	242193529	98.5	143.693529	-15.0701475	4.599999999999994	fusion_2a	15.0	
chr2	99500000	0.0175474913106595	0.927048	0.088730925242638	-0.0119721053431479	0.0006765067650676	mat	2	242193529	99.5	142.693529	-14.0701475	5.599999999999994	fusion_2a	14.0	
chr2	100500000	0.0140540475564619	0.892885	0.0740738902258476	-0.1038236983105055	0.0006150061500615	mat	2	242193529	100.5	141.693529	-13.0701475	6.599999999999994	fusion_2a	13.0	
chr2	101500000	0.0124189870702045	1.137942	0.072434788280818	-0.2796483674851327	0.0004920049200492	mat	2	242193529	101.5	140.693529	-12.0701475	7.599999999999994	fusion_2a	12.0	
chr2	102500000	0.0171006086218389	0.820147	0.0848053744873555	0.0363736745622955	0.0005535055350553	mat	2	242193529	102.5	139.693529	-11.0701475	8.599999999999994	fusion_2a	11.0	
chr2	103500000	0.0171409031149326	1.003943	0.0886424724597304	-0.063451603661093	0.000430504305043	mat	2	242193529	103.5	138.693529	-10.0701475	9.599999999999994	fusion_2a	10.0	
chr2	104500000	0.0142340310073783	1.505701	0.0870501440295132	-0.3444339146164709	0.000430504305043	mat	2	242193529	104.5	137.693529	-9.0701475	10.599999999999994	fusion_2a	9.0	
chr2	105500000	0.010624205273934	1.702405	0.0765449210957359	-0.5129733764185327	0.0003690036900369	mat	2	242193529	105.5	136.693529	-8.0701475	11.599999999999994	fusion_2a	8.0	
chr2	106500000	0.011119254632814	1.496645	0.074409918531256	-0.4459047649957622	0.0003690036900369	mat	2	242193529	106.5	135.693529	-7.0701475	12.599999999999994	fusion_2a	7.0	
chr2	107500000	0.013989069940171	0.885349	0.073663259760684	-0.1019231548124889	0.000430504305043	mat	2	242193529	107.5	134.693529	-6.0701475	13.599999999999994	fusion_2a	6.0	
chr2	108500000	0.0256939067528894	1.064896	0.1240735470115576	0.1089510318922833	0.0007380073800738	mat	2	242193529	108.5	133.693529	-5.0701475	14.599999999999994	fusion_2a	5.0	
chr2	109500000	0.0355552821603309	0.950628	0.1612336886413236	0.3172239889522402	0.0006765067650676	mat	2	242193529	109.5	132.693529	-4.0701475	15.599999999999994	fusion_2a	4.0	
chr2	110500000	0.0408308270964353	1.482828	0.1929798683857412	0.1736619220841816	0.0005535055350553	mat	2	242193529	110.5	131.693529	-3.0701475	16.599999999999994	fusion_2a	3.0	
chr2	111500000	0.0220174773013303	1.222251	0.1125149292053212	-0.0367154707949333	0.0001845018450184	mat	2	242193529	111.5	130.693529	-2.0701475	17.599999999999994	fusion_2a	2.0	
chr2	112500000	0.0124658780779454	1.515928	0.0801820723117816	-0.4043342417547303	0.0001230012300123	mat	2	242193529	112.5	129.693529	-1.0701475	18.599999999999994	fusion_2a	1.0	
chr2	113500000	0.0192732747822373	1.128843	0.0996699591289492	-0.0634546712189129	0.0004920049200492	mat	2	242193529	113.5	128.693529	-0.0701475	19.599999999999994	fusion_2a	0.0	
chr2	114500000	0.0210632643090216	0.969601	0.1036450772360864	0.0568361027864804	0.0006765067650676	mat	2	242193529	114.5	127.693529	0.9298525	20.599999999999994	fusion_2b	0.0	
chr2	115500000	0.0213674108032018	0.64004	0.0982704432128072	0.2652455922795627	0.0007995079950799	mat	2	242193529	115.5	126.693529	1.9298525	21.599999999999994	fusion_2b	1.0	
chr2	116500000	0.0122495615759996	0.385573	0.0567097063039983	0.2420535317644516	0.0006765067650676	mat	2	242193529	116.5	125.693529	2.9298525	22.599999999999994	fusion_2b	2.0	
chr2	117500000	0.0121440460873088	0.54925	0.0595611843492352	0.0656227076720944	0.0007380073800738	mat	2	242193529	117.5	124.693529	3.9298525	23.599999999999994	fusion_2b	3.0	
chr2	118500000	0.0148206658741996	0.84559	0.0761944634967984	-0.0503888205989642	0.0007380073800738	mat	2	242193529	118.5	123.693529	4.9298525	24.599999999999994	fusion_2b	4.0	
chr2	119500000	0.0149700370853019	1.879724	0.0974746283412076	-0.4176484963417119	0.0006150061500615	mat	2	242193529	119.5	122.693529	5.9298525	25.599999999999994	fusion_2b	5.0	
chr2	120500000	0.0153214276948448	2.231982	0.1059253507793792	-0.4770220514247098	0.0004920049200492	mat	2	242193529	120.5	121.693529	6.9298525	26.599999999999994	fusion_2b	6.0	
chr2	121500000	0.0105141696660896	2.120212	0.0844609186643584	-0.5926229848819863	0.0004920049200492	mat	2	242193529	121.5	120.693529	7.9298525	27.599999999999994	fusion_2b	7.0	
chr2	122500000	0.0096731896929894	1.13226	0.0613379587719576	-0.3882450199333713	0.000430504305043	mat	2	242193529	122.5	119.693529	8.9298525	28.599999999999994	fusion_2b	8.0	
chr2	123500000	0.0067552484941402	0.654819	0.0401173739765608	-0.3053825286842815	0.0003690036900369	mat	2	242193529	123.5	118.693529	9.9298525	29.599999999999994	fusion_2b	9.0	
chr2	124500000	0.0053197883912447	0.425216	0.0297834735649787	-0.2155717695062281	0.0002460024600246	mat	2	242193529	124.5	117.693529	10.9298525	30.599999999999994	fusion_2b	10.0	
chr2	125500000	0.0095716038262385	0.627128	0.050828975304954	-0.1190334241558849	0.0005535055350553	mat	2	242193529	125.5	116.693529	11.9298525	31.599999999999994	fusion_2b	11.0	
chr2	126500000	0.0104107627511888	0.885327	0.0593495910047551	-0.2449035856247701	0.0006150061500615	mat	2	242193529	126.5	115.693529	12.9298525	32.599999999999994	fusion_2b	12.0	
chr2	127500000	0.0246761623469077	1.421251	0.1271296693876308	-0.0550971770387093	0.0011070110701107	mat	2	242193529	127.5	114.693529	13.9298525	33.599999999999994	fusion_2b	13.0	
chr2	128500000	0.0213948156529705	1.484192	0.115263102611882	-0.1470893246004689	0.0007380073800738	mat	2	242193529	128.5	113.693529	14.9298525	34.599999999999994	fusion_2b	14.0	
chr2	129500000	0.03015925931362	1.452301	0.14968305725448	0.034354727256106	0.0007380073800738	mat	2	242193529	129.5	112.693529	15.9298525	35.599999999999994	fusion_2b	15.0	
chr2	130500000	0.0210211056415215	1.160274	0.107289902566086	-0.0338548091791725	0.0002460024600246	mat	2	242193529	130.5	111.693529	16.9298525	36.599999999999994	fusion_2b	16.0	
chr2	131500000	0.0279063033003935	1.549321	0.142611633201574	-0.0367686501573855	0.0005535055350553	mat	2	242193529	131.5	110.693529	17.9298525	37.599999999999994	fusion_2b	17.0	
chr2	132500000	0.0328579228450882	1.840089	0.1682334713803528	-0.0410905132332868	0.0010455104551045	mat	2	242193529	132.5	109.693529	18.9298525	38.599999999999994	fusion_2b	18.0	
chr2	133500000	0.0253294568702458	1.996365	0.1412451274809832	-0.2088639148439922	0.0011070110701107	mat	2	242193529	133.5	108.693529	19.9298525	39.599999999999994	fusion_2b	19.0	
chr2	134500000	0.0249137839215486	1.181309	0.1232813156861944	0.0420710479462832	0.0007380073800738	mat	2	242193529	134.5	107.693529	20.9298525	40.599999999999994	interior		
chr2	135500000	0.0190797793291504	0.775867	0.0918364573166016	0.1183413576167961	0.0003690036900369	mat	2	242193529	135.5	106.693529	21.9298525	41.599999999999994	interior		
chr2	136500000	0.0251340260951575	0.577458	0.11208526438063	0.3836801046852539	0.0005535055350553	mat	2	242193529	136.5	105.693529	22.9298525	42.599999999999994	interior		
chr2	137500000	0.0243311757321218	0.745913	0.1122429629284872	0.2544351275521698	0.0008610086100861	mat	2	242193529	137.5	104.693529	23.9298525	43.599999999999994	interior		
chr2	138500000	0.019748815202127	0.644926	0.0918937808085079	0.2246552630850495	0.0007380073800738	mat	2	242193529	138.5	103.693529	24.9298525	44.599999999999994	interior		
chr2	139500000	0.0082714798252848	0.673597	0.0465578593011392	-0.2244476234671466	0.000430504305043	mat	2	242193529	139.5	102.693529	25.9298525	45.599999999999994	interior		
chr2	140500000	0.0098876958736311	0.884042	0.0572316234945244	-0.268301080466244	0.0006150061500615	mat	2	242193529	140.5	101.693529	26.9298525	46.599999999999994	interior		
chr2	141500000	0.0135108524646364	1.037415	0.0747917098585456	-0.1963396137025315	0.0006765067650676	mat	2	242193529	141.5	100.693529	27.9298525	47.599999999999994	interior		
chr2	142500000	0.0208838822262538	1.167212	0.1068797689050152	-0.0401017861803534	0.0010455104551045	mat	2	242193529	142.5	99.693529	28.9298525	48.599999999999994	interior		
chr2	143500000	0.0185948098066071	0.93521	0.0930834392264284	0.0126295239863204	0.0007380073800738	mat	2	242193529	143.5	98.693529	29.9298525	49.599999999999994	interior		
chr2	144500000	0.0175986997087798	0.830321	0.0870012188351192	0.0445513099554712	0.0007380073800738	mat	2	242193529	144.5	97.693529	30.9298525	50.599999999999994	interior		
chr2	145500000	0.014536689451248	0.501352	0.068173797804992	0.1985841586734253	0.0004920049200492	mat	2	242193529	145.5	96.693529	31.9298525	51.599999999999994	interior		
chr2	146500000	0.0129648716060445	0.481031	0.061480106424178	0.1632563477172451	0.0003690036900369	mat	2	242193529	146.5	95.693529	32.9298525	52.599999999999994	interior		
chr2	147500000	0.0112045373138192	0.548918	0.0557965092552768	0.0257536743350383	0.0002460024600246	mat	2	242193529	147.5	94.693529	33.9298525	53.599999999999994	interior		
chr2	148500000	0.0122722767999544	0.776474	0.0646185871998176	-0.1017820080375188	0.0003075030750307	mat	2	242193529	148.5	93.693529	34.9298525	54.599999999999994	interior		
chr2	149500000	0.0180653491964553	1.146708	0.0951955567858212	-0.1033822166891889	0.0005535055350553	mat	2	242193529	149.5	92.693529	35.9298525	55.599999999999994	interior		
chr2	150500000	0.0221229290461311	1.04825	0.1094567161845243	0.0424176289464626	0.0007380073800738	mat	2	242193529	150.5	91.693529	36.9298525	56.599999999999994	interior		
chr2	151500000	0.0231243059445928	0.952877	0.1115547637783712	0.1118043330627008	0.0007995079950799	mat	2	242193529	151.5	90.693529	37.9298525	57.599999999999994	interior		
chr2	152500000	0.023703777414385	0.84393	0.11169370965754	0.1832629228803623	0.0007995079950799	mat	2	242193529	152.5	89.693529	38.9298525	58.599999999999994	interior		
chr2	153500000	0.0191961125522452	1.080555	0.0983955502089807	-0.0436588762528477	0.0007380073800738	mat	2	242193529	153.5	88.693529	39.9298525	59.599999999999994	interior		
chr2	154500000	0.0193120071255356	0.937676	0.0960015485021423	0.0302265668586061	0.0006765067650676	mat	2	242193529	154.5	87.693529	40.9298525	60.599999999999994	interior		
chr2	155500000	0.0157775770215406	0.746154	0.0780333880861624	0.0433761343114272	0.0006765067650676	mat	2	242193529	155.5	86.693529	41.9298525	61.599999999999994	interior		
chr2	156500000	0.0247077558534132	0.802891	0.1148888434136528	0.2269994458941779	0.0007995079950799	mat	2	242193529	156.5	85.693529	42.9298525	62.599999999999994	interior		
chr2	157500000	0.0251037254128883	1.101506	0.1224450216515532	0.0806900115291252	0.0008610086100861	mat	2	242193529	157.5	84.693529	43.9298525	63.599999999999994	interior		
chr2	158500000	0.0198015635087114	1.120635	0.1016189540348456	-0.0463372296959516	0.0006150061500615	mat	2	242193529	158.5	83.693529	44.9298525	64.6	interior		
chr2	159500000	0.0123289105013432	0.804532	0.0654062820053728	-0.1170434945198375	0.0006150061500615	mat	2	242193529	159.5	82.693529	45.9298525	65.6	interior		
chr2	160500000	0.0116914340655267	0.487354	0.0565128162621067	0.1061064254661238	0.0005535055350553	mat	2	242193529	160.5	81.693529	46.9298525	66.6	interior		
chr2	161500000	0.0173874341941808	0.577107	0.0810918767767232	0.2169321894653257	0.0006150061500615	mat	2	242193529	161.5	80.693529	47.9298525	67.6	interior		
chr2	162500000	0.0224380107488627	0.749233	0.1047367029954507	0.2140649938729569	0.0004920049200492	mat	2	242193529	162.5	79.693529	48.9298525	68.6	interior		
chr2	163500000	0.0254075205878887	0.925346	0.1201370023515547	0.1722778522745211	0.0007995079950799	mat	2	242193529	163.5	78.693529	49.9298525	69.6	interior		
chr2	164500000	0.0195355855753176	0.719616	0.0925346623012704	0.166762295643249	0.0007380073800738	mat	2	242193529	164.5	77.693529	50.9298525	70.6	interior		
chr2	165500000	0.0171534265689697	0.573527	0.0800842462758788	0.2134382631534957	0.0007380073800738	mat	2	242193529	165.5	76.693529	51.9298525	71.6	interior		
chr2	166500000	0.0149131023601506	0.855328	0.0767589694406024	-0.0529982188266332	0.0004920049200492	mat	2	242193529	166.5	75.693529	52.9298525	72.6	interior		
chr2	167500000	0.0180798071823328	1.319959	0.0987184087293312	-0.1719793560556959	0.0007380073800738	mat	2	242193529	167.5	74.693529	53.9298525	73.6	interior		
chr2	168500000	0.0196881141863293	1.804511	0.1148426767453172	-0.2797772651824038	0.0009840098400984	mat	2	242193529	168.5	73.693529	54.9298525	74.6	interior		
chr2	169500000	0.02245083925529	2.380428	0.13741191702116	-0.3454600213610549	0.0014145141451414	mat	2	242193529	169.5	72.693529	55.9298525	75.6	interior		
chr2	170500000	0.0212828456426129	2.015885	0.1254490825704516	-0.2948607825318631	0.0012915129151291	mat	2	242193529	170.5	71.693529	56.9298525	76.6	interior		
chr2	171500000	0.0267140828475538	1.966335	0.1461830313902152	-0.175943415975308	0.0013530135301353	mat	2	242193529	171.5	70.693529	57.9298525	77.6	interior		
chr2	172500000	0.0330706673031949	1.883935	0.1699613692127796	-0.0496203416341314	0.0014145141451414	mat	2	242193529	172.5	69.693529	58.9298525	78.6	interior		
chr2	173500000	0.0360402359791128	2.278262	0.1897261839164511	-0.1013424945657105	0.0014145141451414	mat	2	242193529	173.5	68.693529	59.9298525	79.6	interior		
chr2	174500000	0.0289795465869319	1.979995	0.1555180863477276	-0.1396368215553201	0.0012915129151291	mat	2	242193529	174.5	67.693529	60.9298525	80.6	interior		
chr2	175500000	0.0309472778460591	1.713949	0.1580680913842364	-0.0355456714570794	0.0011685116851168	mat	2	242193529	175.5	66.693529	61.9298525	81.6	interior		
chr2	176500000	0.0218289013312603	1.239168	0.1120989653250412	-0.0478692010842496	0.0009840098400984	mat	2	242193529	176.5	65.693529	62.9298525	82.6	interior		
chr2	177500000	0.0184212635268704	1.08097	0.0953044541074816	-0.0643905104984001	0.0006765067650676	mat	2	242193529	177.5	64.693529	63.9298525	83.6	interior		
chr2	178500000	0.0127992158559021	0.855131	0.0682994834236083	-0.1286440976786894	0.0005535055350553	mat	2	242193529	178.5	63.693529	64.9298525	84.6	interior		
chr2	179500000	0.0173608024005434	0.99838	0.0894108096021736	-0.0543314651219876	0.0007995079950799	mat	2	242193529	179.5	62.693529	65.9298525	85.6	interior		
chr2	180500000	0.0219365161980102	1.159198	0.1109300247920408	-0.0120904189162396	0.0011685116851168	mat	2	242193529	180.5	61.693529	66.9298525	86.6	interior		
chr2	181500000	0.016049012896391	0.93743	0.082944651585564	-0.0620928883868708	0.0007380073800738	mat	2	242193529	181.5	60.693529	67.9298525	87.6	interior		
chr2	182500000	0.0159962926524228	1.086256	0.0857102906096912	-0.1366332051132835	0.0007995079950799	mat	2	242193529	182.5	59.693529	68.9298525	88.6	interior		
chr2	183500000	0.0104049576331208	0.914375	0.0599073305324832	-0.2602762371827982	0.000430504305043	mat	2	242193529	183.5	58.693529	69.9298525	89.6	interior		
chr2	184500000	0.0107362981356312	0.727302	0.0574912325425248	-0.1354437496997953	0.0004920049200492	mat	2	242193529	184.5	57.693529	70.9298525	90.6	interior		
chr2	185500000	0.0099674250508993	0.361757	0.0471048402035972	0.1739618572376509	0.0003075030750307	mat	2	242193529	185.5	56.693529	71.9298525	91.6	interior		
chr2	186500000	0.007929583493503	0.368312	0.0390845739740119	0.0523616178020549	0.0003075030750307	mat	2	242193529	186.5	55.693529	72.9298525	92.6	interior		
chr2	187500000	0.0080289185371282	0.36286	0.0393728741485128	0.0659948149784402	0.0001845018450184	mat	2	242193529	187.5	54.693529	73.9298525	93.6	interior		
chr2	188500000	0.0097873543198958	0.532586	0.0498011372795832	-0.0267457274001278	0.0002460024600246	mat	2	242193529	188.5	53.693529	74.9298525	94.6	interior		
chr2	189500000	0.0178574696362892	0.711545	0.0856607785451568	0.1283541898439432	0.0006765067650676	mat	2	242193529	189.5	52.693529	75.9298525	95.6	interior		
chr2	190500000	0.0206761351459108	1.505253	0.1128096005836432	-0.1706087194475201	0.0007995079950799	mat	2	242193529	190.5	51.693529	76.9298525	96.6	interior		
chr2	191500000	0.0193277385747852	1.825172	0.1138143942991408	-0.2934796289518691	0.0006765067650676	mat	2	242193529	191.5	50.693529	77.9298525	97.6	interior		
chr2	192500000	0.012409030321751	1.516683	0.079969781287004	-0.406452052187092	0.0001845018450184	mat	2	242193529	192.5	49.693529	78.9298525	98.6	interior		
chr2	193500000	0.021690088130753	0.814786	0.103056072523012	0.1572243771049079	0.0003075030750307	mat	2	242193529	193.5	48.693529	79.9298525	99.6	interior		
chr2	194500000	0.0221164818828789	0.489044	0.0982468075315156	0.3998831439179044	0.000430504305043	mat	2	242193529	194.5	47.693529	80.9298525	100.6	interior		
chr2	195500000	0.0361739532465894	0.688908	0.1584739729863576	0.4606927315351367	0.0006765067650676	mat	2	242193529	195.5	46.693529	81.9298525	101.6	interior		
chr2	196500000	0.0220375795533053	0.578337	0.0997170582132211	0.3255751243868307	0.0004920049200492	mat	2	242193529	196.5	45.693529	82.9298525	102.6	interior		
chr2	197500000	0.0217856707308125	0.701771	0.10117810292325	0.231143479910544	0.0005535055350553	mat	2	242193529	197.5	44.693529	83.9298525	103.6	interior		
chr2	198500000	0.01688917664004	0.61244	0.07980550656016	0.1743848427573192	0.0005535055350553	mat	2	242193529	198.5	43.693529	84.9298525	104.6	interior		
chr2	199500000	0.0224405197762124	0.813527	0.1060326191048496	0.1745143403358487	0.0008610086100861	mat	2	242193529	199.5	42.693529	85.9298525	105.6	interior		
chr2	200500000	0.0243887796348046	1.017181	0.1178987385392184	0.1058429860374481	0.0009840098400984	mat	2	242193529	200.5	41.693529	86.9298525	106.6	interior		
chr2	201500000	0.0237864282217469	0.948442	0.1141145528869876	0.1280155035914202	0.0009840098400984	mat	2	242193529	201.5	40.693529	87.9298525	107.6	interior		
chr2	202500000	0.0191638543447821	0.812468	0.0929047773791284	0.0977361925638243	0.0006765067650676	mat	2	242193529	202.5	39.693529	88.9298525	108.6	interior		
chr2	203500000	0.0155080495810002	0.905562	0.0801434383240008	-0.0619443549098415	0.0003690036900369	mat	2	242193529	203.5	38.693529	89.9298525	109.6	interior		
chr2	204500000	0.0223168579517414	1.817752	0.1256224718069656	-0.2245401715929879	0.0007380073800738	mat	2	242193529	204.5	37.693529	90.9298525	110.6	interior		
chr2	205500000	0.020574377946485	1.980793	0.12191337178594	-0.302281391877685	0.0007380073800738	mat	2	242193529	205.5	36.693529	91.9298525	111.6	interior		
chr2	206500000	0.031252102382533	1.798079	0.160969989530132	-0.0545650035342079	0.0011070110701107	mat	2	242193529	206.5	35.693529	92.9298525	112.6	interior		
chr2	207500000	0.022463293573101	1.100524	0.111863654292404	0.0257392467016797	0.0006765067650676	mat	2	242193529	207.5	34.693529	93.9298525	113.6	interior		
chr2	208500000	0.0217007087627952	0.939402	0.1055908750511808	0.0874016264915341	0.0006765067650676	mat	2	242193529	208.5	33.693529	94.9298525	114.6	interior		
chr2	209500000	0.0289202844069708	0.683625	0.1293536376278831	0.3714820801931239	0.0006765067650676	mat	2	242193529	209.5	32.693529	95.9298525	115.6	interior		
chr2	210500000	0.0228699510175041	1.2076	0.1156318040700163	-0.0117081332815967	0.0006765067650676	mat	2	242193529	210.5	31.693529	96.9298525	116.6	interior		
chr2	211500000	0.0210463509348848	1.421481	0.1126150237395392	-0.1339787884346729	0.0006765067650676	mat	2	242193529	211.5	30.693529	97.9298525	117.6	interior		
chr2	212500000	0.0141002596264053	1.347743	0.0833558985056212	-0.2990010405627979	0.0006765067650676	mat	2	242193529	212.5	29.693529	98.9298525	118.6	interior		
chr2	213500000	0.012411422389594	0.982637	0.0692984295583759	-0.2110182244973013	0.0005535055350553	mat	2	242193529	213.5	28.693529	99.9298525	119.6	interior		
chr2	214500000	0.0257892434468038	1.547112	0.1340992137872152	-0.0753761433794442	0.0009840098400984	mat	2	242193529	214.5	27.693529	100.9298525	120.6	interior		
chr2	215500000	0.0288191443719641	2.361556	0.1625076974878564	-0.2273977083033183	0.0009840098400984	mat	2	242193529	215.5	26.693529	101.9298525	121.6	interior		
chr2	216500000	0.0513554961333627	2.979428	0.2650105445334508	-0.0587152151698672	0.0019680196801968	mat	2	242193529	216.5	25.693529	102.9298525	122.6	interior		
chr2	217500000	0.0473327973859716	2.624747	0.2418261295438863	-0.0361778781387696	0.0017835178351783	mat	2	242193529	217.5	24.693529	103.9298525	123.6	interior		
chr2	218500000	0.0462403718823091	2.757282	0.2401071275292364	-0.0723724591564975	0.0015990159901599	mat	2	242193529	218.5	23.693529	104.9298525	124.6	interior		
chr2	219500000	0.0324809403355978	2.482615	0.1795760613423912	-0.1941369919159684	0.0008610086100861	mat	2	242193529	219.5	22.693529	105.9298525	125.6	interior		
chr2	220500000	0.0291365659891532	2.64788	0.1695038639566128	-0.275851065448334	0.0007995079950799	mat	2	242193529	220.5	21.693529	106.9298525	126.6	interior		
chr2	221500000	0.0197019403575305	2.070978	0.1202273214301219	-0.3416461768913987	0.0006150061500615	mat	2	242193529	221.5	20.693529	107.9298525	127.6	interior		
chr2	222500000	0.0113641849664241	1.656664	0.0785900198656964	-0.4772929710857213	0.000430504305043	mat	2	242193529	222.5	19.693529	108.9298525	128.6	end_q	19.0	chr2q
chr2	223500000	0.007631529097301	1.219163	0.054909376389204	-0.5118559043447987	0.0003075030750307	mat	2	242193529	223.5	18.693529	109.9298525	129.6	end_q	18.0	chr2q
chr2	224500000	0.0068616287013093	0.903206	0.0455106348052372	-0.4369286283318528	0.0003075030750307	mat	2	242193529	224.5	17.693529	110.9298525	130.6	end_q	17.0	chr2q
chr2	225500000	0.0122865452674818	0.979929	0.0687447610699272	-0.214528167033894	0.0003690036900369	mat	2	242193529	225.5	16.693529	111.9298525	131.6	end_q	16.0	chr2q
chr2	226500000	0.0217061775557541	1.662988	0.1200844702230164	-0.1952723111198387	0.0007380073800738	mat	2	242193529	226.5	15.693529	112.9298525	132.6	end_q	15.0	chr2q
chr2	227500000	0.0285167975914149	1.720143	0.1484700503656596	-0.0781008221355816	0.0009225092250922	mat	2	242193529	227.5	14.693529	113.9298525	133.6	end_q	14.0	chr2q
chr2	228500000	0.0233812477591502	2.114702	0.1358190310366007	-0.2736387987457896	0.0008610086100861	mat	2	242193529	228.5	13.693529	114.9298525	134.6	end_q	13.0	chr2q
chr2	229500000	0.0241173500031232	2.109269	0.1386547800124928	-0.2580406195388065	0.0008610086100861	mat	2	242193529	229.5	12.693529	115.9298525	135.6	end_q	12.0	chr2q
chr2	230500000	0.0239150321087578	2.415494	0.1439700084350312	-0.3239029871215401	0.0007380073800738	mat	2	242193529	230.5	11.693529	116.9298525	136.6	end_q	11.0	chr2q
chr2	231500000	0.0375249534497907	2.200726	0.1941143337991628	-0.0641056943338431	0.0011070110701107	mat	2	242193529	231.5	10.693529	117.9298525	137.6	end_q	10.0	chr2q
chr2	232500000	0.0303126679932191	2.06723	0.1625952719728763	-0.1387247426636862	0.0009225092250922	mat	2	242193529	232.5	9.693529	118.9298525	138.6	end_q	9.0	chr2q
chr2	233500000	0.0256557636918145	3.079856	0.164220174767258	-0.3989171086013839	0.0014760147601476	mat	2	242193529	233.5	8.693529	119.9298525	139.6	end_q	8.0	chr2q
chr2	234500000	0.0205173299355438	3.136945	0.1448082197421752	-0.495476516603442	0.001660516605166	mat	2	242193529	234.5	7.693529	120.9298525	140.6	end_q	7.0	chr2q
chr2	235500000	0.0251952773950822	2.918664	0.1591543895803288	-0.383825008679979	0.0017220172201722	mat	2	242193529	235.5	6.693529	121.9298525	141.6	end_q	6.0	chr2q
chr2	236500000	0.0457846071433105	1.957925	0.222296928573242	0.0934547058336907	0.0019680196801968	mat	2	242193529	236.5	5.693529	122.9298525	142.6	end_q	5.0	chr2q
chr2	237500000	0.0430410924370361	1.613008	0.2044245297481444	0.1583795633577771	0.0015990159901599	mat	2	242193529	237.5	4.693529	123.9298525	143.6	end_q	4.0	chr2q
chr2	238500000	0.0562209312904266	1.298844	0.2508606051617064	0.3813206587999571	0.0023370233702337	mat	2	242193529	238.5	3.693529	124.9298525	144.6	end_q	3.0	chr2q
chr2	239500000	0.0669991198256155	0.866249	0.285321459302462	0.5991550821862675	0.0026445264452644	mat	2	242193529	239.5	2.693529	125.9298525	145.6	end_q	2.0	chr2q
chr2	240500000	0.0672159046639452	0.626087	0.2813853586557808	0.6940795030509678	0.0023985239852398	mat	2	242193529	240.5	1.693529	126.9298525	146.6	end_q	1.0	chr2q
chr2	241500000	0.0591838826495118	0.381114	0.2443578105980472	0.7780261821478572	0.0012915129151291	mat	2	242193529	241.5	0.693529	127.9298525	147.6	end_q	0.0	chr2q
chr20	500000	0.0424046950888218	0.444	0.1784987803552872	0.662519991198253	0.0015375153751537	mat	20	64444167	0.5	63.944167		27.6	end_p	0.0	chr20p
chr20	1500000	0.046052804985511	0.641708	0.197045379942044	0.5746260050857359	0.0022140221402214	mat	20	64444167	1.5	62.944167		26.6	end_p	1.0	chr20p
chr20	2500000	0.0536697204545689	0.684784	0.2283745618182756	0.6033812641967415	0.0023985239852398	mat	20	64444167	2.5	61.944167		25.6	end_p	2.0	chr20p
chr20	3500000	0.0561187597145471	1.592562	0.2563262788581883	0.2901773553766147	0.002460024600246	mat	20	64444167	3.5	60.944167		24.6	end_p	3.0	chr20p
chr20	4500000	0.0559922500863264	2.572017	0.2754093403453056	0.0578934848548122	0.0026445264452644	mat	20	64444167	4.5	59.944167		23.6	end_p	4.0	chr20p
chr20	5500000	0.0473135032980901	3.647129	0.2621965931923604	-0.1982164861206118	0.0023370233702337	mat	20	64444167	5.5	58.944167		22.6	end_p	5.0	chr20p
chr20	6500000	0.0358866872112426	3.269347	0.2089336888449703	-0.2769863927666027	0.001660516605166	mat	20	64444167	6.5	57.944167		21.6	end_p	6.0	chr20p
chr20	7500000	0.0207595950709557	2.646247	0.1359633202838228	-0.4238452563366889	0.0010455104551045	mat	20	64444167	7.5	56.944167		20.6	end_p	7.0	chr20p
chr20	8500000	0.0189148066670821	2.139265	0.1184445266683284	-0.3735666126593174	0.0011685116851168	mat	20	64444167	8.5	55.944167		19.6	end_p	8.0	chr20p
chr20	9500000	0.0223296874440168	2.688837	0.1430954897760672	-0.4002100265050405	0.0013530135301353	mat	20	64444167	9.5	54.944167		18.6	end_p	9.0	chr20p
chr20	10500000	0.0244417536976512	2.926231	0.1562916347906048	-0.3977845995254581	0.0012915129151291	mat	20	64444167	10.5	53.944167		17.6	end_p	10.0	chr20p
chr20	11500000	0.0303600314495735	3.084827	0.183136665798294	-0.326573120806914	0.0012915129151291	mat	20	64444167	11.5	52.944167		16.6	end_p	11.0	chr20p
chr20	12500000	0.0213789622609499	2.484254	0.1352009290437996	-0.3851440172167938	0.0011070110701107	mat	20	64444167	12.5	51.944167		15.600000000000001	end_p	12.0	chr20p
chr20	13500000	0.0198019802791836	1.707219	0.1133523011167344	-0.2513422267544204	0.0009840098400984	mat	20	64444167	13.5	50.944167		14.600000000000001	end_p	13.0	chr20p
chr20	14500000	0.0117899753133759	1.97363	0.0866325012535036	-0.5288991840272025	0.0006765067650676	mat	20	64444167	14.5	49.944167		13.600000000000001	end_p	14.0	chr20p
chr20	15500000	0.0093845100049975	2.343496	0.08440796001999	-0.6576122732237566	0.0006150061500615	mat	20	64444167	15.5	48.944167		12.600000000000001	end_p	15.0	chr20p
chr20	16500000	0.0168287869590745	3.157174	0.130458627836298	-0.5686979878444461	0.0010455104551045	mat	20	64444167	16.5	47.944167		11.600000000000001	end_p	16.0	chr20p
chr20	17500000	0.0204122071405227	2.76476	0.1369440285620907	-0.4484141302365963	0.0011070110701107	mat	20	64444167	17.5	46.944167		10.600000000000001	end_p	17.0	chr20p
chr20	18500000	0.0321051686675258	3.088306	0.1901867946701032	-0.301897416010144	0.0014145141451414	mat	20	64444167	18.5	45.944167		9.600000000000001	end_p	18.0	chr20p
chr20	19500000	0.0301205817547307	2.97741	0.1800305270189228	-0.3142243376294887	0.0011685116851168	mat	20	64444167	19.5	44.944167		8.600000000000001	end_p	19.0	chr20p
chr20	20500000	0.0240006232778086	2.393426	0.1438710131112344	-0.3181848144324081	0.0009225092250922	mat	20	64444167	20.5	43.944167		7.600000000000001	other		
chr20	21500000	0.0181000664936671	1.692628	0.1062528259746684	-0.2890107455212546	0.0007380073800738	mat	20	64444167	21.5	42.944167		6.600000000000001	other		
chr20	22500000	0.0104879552576478	1.457871	0.0711092410305912	-0.4587113316460558	0.0005535055350553	mat	20	64444167	22.5	41.944167		5.600000000000001	other		
chr20	23500000	0.0161377396420108	1.639699	0.0973449385680432	-0.3265657474161426	0.0007380073800738	mat	20	64444167	23.5	40.944167		4.600000000000001	other		
chr20	24500000	0.0174218689289186	1.150377	0.0926950157156744	-0.1228610245775405	0.0004920049200492	mat	20	64444167	24.5	39.944167		3.6000000000000014	other		
chr20	25500000	0.0240738091513878	0.567081	0.1076368566055512	0.3729847071708748	0.000430504305043	mat	20	64444167	25.5	38.944167		2.6000000000000014	other		
chr20	26500000	0.0239439458511117	0.130573	0.0983872434044468	0.8087711420460523	0.0001230012300123	mat	20	64444167	26.5	37.944167		1.6000000000000014	other		
chr20	27500000	0.0286802153462905	0.038306	0.115486981385162	0.9495194453576816	0.0	mat	20	64444167	27.5	36.944167		0.6000000000000014	other		
chr20	28500000	0.0286802153462905	0.029775	0.115316361385162	0.960539987626553	0.0	mat	20	64444167	28.5	35.944167		0.3999999999999986	other		
chr20	29500000	0.0286802153462905	0.031001	0.115340881385162	0.9589485524556092	0.0	mat	20	64444167	29.5	34.944167		1.3999999999999986	other		
chr20	30500000	0.0280967662629769	0.19159	0.1162188650519076	0.7664736874318867	0.0003075030750307	mat	20	64444167	30.5	33.944167		2.3999999999999986	other		
chr20	31500000	0.0431671870435048	0.542901	0.1835267681740192	0.6079426518846999	0.0007995079950799	mat	20	64444167	31.5	32.944167		3.3999999999999986	other		
chr20	32500000	0.0579048271794401	1.074793	0.2531151687177604	0.4707498207461321	0.0013530135301353	mat	20	64444167	32.5	31.944167		4.399999999999999	other		
chr20	33500000	0.0565418551205334	0.964839	0.2454642004821335	0.5028283760767442	0.0011685116851168	mat	20	64444167	33.5	30.944167		5.399999999999999	other		
chr20	34500000	0.04665738197881	0.754415	0.20171782791524	0.5226790709019085	0.0009225092250922	mat	20	64444167	34.5	29.944167		6.399999999999999	other		
chr20	35500000	0.0317818145817841	0.482554	0.1367783383271364	0.5451647038160872	0.0005535055350553	mat	20	64444167	35.5	28.944167		7.399999999999999	other		
chr20	36500000	0.0349597532208051	0.964462	0.1591282528832204	0.3030621587255692	0.0007995079950799	mat	20	64444167	36.5	27.944167		8.399999999999999	other		
chr20	37500000	0.0444939742354421	1.657589	0.2111276769417684	0.1612713045516946	0.0012915129151291	mat	20	64444167	37.5	26.944167		9.399999999999999	other		
chr20	38500000	0.0481819747310123	1.648683	0.2257015589240492	0.2023684915280987	0.0015375153751537	mat	20	64444167	38.5	25.944167		10.399999999999999	interior		
chr20	39500000	0.0478262267293881	2.108226	0.2334694269175524	0.0783993021049714	0.0015990159901599	mat	20	64444167	39.5	24.944167		11.399999999999999	interior		
chr20	40500000	0.0329802218351681	1.573648	0.1633938473406724	0.0389329451591791	0.0011685116851168	mat	20	64444167	40.5	23.944167		12.399999999999999	interior		
chr20	41500000	0.031283494453508	2.27046	0.170543177814032	-0.1691087732883271	0.001230012300123	mat	20	64444167	41.5	22.944167		13.399999999999999	interior		
chr20	42500000	0.0267911605422627	2.218297	0.1515305821690508	-0.2323167810600175	0.0011070110701107	mat	20	64444167	42.5	21.944167		14.399999999999999	interior		
chr20	43500000	0.038691941348282	2.857962	0.211927005393128	-0.1776372222934436	0.0013530135301353	mat	20	64444167	43.5	20.944167		15.399999999999999	interior		
chr20	44500000	0.0273280657655339	2.318721	0.1556866830621356	-0.2438410095712182	0.0011685116851168	mat	20	64444167	44.5	19.944167		16.4	end_q	19.0	chr20q
chr20	45500000	0.0385276750734131	2.377642	0.2016635402936524	-0.0894297929349333	0.0017835178351783	mat	20	64444167	45.5	18.944167		17.4	end_q	18.0	chr20q
chr20	46500000	0.0324879263889417	2.382194	0.1775955855557668	-0.1740884589275799	0.0014145141451414	mat	20	64444167	46.5	17.944167		18.4	end_q	17.0	chr20q
chr20	47500000	0.0336495678222801	2.711457	0.1888274112891204	-0.2194194376350989	0.0014760147601476	mat	20	64444167	47.5	16.944167		19.4	end_q	16.0	chr20q
chr20	48500000	0.0187713075650892	2.085033	0.1167858902603568	-0.3657697701745232	0.0006765067650676	mat	20	64444167	48.5	15.944167		20.4	end_q	15.0	chr20q
chr20	49500000	0.0401543555040858	2.055988	0.2017371820163432	0.0036840434752369	0.0015375153751537	mat	20	64444167	49.5	14.944167		21.4	end_q	14.0	chr20q
chr20	50500000	0.0432753569277341	2.424796	0.2215973477109364	-0.0413615550623703	0.0019065190651906	mat	20	64444167	50.5	13.944167		22.4	end_q	13.0	chr20q
chr20	51500000	0.049331247037139	2.445123	0.246227448148556	0.0199253534424274	0.0022755227552275	mat	20	64444167	51.5	12.944167		23.4	end_q	12.0	chr20q
chr20	52500000	0.0387691857598287	2.738669	0.2098501230393147	-0.1559434186298067	0.0020295202952029	mat	20	64444167	52.5	11.944167		24.4	end_q	11.0	chr20q
chr20	53500000	0.0442315260988447	2.574544	0.2284169843953788	-0.0603470429623738	0.0020295202952029	mat	20	64444167	53.5	10.944167		25.4	end_q	10.0	chr20q
chr20	54500000	0.045800674659926	2.951659	0.242235878639704	-0.1108796464673196	0.0020910209102091	mat	20	64444167	54.5	9.944167		26.4	end_q	9.0	chr20q
chr20	55500000	0.0551087234234369	3.02631	0.2809610936937476	-0.0313109199144206	0.0022140221402214	mat	20	64444167	55.5	8.944167		27.4	end_q	8.0	chr20q
chr20	56500000	0.0554729042356906	3.201481	0.2859212369427624	-0.0561035793361803	0.0022755227552275	mat	20	64444167	56.5	7.944167		28.4	end_q	7.0	chr20q
chr20	57500000	0.0608112689564566	3.401583	0.3112767358258264	-0.040513851567996	0.002460024600246	mat	20	64444167	57.5	6.944167		29.4	end_q	6.0	chr20q
chr20	58500000	0.0624128860110725	2.99162	0.3094839440442899	0.0366587802085924	0.002460024600246	mat	20	64444167	58.5	5.944167		30.4	end_q	5.0	chr20q
chr20	59500000	0.0529021659884302	2.42925	0.2601936639537208	0.0580623360585723	0.0020910209102091	mat	20	64444167	59.5	4.944167		31.4	end_q	4.0	chr20q
chr20	60500000	0.0556972430632445	2.049243	0.263773832252978	0.1673382354588966	0.0022755227552275	mat	20	64444167	60.5	3.944167		32.4	end_q	3.0	chr20q
chr20	61500000	0.0583859097642689	1.383041	0.2612044590570755	0.3705770156409718	0.0022755227552275	mat	20	64444167	61.5	2.944167		33.4	end_q	2.0	chr20q
chr20	62500000	0.0722428234422121	0.93337	0.3076386937688484	0.5993871471356567	0.0026445264452644	mat	20	64444167	62.5	1.944167		34.4	end_q	1.0	chr20q
chr20	63500000	0.0649344510687767	0.411858	0.2679749642751068	0.780998074704638	0.0017220172201722	mat	20	64444167	63.5	0.944167		35.4	end_q	0.0	chr20q
chr21	500000	0.0286802153462905	0.0	0.114720861385162	1.0	0.0	mat	21	46709983	0.5	46.209983		11.5	other		
chr21	1500000	0.0286802153462905	0.0	0.114720861385162	1.0	0.0	mat	21	46709983	1.5	45.209983		10.5	other		
chr21	2500000	0.0286802153462905	0.0	0.114720861385162	1.0	0.0	mat	21	46709983	2.5	44.209983		9.5	other		
chr21	3500000	0.0286802153462905	0.0	0.114720861385162	1.0	0.0	mat	21	46709983	3.5	43.209983		8.5	other		
chr21	4500000	0.0286802153462905	0.0	0.114720861385162	1.0	0.0	mat	21	46709983	4.5	42.209983		7.5	other		
chr21	5500000	0.0286802153462905	0.0	0.114720861385162	1.0	0.0	mat	21	46709983	5.5	41.209983		6.5	other		
chr21	6500000	0.0286802153462905	0.0	0.114720861385162	1.0	0.0	mat	21	46709983	6.5	40.209983		5.5	other		
chr21	7500000	0.0286802153462905	0.0	0.114720861385162	1.0	0.0	mat	21	46709983	7.5	39.209983		4.5	other		
chr21	8500000	0.0286802153462905	0.0	0.114720861385162	1.0	0.0	mat	21	46709983	8.5	38.209983		3.5	other		
chr21	9500000	0.0286802153462905	0.0	0.114720861385162	1.0	0.0	mat	21	46709983	9.5	37.209983		2.5	other		
chr21	10500000	0.0286802153462905	0.0	0.114720861385162	1.0	0.0	mat	21	46709983	10.5	36.209983		1.5	other		
chr21	11500000	0.0286802153462905	0.0	0.114720861385162	1.0	0.0	mat	21	46709983	11.5	35.209983		0.5	other		
chr21	12500000	0.0286802153462905	0.0	0.114720861385162	1.0	0.0	mat	21	46709983	12.5	34.209983		0.5	other		
chr21	13500000	0.0380556639441391	3.810811	0.2284388757765564	-0.3200467486809725	0.0006765067650676	mat	21	46709983	13.5	33.209983		1.5	other		
chr21	14500000	0.0400051776550662	3.592047	0.2318616506202648	-0.2702743934452592	0.0011685116851168	mat	21	46709983	14.5	32.209983		2.5	other		
chr21	15500000	0.0375281255359998	4.192577	0.2339640421439992	-0.368266040755247	0.0014760147601476	mat	21	46709983	15.5	31.209983		3.5	other		
chr21	16500000	0.0196271804645487	4.277545	0.1640596218581947	-0.6172406364359244	0.0007995079950799	mat	21	46709983	16.5	30.209983		4.5	other		
chr21	17500000	0.0175963247360166	4.558708	0.1615594589440664	-0.6679196563866542	0.0009225092250922	mat	21	46709983	17.5	29.209983		5.5	other		
chr21	18500000	0.0136732789913342	3.679188	0.1282768759653368	-0.6782831676944621	0.0008610086100861	mat	21	46709983	18.5	28.209983		6.5	other		
chr21	19500000	0.0273074600547899	3.486868	0.1789672002191596	-0.4245464583250927	0.0017220172201722	mat	21	46709983	19.5	27.209983		7.5	other		
chr21	20500000	0.0309445083974005	3.020781	0.184193653589602	-0.3085690239076759	0.001660516605166	mat	21	46709983	20.5	26.209983		8.5	other		
chr21	21500000	0.0411125860924236	2.407676	0.2126038643696944	-0.0633918533834843	0.0018450184501845	mat	21	46709983	21.5	25.209983		9.5	other		
chr21	22500000	0.0272507658863176	1.824238	0.1454878235452704	-0.1296103395288482	0.0013530135301353	mat	21	46709983	22.5	24.209983		10.5	interior		
chr21	23500000	0.0214847081226533	1.517577	0.1162903724906131	-0.1559079356908302	0.0010455104551045	mat	21	46709983	23.5	23.209983		11.5	interior		
chr21	24500000	0.0174130959317837	1.578755	0.1012274837271347	-0.2747644897948426	0.0008610086100861	mat	21	46709983	24.5	22.209983		12.5	interior		
chr21	25500000	0.0246644009120293	2.015573	0.1389690636481171	-0.226098978950263	0.0009840098400984	mat	21	46709983	25.5	21.209983		13.5	interior		
chr21	26500000	0.0330329311947225	2.266549	0.1774627047788899	-0.141719473719265	0.0012915129151291	mat	21	46709983	26.5	20.209983		14.5	interior		
chr21	27500000	0.0330619609232128	2.248787	0.1772235836928511	-0.1374317334365817	0.0013530135301353	mat	21	46709983	27.5	19.209983		15.5	end_q	19.0	chr21q
chr21	28500000	0.0244916998742598	1.366849	0.1253037794970392	-0.0393696880661543	0.0010455104551045	mat	21	46709983	28.5	18.209983		16.5	end_q	18.0	chr21q
chr21	29500000	0.0170166083033428	0.722877	0.0825239732133712	0.0967463187317853	0.0007380073800738	mat	21	46709983	29.5	17.209983		17.5	end_q	17.0	chr21q
chr21	30500000	0.0321996976433386	1.035805	0.1495148905733543	0.2317953628047226	0.0011685116851168	mat	21	46709983	30.5	16.209983		18.5	end_q	16.0	chr21q
chr21	31500000	0.0345008205144257	1.346958	0.1649424420577028	0.1383706653822651	0.001230012300123	mat	21	46709983	31.5	15.209983		19.5	end_q	15.0	chr21q
chr21	32500000	0.0420192320693202	1.854177	0.2051604682772808	0.0778820589031787	0.0015375153751537	mat	21	46709983	32.5	14.209983		20.5	end_q	14.0	chr21q
chr21	33500000	0.0220384159789737	2.202371	0.1322010839158948	-0.3191288165531579	0.0011685116851168	mat	21	46709983	33.5	13.209983		21.5	end_q	13.0	chr21q
chr21	34500000	0.033880921554019	2.450653	0.184536746216076	-0.1674620774450333	0.0015990159901599	mat	21	46709983	34.5	12.209983		22.5	end_q	12.0	chr21q
chr21	35500000	0.0450992663235818	2.406391	0.2285248852943271	-0.0169325915373798	0.0019680196801968	mat	21	46709983	35.5	11.209983		23.5	end_q	11.0	chr21q
chr21	36500000	0.0440776120062874	1.971697	0.2157443880251496	0.0711053556021235	0.0017835178351783	mat	21	46709983	36.5	10.209983		24.5	end_q	10.0	chr21q
chr21	37500000	0.0354750122042902	1.856707	0.1790341888171608	-0.0072909735573349	0.0014760147601476	mat	21	46709983	37.5	9.209983		25.5	end_q	9.0	chr21q
chr21	38500000	0.0249177189031041	2.100729	0.1416854556124164	-0.2408307065713512	0.0011070110701107	mat	21	46709983	38.5	8.209983		26.5	end_q	8.0	chr21q
chr21	39500000	0.0368088445265596	2.765026	0.2025358981062384	-0.1857764761634799	0.001660516605166	mat	21	46709983	39.5	7.209983		27.5	end_q	7.0	chr21q
chr21	40500000	0.0407894808734607	3.670862	0.2365751634938428	-0.2713349322761404	0.0019680196801968	mat	21	46709983	40.5	6.209983		28.5	end_q	6.0	chr21q
chr21	41500000	0.0388154821073743	3.535944	0.2259808084294972	-0.2769574215534747	0.0020295202952029	mat	21	46709983	41.5	5.209983		29.5	end_q	5.0	chr21q
chr21	42500000	0.0359254848400086	2.680683	0.1973155993600344	-0.1825462807649607	0.0015375153751537	mat	21	46709983	42.5	4.209983		30.5	end_q	4.0	chr21q
chr21	43500000	0.0378864541867153	1.409312	0.1797320567468612	0.1620028608366438	0.0013530135301353	mat	21	46709983	43.5	3.209983		31.5	end_q	3.0	chr21q
chr21	44500000	0.0588099659485449	0.654447	0.2483288037941796	0.6450852075015399	0.0015990159901599	mat	21	46709983	44.5	2.209983		32.5	end_q	2.0	chr21q
chr21	45500000	0.0492643252202014	0.442198	0.2059012608808056	0.7035501071325354	0.0015375153751537	mat	21	46709983	45.5	1.209983		33.5	end_q	1.0	chr21q
chr21	46500000	0.0466170253990695	0.225013	0.190968361596278	0.8288585096951195	0.0010455104551045	mat	21	46709983	46.5	0.209983		34.5	end_q	0.0	chr21q
chr22	500000	0.0286802153462905	0.0	0.114720861385162	1.0	0.0	mat	22	50818468	0.5	50.318468		14.5	other		
chr22	1500000	0.0286802153462905	0.0	0.114720861385162	1.0	0.0	mat	22	50818468	1.5	49.318468		13.5	other		
chr22	2500000	0.0286802153462905	0.0	0.114720861385162	1.0	0.0	mat	22	50818468	2.5	48.318468		12.5	other		
chr22	3500000	0.0286802153462905	0.0	0.114720861385162	1.0	0.0	mat	22	50818468	3.5	47.318468		11.5	other		
chr22	4500000	0.0286802153462905	0.0	0.114720861385162	1.0	0.0	mat	22	50818468	4.5	46.318468		10.5	other		
chr22	5500000	0.0286802153462905	0.0	0.114720861385162	1.0	0.0	mat	22	50818468	5.5	45.318468		9.5	other		
chr22	6500000	0.0286802153462905	0.0	0.114720861385162	1.0	0.0	mat	22	50818468	6.5	44.318468		8.5	other		
chr22	7500000	0.0286802153462905	0.0	0.114720861385162	1.0	0.0	mat	22	50818468	7.5	43.318468		7.5	other		
chr22	8500000	0.0286802153462905	0.0	0.114720861385162	1.0	0.0	mat	22	50818468	8.5	42.318468		6.5	other		
chr22	9500000	0.0286802153462905	0.0	0.114720861385162	1.0	0.0	mat	22	50818468	9.5	41.318468		5.5	other		
chr22	10500000	0.0286802153462905	0.0	0.114720861385162	1.0	0.0	mat	22	50818468	10.5	40.318468		4.5	other		
chr22	11500000	0.0286802153462905	0.0	0.114720861385162	1.0	0.0	mat	22	50818468	11.5	39.318468		3.5	other		
chr22	12500000	0.0286802153462905	0.0	0.114720861385162	1.0	0.0	mat	22	50818468	12.5	38.318468		2.5	other		
chr22	13500000	0.0286802153462905	0.0	0.114720861385162	1.0	0.0	mat	22	50818468	13.5	37.318468		1.5	other		
chr22	14500000	0.0286802153462905	0.0	0.114720861385162	1.0	0.0	mat	22	50818468	14.5	36.318468		0.5	other		
chr22	15500000	0.0407668689922148	0.0	0.1630674759688592	1.0	0.0002460024600246	mat	22	50818468	15.5	35.318468		0.5	other		
chr22	16500000	0.0416408317929927	6.100337	0.2885700671719708	-0.4791917150556424	0.0007380073800738	mat	22	50818468	16.5	34.318468		1.5	other		
chr22	17500000	0.0492948104818291	4.318227	0.2835437819273164	-0.2587947298808389	0.0009840098400984	mat	22	50818468	17.5	33.318468		2.5	other		
chr22	18500000	0.0364907086357689	3.904173	0.2240462945430756	-0.3494326058215399	0.0010455104551045	mat	22	50818468	18.5	32.318468		3.5	other		
chr22	19500000	0.0264355150407845	3.285415	0.171450360163138	-0.4133919640324245	0.0008610086100861	mat	22	50818468	19.5	31.318468		4.5	other		
chr22	20500000	0.0214613421564642	2.925863	0.1443626286258568	-0.4510130143661443	0.0007995079950799	mat	22	50818468	20.5	30.318468		5.5	other		
chr22	21500000	0.0343051560263526	3.119672	0.1996140641054103	-0.2761590824371286	0.0007380073800738	mat	22	50818468	21.5	29.318468		6.5	other		
chr22	22500000	0.0454396009531762	2.722754	0.2362134838127048	-0.0747931451560274	0.0008610086100861	mat	22	50818468	22.5	28.318468		7.5	other		
chr22	23500000	0.0422019717549309	2.640259	0.2216130670197236	-0.0962096710520863	0.0007995079950799	mat	22	50818468	23.5	27.318468		8.5	other		
chr22	24500000	0.0408127393245598	2.582724	0.2149054372982392	-0.1018736999299221	0.0009225092250922	mat	22	50818468	24.5	26.318468		9.5	other		
chr22	25500000	0.0396892100805054	2.9035	0.2168268403220216	-0.172965403104952	0.0011685116851168	mat	22	50818468	25.5	25.318468		10.5	interior		
chr22	26500000	0.0425330461839903	4.462046	0.2593731047359612	-0.3407724265428115	0.0015990159901599	mat	22	50818468	26.5	24.318468		11.5	interior		
chr22	27500000	0.0358818324093966	3.304574	0.2096188096375864	-0.2819888063255031	0.0013530135301353	mat	22	50818468	27.5	23.318468		12.5	interior		
chr22	28500000	0.032542705223436	2.230557	0.1747819608937439	-0.1412023654282269	0.0010455104551045	mat	22	50818468	28.5	22.318468		13.5	interior		
chr22	29500000	0.0216707632257217	0.464764	0.0959783329028868	0.4126423344357121	0.0007380073800738	mat	22	50818468	29.5	21.318468		14.5	interior		
chr22	30500000	0.0218174088808487	0.551516	0.0982999555233948	0.3422096962058	0.0007380073800738	mat	22	50818468	30.5	20.318468		15.5	interior		
chr22	31500000	0.0223084350548838	1.091917	0.1110720802195352	0.0262058532970537	0.0008610086100861	mat	22	50818468	31.5	19.318468		16.5	end_q	19.0	chr22q
chr22	32500000	0.0262349960828246	1.420333	0.1333466443312984	-0.024196969631775	0.0010455104551045	mat	22	50818468	32.5	18.318468		17.5	end_q	18.0	chr22q
chr22	33500000	0.0253822330810246	1.432214	0.1301732123240984	-0.0448590423955476	0.0011070110701107	mat	22	50818468	33.5	17.318468		18.5	end_q	17.0	chr22q
chr22	34500000	0.0209514671999222	1.347326	0.1107523887996888	-0.1098150922201592	0.0008610086100861	mat	22	50818468	34.5	16.318468		19.5	end_q	16.0	chr22q
chr22	35500000	0.0357509615222611	2.696881	0.1969414660890444	-0.1878065212235912	0.0012915129151291	mat	22	50818468	35.5	15.318468		20.5	end_q	15.0	chr22q
chr22	36500000	0.0535524217716797	3.867172	0.2915531270867188	-0.1666649738315107	0.0017220172201722	mat	22	50818468	36.5	14.318468		21.5	end_q	14.0	chr22q
chr22	37500000	0.0587687665506996	3.791168	0.3108984262027984	-0.1113710299632265	0.0017220172201722	mat	22	50818468	37.5	13.318468		22.5	end_q	13.0	chr22q
chr22	38500000	0.0556845496554909	2.446146	0.2716611186219635	0.080119262939224	0.0012915129151291	mat	22	50818468	38.5	12.318468		23.5	end_q	12.0	chr22q
chr22	39500000	0.0385262553122969	1.191142	0.1779278612491875	0.2504666042870737	0.0007995079950799	mat	22	50818468	39.5	11.318468		24.5	end_q	11.0	chr22q
chr22	40500000	0.0329810922050364	0.637854	0.1446814488201456	0.4546028775916058	0.0006150061500615	mat	22	50818468	40.5	10.318468		25.5	end_q	10.0	chr22q
chr22	41500000	0.0366913582868893	0.3682	0.1541294331475572	0.6742700745637439	0.0008610086100861	mat	22	50818468	41.5	9.318468		26.5	end_q	9.0	chr22q
chr22	42500000	0.0625972977553807	1.09823	0.2723537910215228	0.492388230687775	0.0020295202952029	mat	22	50818468	42.5	8.318468		27.5	end_q	8.0	chr22q
chr22	43500000	0.0692146195031928	2.706653	0.3309915380127712	0.1375686771926258	0.0027675276752767	mat	22	50818468	43.5	7.318468		28.5	end_q	7.0	chr22q
chr22	44500000	0.082674369684571	3.394572	0.3985889187382839	0.1135707285338244	0.0030135301353013	mat	22	50818468	44.5	6.318468		29.5	end_q	6.0	chr22q
chr22	45500000	0.0804105007094026	3.430766	0.3902573228376104	0.0945937989432625	0.0026445264452644	mat	22	50818468	45.5	5.318468		30.5	end_q	5.0	chr22q
chr22	46500000	0.0873038813762878	2.566545	0.4005464255051512	0.2739357999268044	0.0028290282902829	mat	22	50818468	46.5	4.318468		31.5	end_q	4.0	chr22q
chr22	47500000	0.081460618147707	2.503763	0.375917732590828	0.2532282912254245	0.0034440344403444	mat	22	50818468	47.5	3.318468		32.5	end_q	3.0	chr22q
chr22	48500000	0.083277540544602	2.052181	0.374153782178408	0.3534096781925605	0.003690036900369	mat	22	50818468	48.5	2.318468		33.5	end_q	2.0	chr22q
chr22	49500000	0.0694529657318613	1.721694	0.3122457429274452	0.3508102358791969	0.0027675276752767	mat	22	50818468	49.5	1.318468		34.5	end_q	1.0	chr22q
chr22	50500000	0.0539492285943437	0.858907	0.2329750543773748	0.5282868946813212	0.001230012300123	mat	22	50818468	50.5	0.318468		35.5	end_q	0.0	chr22q
chr3	500000	0.0133447281382205	0.302653	0.059431972552882	0.3891871547846465	0.0007995079950799	mat	3	198295559	0.5	197.795559		90.4	end_p	0.0	chr3p
chr3	1500000	0.0434566544056412	0.864726	0.1911211376225648	0.4432354577166253	0.0025830258302583	mat	3	198295559	1.5	196.795559		89.4	end_p	1.0	chr3p
chr3	2500000	0.0612541389761067	1.444156	0.2738996759044268	0.3726096173445687	0.0035055350553505	mat	3	198295559	2.5	195.795559		88.4	end_p	2.0	chr3p
chr3	3500000	0.0797128579066634	1.652364	0.3518987116266536	0.4266621306823492	0.0037515375153751	mat	3	198295559	3.5	194.795559		87.4	end_p	3.0	chr3p
chr3	4500000	0.0528826825012175	2.350681	0.2585443500048699	0.0742454064872268	0.0028290282902829	mat	3	198295559	4.5	193.795559		86.4	end_p	4.0	chr3p
chr3	5500000	0.0549045735032801	2.911919	0.2778566740131204	-0.0139100762017576	0.002890528905289	mat	3	198295559	5.5	192.795559		85.4	end_p	5.0	chr3p
chr3	6500000	0.049894567992367	3.305738	0.265693031969468	-0.1245272074412664	0.002890528905289	mat	3	198295559	6.5	191.795559		84.4	end_p	6.0	chr3p
chr3	7500000	0.0624002944029896	3.214726	0.3138956976119584	0.0006107903164215	0.002890528905289	mat	3	198295559	7.5	190.795559		83.4	end_p	7.0	chr3p
chr3	8500000	0.060991480998554	2.788332	0.299732563994216	0.0602690411740992	0.0025830258302583	mat	3	198295559	8.5	189.795559		82.4	end_p	8.0	chr3p
chr3	9500000	0.0512558691436529	2.920466	0.2634327965746116	-0.0497186445398776	0.0022140221402214	mat	3	198295559	9.5	188.795559		81.4	end_p	9.0	chr3p
chr3	10500000	0.0496784764209895	2.59912	0.250696305683958	-0.0071036009717747	0.0022140221402214	mat	3	198295559	10.5	187.795559		80.4	end_p	10.0	chr3p
chr3	11500000	0.0544106888254135	1.933849	0.256319735301654	0.1840978484487919	0.0023370233702337	mat	3	198295559	11.5	186.795559		79.4	end_p	11.0	chr3p
chr3	12500000	0.075551788565494	2.11753	0.344557754261976	0.2958641594240982	0.0028290282902829	mat	3	198295559	12.5	185.795559		78.4	end_p	12.0	chr3p
chr3	13500000	0.0682046979665122	2.314853	0.3191158518660488	0.2062777061423393	0.0026445264452644	mat	3	198295559	13.5	184.795559		77.4	end_p	13.0	chr3p
chr3	14500000	0.0594384606623673	2.356686	0.2848875626494692	0.1307859674270875	0.0021525215252152	mat	3	198295559	14.5	183.795559		76.4	end_p	14.0	chr3p
chr3	15500000	0.0478856247723735	2.096233	0.233467159089494	0.0818500497365761	0.0019065190651906	mat	3	198295559	15.5	182.795559		75.4	end_p	15.0	chr3p
chr3	16500000	0.0413452860444808	1.259072	0.1905625841779232	0.2575556270495939	0.0014145141451414	mat	3	198295559	16.5	181.795559		74.4	end_p	16.0	chr3p
chr3	17500000	0.025062947480527	1.449824	0.129248269922108	-0.0572662236722837	0.0011685116851168	mat	3	198295559	17.5	180.795559		73.4	end_p	17.0	chr3p
chr3	18500000	0.0162680619184147	0.810471	0.0812816676736588	0.0173668681832719	0.0006765067650676	mat	3	198295559	18.5	179.795559		72.4	end_p	18.0	chr3p
chr3	19500000	0.0199456557466704	1.128874	0.1023601029866815	-0.0463745113734091	0.0011070110701107	mat	3	198295559	19.5	178.795559		71.4	end_p	19.0	chr3p
chr3	20500000	0.0222926927463121	1.528617	0.1197431109852484	-0.1414014903606084	0.0014145141451414	mat	3	198295559	20.5	177.795559		70.4	interior		
chr3	21500000	0.0336992863267689	2.007788	0.1749529053070756	-0.0719570406569975	0.0020295202952029	mat	3	198295559	21.5	176.795559		69.4	interior		
chr3	22500000	0.0346771166100637	1.98328	0.1783740664402548	-0.051593307567705	0.0018450184501845	mat	3	198295559	22.5	175.795559		68.4	interior		
chr3	23500000	0.0458152782245639	1.941642	0.2220939528982556	0.0979238519935063	0.0021525215252152	mat	3	198295559	23.5	174.795559		67.4	interior		
chr3	24500000	0.0370326848432375	1.979846	0.18772765937295	-0.0179103100899163	0.001660516605166	mat	3	198295559	24.5	173.795559		66.4	interior		
chr3	25500000	0.0340023852755908	1.996321	0.1759359611023632	-0.064650497147723	0.0018450184501845	mat	3	198295559	25.5	172.795559		65.4	interior		
chr3	26500000	0.0208385666494142	1.668353	0.1167213265976568	-0.216345425912301	0.001230012300123	mat	3	198295559	26.5	171.795559		64.4	interior		
chr3	27500000	0.0238392152641667	1.600002	0.1273569010566668	-0.1308844593708665	0.0011070110701107	mat	3	198295559	27.5	170.795559		63.400000000000006	interior		
chr3	28500000	0.0291511522029217	2.006593	0.1567364688116868	-0.143282274945682	0.0009225092250922	mat	3	198295559	28.5	169.795559		62.400000000000006	interior		
chr3	29500000	0.0227310366610141	2.365399	0.1382321266440564	-0.3371831109276569	0.0009225092250922	mat	3	198295559	29.5	168.795559		61.400000000000006	interior		
chr3	30500000	0.0232237292411772	2.884726	0.1505894369647088	-0.4131725377331073	0.0011685116851168	mat	3	198295559	30.5	167.795559		60.400000000000006	interior		
chr3	31500000	0.0312773428565929	2.794713	0.1810036314263716	-0.2680121200475887	0.0012915129151291	mat	3	198295559	31.5	166.795559		59.400000000000006	interior		
chr3	32500000	0.0360244979913785	2.278981	0.189677611965514	-0.1017147747517797	0.0012915129151291	mat	3	198295559	32.5	165.795559		58.400000000000006	interior		
chr3	33500000	0.0300493380318225	1.321032	0.14661799212729	0.07974088777976	0.0010455104551045	mat	3	198295559	33.5	164.795559		57.400000000000006	interior		
chr3	34500000	0.018453002390886	0.781691	0.089445829563544	0.0981413570548453	0.0009840098400984	mat	3	198295559	34.5	163.795559		56.400000000000006	interior		
chr3	35500000	0.0240978037030304	0.896991	0.1143310348121215	0.1616806072151386	0.0011685116851168	mat	3	198295559	35.5	162.795559		55.400000000000006	interior		
chr3	36500000	0.0232494051970112	0.989506	0.1127877407880448	0.0958165074722566	0.0009840098400984	mat	3	198295559	36.5	161.795559		54.400000000000006	interior		
chr3	37500000	0.0316031529233381	1.146595	0.1493445116933524	0.1741341580925466	0.0007995079950799	mat	3	198295559	37.5	160.795559		53.400000000000006	interior		
chr3	38500000	0.0239176797826723	1.083214	0.1173349991306891	0.0649479928287569	0.0007380073800738	mat	3	198295559	38.5	159.795559		52.400000000000006	interior		
chr3	39500000	0.0294326285379696	1.24188	0.1425681141518784	0.1000992629387758	0.0007995079950799	mat	3	198295559	39.5	158.795559		51.400000000000006	interior		
chr3	40500000	0.0220866399214043	1.024632	0.1088391996856172	0.0529669283876828	0.0007995079950799	mat	3	198295559	40.5	157.795559		50.400000000000006	interior		
chr3	41500000	0.0225435104607476	1.193092	0.1140358818429904	-0.0128529424663121	0.0007380073800738	mat	3	198295559	41.5	156.795559		49.400000000000006	interior		
chr3	42500000	0.0304852999463863	1.005331	0.1420478197855452	0.2200044039386976	0.0009225092250922	mat	3	198295559	42.5	155.795559		48.400000000000006	interior		
chr3	43500000	0.031156866284213	0.938487	0.143397205136852	0.262654352510793	0.0009225092250922	mat	3	198295559	43.5	154.795559		47.400000000000006	interior		
chr3	44500000	0.0258009012451685	1.043352	0.124070644980674	0.1210852360074892	0.0007995079950799	mat	3	198295559	44.5	153.795559		46.400000000000006	interior		
chr3	45500000	0.0158927664631578	1.062108	0.0848132258526312	-0.128779840710151	0.0007380073800738	mat	3	198295559	45.5	152.795559		45.400000000000006	interior		
chr3	46500000	0.0134370443241085	0.909434	0.071936857296434	-0.1349998112486423	0.0004920049200492	mat	3	198295559	46.5	151.795559		44.400000000000006	interior		
chr3	47500000	0.0147464106401287	0.339125	0.0657681425605148	0.3832724386708582	0.000430504305043	mat	3	198295559	47.5	150.795559		43.400000000000006	interior		
chr3	48500000	0.0211182861906818	0.112458	0.0867223047627272	0.8128437993948227	0.0003075030750307	mat	3	198295559	48.5	149.795559		42.400000000000006	interior		
chr3	49500000	0.0229644217363604	0.13718	0.0946012869454415	0.7924192682470719	0.000430504305043	mat	3	198295559	49.5	148.795559		41.400000000000006	interior		
chr3	50500000	0.020454491823569	0.114325	0.084104467294276	0.8044696214778957	0.0003075030750307	mat	3	198295559	50.5	147.795559		40.400000000000006	interior		
chr3	51500000	0.022615471526974	0.241855	0.095298986107896	0.6565482960386884	0.0004920049200492	mat	3	198295559	51.5	146.795559		39.400000000000006	interior		
chr3	52500000	0.0365094015568813	0.554729	0.1571321862275252	0.5449146963193171	0.0009225092250922	mat	3	198295559	52.5	145.795559		38.400000000000006	interior		
chr3	53500000	0.0588613696353439	1.192355	0.2592925785413756	0.4360347793310445	0.0019680196801968	mat	3	198295559	53.5	144.795559		37.400000000000006	interior		
chr3	54500000	0.0730528380554472	1.748285	0.3271770522217888	0.3661508167825077	0.0026445264452644	mat	3	198295559	54.5	143.795559		36.400000000000006	interior		
chr3	55500000	0.0577438396183599	1.574136	0.2624580784734396	0.3084684506780676	0.0021525215252152	mat	3	198295559	55.5	142.795559		35.400000000000006	interior		
chr3	56500000	0.0401480605628397	1.040108	0.1813944022513587	0.3313301067543166	0.0013530135301353	mat	3	198295559	56.5	141.795559		34.400000000000006	interior		
chr3	57500000	0.0191361735940804	0.685807	0.0902608343763216	0.1800811901121442	0.0006765067650676	mat	3	198295559	57.5	140.795559		33.400000000000006	interior		
chr3	58500000	0.03472752282034	1.199554	0.16290117128136	0.1978444717080575	0.001230012300123	mat	3	198295559	58.5	139.795559		32.400000000000006	interior		
chr3	59500000	0.0437416620475061	2.237245	0.2197115481900244	0.0042247401915775	0.0019065190651906	mat	3	198295559	59.5	138.795559		31.400000000000006	interior		
chr3	60500000	0.0442119023629636	2.49775	0.2268026094518544	-0.0454699113233968	0.0018450184501845	mat	3	198295559	60.5	137.795559		30.400000000000006	interior		
chr3	61500000	0.0440309339145996	2.741296	0.2309496556583984	-0.093795805335728	0.0018450184501845	mat	3	198295559	61.5	136.795559		29.400000000000006	interior		
chr3	62500000	0.0443512467430969	2.183879	0.2210825669723876	0.0232117711114421	0.001660516605166	mat	3	198295559	62.5	135.795559		28.400000000000006	interior		
chr3	63500000	0.0510477871887457	2.476995	0.2537310487549827	0.0305453857302658	0.0020910209102091	mat	3	198295559	63.5	134.795559		27.400000000000006	interior		
chr3	64500000	0.0461055524881214	2.260489	0.2296319899524856	0.025367527263246	0.0019680196801968	mat	3	198295559	64.5	133.795559		26.400000000000006	interior		
chr3	65500000	0.0494756149421267	2.186562	0.2416336997685068	0.0771181675154769	0.0018450184501845	mat	3	198295559	65.5	132.795559		25.400000000000006	interior		
chr3	66500000	0.0419509329033911	1.542244	0.1986486116135644	0.1677279705214607	0.0017220172201722	mat	3	198295559	66.5	131.795559		24.400000000000006	interior		
chr3	67500000	0.0497866562776265	1.108764	0.2213219051105059	0.3968861337734323	0.0018450184501845	mat	3	198295559	67.5	130.795559		23.400000000000006	interior		
chr3	68500000	0.0405850466385083	0.964768	0.1816355465540332	0.3690566075784521	0.0020295202952029	mat	3	198295559	68.5	129.795559		22.400000000000006	interior		
chr3	69500000	0.040237344749084	1.118279	0.1833149589963359	0.2997083849778948	0.0019065190651906	mat	3	198295559	69.5	128.795559		21.400000000000006	interior		
chr3	70500000	0.0390759972137953	1.766777	0.1916395288551812	0.0657774519655863	0.0020295202952029	mat	3	198295559	70.5	127.795559		20.400000000000006	interior		
chr3	71500000	0.0438870202260573	2.611635	0.2277807809042291	-0.0713605662589799	0.0017835178351783	mat	3	198295559	71.5	126.795559		19.400000000000006	interior		
chr3	72500000	0.0530857577155716	3.288936	0.2781217508622864	-0.0913752657231984	0.0018450184501845	mat	3	198295559	72.5	125.795559		18.400000000000006	interior		
chr3	73500000	0.045168371925241	2.862254	0.237918567700964	-0.1025475536710791	0.0014145141451414	mat	3	198295559	73.5	124.795559		17.400000000000006	interior		
chr3	74500000	0.0366852244323712	1.934411	0.1854291177294847	-0.0110171049443067	0.0008610086100861	mat	3	198295559	74.5	123.795559		16.400000000000006	interior		
chr3	75500000	0.0224493348491094	1.298284	0.1157630193964376	-0.0571320623493879	0.0006765067650676	mat	3	198295559	75.5	122.795559		15.400000000000006	interior		
chr3	76500000	0.0187633185180902	1.308711	0.1012274940723608	-0.1497381535299575	0.0005535055350553	mat	3	198295559	76.5	121.795559		14.400000000000006	interior		
chr3	77500000	0.0194409334336171	1.244607	0.1026558737344684	-0.1076044274907152	0.0007995079950799	mat	3	198295559	77.5	120.795559		13.400000000000006	interior		
chr3	78500000	0.0130697710971131	0.885153	0.0699821443884524	-0.1353195927840083	0.0004920049200492	mat	3	198295559	78.5	119.795559		12.400000000000006	interior		
chr3	79500000	0.0147101310261208	0.413023	0.0671009841044832	0.2950520314007837	0.0004920049200492	mat	3	198295559	79.5	118.795559		11.400000000000006	interior		
chr3	80500000	0.0098948136869251	0.380411	0.0471874747477004	0.1459049655761841	0.0003075030750307	mat	3	198295559	80.5	117.795559		10.400000000000006	interior		
chr3	81500000	0.010186548624893	0.4213	0.049172194499572	0.109989173633182	0.000430504305043	mat	3	198295559	81.5	116.795559		9.400000000000006	other		
chr3	82500000	0.0040491256614092	0.460413	0.0254047626456368	-0.3758661738668483	0.0001845018450184	mat	3	198295559	82.5	115.795559		8.400000000000006	other		
chr3	83500000	0.0019130619370005	0.3239	0.014130247748002	-0.532974277965988	0.0001845018450184	mat	3	198295559	83.5	114.795559		7.400000000000006	other		
chr3	84500000	0.0038396372944944	0.229664	0.0199518291779776	-0.0739102079491844	0.0001845018450184	mat	3	198295559	84.5	113.795559		6.400000000000006	other		
chr3	85500000	0.0052077430533964	0.353007	0.0278911122135856	-0.135752895236201	0.0002460024600246	mat	3	198295559	85.5	112.795559		5.400000000000006	other		
chr3	86500000	0.0082044605252109	0.502022	0.0428582821008435	-0.0852014181179035	0.0003075030750307	mat	3	198295559	86.5	111.795559		4.400000000000006	other		
chr3	87500000	0.0076348653030143	0.64554	0.0434502612120571	-0.2421967537239124	0.0003690036900369	mat	3	198295559	87.5	110.795559		3.4000000000000057	other		
chr3	88500000	0.0100914096287829	0.506877	0.0505031785151316	0.0132817961639168	0.000430504305043	mat	3	198295559	88.5	109.795559		2.4000000000000057	other		
chr3	89500000	0.0138784868880954	0.268354	0.0608810275523816	0.4546853466060448	0.0003075030750307	mat	3	198295559	89.5	108.795559		1.4000000000000057	other		
chr3	90500000	0.0202090460168142	0.080004	0.0824362640672568	0.8574414798680434	0.0001230012300123	mat	3	198295559	90.5	107.795559		0.4000000000000057	other		
chr3	91500000	0.0263166235660962	0.008664	0.1054397742643847	0.9873156772512433	0.0	mat	3	198295559	91.5	106.795559		0.5999999999999943	other		
chr3	92500000	0.026701015693381	0.013258	0.107069222773524	0.9809308341967274	0.0	mat	3	198295559	92.5	105.795559		1.5999999999999943	other		
chr3	93500000	0.0190575571399985	0.179716	0.079824548559994	0.6908695617325041	6.150061500615006e-05	mat	3	198295559	93.5	104.795559		2.5999999999999943	other		
chr3	94500000	0.0184009786194328	0.289291	0.0793897344777311	0.5328092258973135	0.0003690036900369	mat	3	198295559	94.5	103.795559		3.5999999999999943	other		
chr3	95500000	0.0136737375307343	0.428352	0.0632619901229372	0.244298496555813	0.0004920049200492	mat	3	198295559	95.5	102.795559		4.599999999999994	other		
chr3	96500000	0.0139302476462707	0.456102	0.0648430305850828	0.2234148984797022	0.0004920049200492	mat	3	198295559	96.5	101.795559		5.599999999999994	other		
chr3	97500000	0.0126958415931148	0.803718	0.0668577263724592	-0.1020559310408015	0.0004920049200492	mat	3	198295559	97.5	100.795559		6.599999999999994	other		
chr3	98500000	0.0150248486460567	0.885448	0.0778083545842268	-0.0665212828480276	0.0006150061500615	mat	3	198295559	98.5	99.795559		7.599999999999994	other		
chr3	99500000	0.0198263064930193	1.020648	0.0997181859720772	0.0009828311399979	0.0008610086100861	mat	3	198295559	99.5	98.795559		8.599999999999994	other		
chr3	100500000	0.0181126340005204	0.846892	0.0893883760020815	0.0490533600807735	0.0007995079950799	mat	3	198295559	100.5	97.795559		9.599999999999994	other		
chr3	101500000	0.0189189190018079	0.983805	0.0953517760072316	-0.0040581201946602	0.0007380073800738	mat	3	198295559	101.5	96.795559		10.599999999999994	interior		
chr3	102500000	0.0117063076687944	0.967609	0.0661774106751776	-0.2315017115745261	0.0005535055350553	mat	3	198295559	102.5	95.795559		11.599999999999994	interior		
chr3	103500000	0.0060997478490282	1.042725	0.0452534913961128	-0.5364075300076857	0.0003075030750307	mat	3	198295559	103.5	94.795559		12.599999999999994	interior		
chr3	104500000	0.0099723861410416	1.212131	0.0641321645641664	-0.4041365736719378	0.0006150061500615	mat	3	198295559	104.5	93.795559		13.599999999999994	interior		
chr3	105500000	0.0107812755620755	1.49096	0.072944302248302	-0.4566795721720374	0.0007380073800738	mat	3	198295559	105.5	92.795559		14.599999999999994	interior		
chr3	106500000	0.0158791599591605	1.527178	0.094060199836642	-0.3018103208561057	0.0009225092250922	mat	3	198295559	106.5	91.795559		15.599999999999994	interior		
chr3	107500000	0.0089565809341464	1.303844	0.0619032037365856	-0.476748030213642	0.0006150061500615	mat	3	198295559	107.5	90.795559		16.599999999999994	interior		
chr3	108500000	0.0094661149500477	0.95417	0.0569478598001908	-0.3229948013370674	0.0004920049200492	mat	3	198295559	108.5	89.795559		17.599999999999994	interior		
chr3	109500000	0.0139407437839726	0.743627	0.0706355151358904	-0.0167858282205217	0.000430504305043	mat	3	198295559	109.5	88.795559		18.599999999999994	interior		
chr3	110500000	0.0132442135087594	0.683811	0.0666530740350376	-0.0004859139461291	0.0003075030750307	mat	3	198295559	110.5	87.795559		19.599999999999994	interior		
chr3	111500000	0.01425441600879	0.883579	0.07468924403516	-0.0916247788906318	0.000430504305043	mat	3	198295559	111.5	86.795559		20.599999999999994	interior		
chr3	112500000	0.0097267812268946	1.076327	0.0604336649075784	-0.3641298129782112	0.0006150061500615	mat	3	198295559	112.5	85.795559		21.599999999999994	interior		
chr3	113500000	0.0132951722668842	1.144497	0.0760706290675368	-0.2506303240414433	0.0006765067650676	mat	3	198295559	113.5	84.795559		22.599999999999994	interior		
chr3	114500000	0.0170848952854387	1.19102	0.0921599811417548	-0.1494822448480462	0.0007995079950799	mat	3	198295559	114.5	83.795559		23.599999999999994	interior		
chr3	115500000	0.0146428607390262	1.098798	0.0805474029561048	-0.1852705495997571	0.0006150061500615	mat	3	198295559	115.5	82.795559		24.599999999999994	interior		
chr3	116500000	0.0133902587288471	1.359388	0.0807487949153884	-0.326188268169912	0.0007380073800738	mat	3	198295559	116.5	81.795559		25.599999999999994	interior		
chr3	117500000	0.0110017921701522	1.046466	0.0649364886806087	-0.2967786835113282	0.0006150061500615	mat	3	198295559	117.5	80.795559		26.599999999999994	interior		
chr3	118500000	0.0169480714730919	1.09142	0.0896206858923676	-0.1105126923541512	0.0007995079950799	mat	3	198295559	118.5	79.795559		27.599999999999994	interior		
chr3	119500000	0.016376758842791	0.790939	0.0813258153711639	0.0328838062622907	0.0007995079950799	mat	3	198295559	119.5	78.795559		28.599999999999994	interior		
chr3	120500000	0.0169237905443326	0.716735	0.0820298621773304	0.0982634744795626	0.0007380073800738	mat	3	198295559	120.5	77.795559		29.599999999999994	interior		
chr3	121500000	0.0285345252099606	0.936929	0.1328766808398424	0.2220659020331951	0.0009840098400984	mat	3	198295559	121.5	76.795559		30.599999999999994	interior		
chr3	122500000	0.0325783717762745	1.196834	0.1542501671050979	0.1680713674349563	0.0009840098400984	mat	3	198295559	122.5	75.795559		31.599999999999994	interior		
chr3	123500000	0.0343810487452374	1.444668	0.1664175549809496	0.1021522772298118	0.0011070110701107	mat	3	198295559	123.5	74.795559		32.599999999999994	interior		
chr3	124500000	0.0193642899381522	1.348207	0.1044212997526088	-0.1488611746692638	0.0006765067650676	mat	3	198295559	124.5	73.795559		33.599999999999994	interior		
chr3	125500000	0.0221292758672586	1.373714	0.1159913834690344	-0.0923475693972913	0.0008610086100861	mat	3	198295559	125.5	72.795559		34.599999999999994	interior		
chr3	126500000	0.0270042535318421	1.932681	0.1466706341273684	-0.1623116896630576	0.0009225092250922	mat	3	198295559	126.5	71.795559		35.599999999999994	interior		
chr3	127500000	0.0317209970864057	1.709385	0.1610716883456228	-0.0218770640612609	0.0011070110701107	mat	3	198295559	127.5	70.795559		36.599999999999994	interior		
chr3	128500000	0.030203663127315	1.373165	0.14827795250926	0.0630356270217741	0.0007995079950799	mat	3	198295559	128.5	69.795559		37.599999999999994	interior		
chr3	129500000	0.0188793533302017	0.815708	0.0918315733208068	0.088349768495945	0.0006150061500615	mat	3	198295559	129.5	68.795559		38.599999999999994	interior		
chr3	130500000	0.0101802192053993	0.95649	0.0598506768215972	-0.2911638019591721	0.0004920049200492	mat	3	198295559	130.5	67.795559		39.599999999999994	interior		
chr3	131500000	0.0066827177786471	1.00321	0.0467950711145884	-0.4885417941662066	0.0004920049200492	mat	3	198295559	131.5	66.795559		40.599999999999994	interior		
chr3	132500000	0.0094560903954096	1.272172	0.0632678015816384	-0.4457120537833985	0.0007380073800738	mat	3	198295559	132.5	65.795559		41.599999999999994	interior		
chr3	133500000	0.0100368489531699	1.370389	0.0675551758126796	-0.4516083513188318	0.0007380073800738	mat	3	198295559	133.5	64.795559		42.599999999999994	interior		
chr3	134500000	0.0159999401488241	1.394107	0.0918819005952964	-0.2562938919890822	0.0009225092250922	mat	3	198295559	134.5	63.795559		43.599999999999994	interior		
chr3	135500000	0.0209314605198815	0.794678	0.099619402079526	0.1520444990273792	0.0007380073800738	mat	3	198295559	135.5	62.795559		44.599999999999994	interior		
chr3	136500000	0.0280753078589377	0.638093	0.1250630914357507	0.3882839200857459	0.0007380073800738	mat	3	198295559	136.5	61.795559		45.599999999999994	interior		
chr3	137500000	0.0237869247784591	0.567115	0.1064899991138364	0.367786964961639	0.0006150061500615	mat	3	198295559	137.5	60.795559		46.599999999999994	interior		
chr3	138500000	0.013780554322428	0.982524	0.074772697289712	-0.1604598295900519	0.0004920049200492	mat	3	198295559	138.5	59.795559		47.599999999999994	interior		
chr3	139500000	0.0128555529913959	1.162313	0.0746684719655836	-0.2734799233374044	0.0004920049200492	mat	3	198295559	139.5	58.795559		48.599999999999994	interior		
chr3	140500000	0.0169559039207175	1.689986	0.1016233356828699	-0.317941295254973	0.0006150061500615	mat	3	198295559	140.5	57.795559		49.599999999999994	interior		
chr3	141500000	0.0208636027351494	1.491116	0.1132767309405976	-0.161632450434391	0.0007380073800738	mat	3	198295559	141.5	56.795559		50.599999999999994	interior		
chr3	142500000	0.0346622271364131	1.937877	0.1774064485456524	-0.0402526332788024	0.001230012300123	mat	3	198295559	142.5	55.795559		51.599999999999994	interior		
chr3	143500000	0.0298466305837974	1.412715	0.1476408223351896	0.0429497044527114	0.0011070110701107	mat	3	198295559	143.5	54.795559		52.599999999999994	interior		
chr3	144500000	0.0266248968465895	1.653189	0.139563367386358	-0.0924679382731379	0.001230012300123	mat	3	198295559	144.5	53.795559		53.599999999999994	interior		
chr3	145500000	0.0154296305061475	1.090442	0.08352736202459	-0.1561615308517299	0.0007380073800738	mat	3	198295559	145.5	52.795559		54.599999999999994	interior		
chr3	146500000	0.0168479141512549	1.599511	0.0993818766050196	-0.295916907364495	0.0009225092250922	mat	3	198295559	146.5	51.795559		55.599999999999994	interior		
chr3	147500000	0.0171539699095176	1.798927	0.1045944196380704	-0.3406109651429105	0.0007995079950799	mat	3	198295559	147.5	50.795559		56.599999999999994	interior		
chr3	148500000	0.0226881982739168	2.186584	0.1344844730956672	-0.3027560113856044	0.0011070110701107	mat	3	198295559	148.5	49.795559		57.599999999999994	interior		
chr3	149500000	0.0239106453597686	2.501633	0.1456752414390744	-0.3395759373531931	0.0010455104551045	mat	3	198295559	149.5	48.795559		58.599999999999994	interior		
chr3	150500000	0.0248034313243218	2.153668	0.1422870852972872	-0.2546680923640546	0.0011070110701107	mat	3	198295559	150.5	47.795559		59.599999999999994	interior		
chr3	151500000	0.0156471589783702	1.650998	0.0956085959134808	-0.3433174721429139	0.0006150061500615	mat	3	198295559	151.5	46.795559		60.599999999999994	interior		
chr3	152500000	0.0143810468743577	1.14386	0.0804013874974308	-0.2132290906465904	0.0004920049200492	mat	3	198295559	152.5	45.795559		61.599999999999994	interior		
chr3	153500000	0.0099208339594838	0.959265	0.0588686358379352	-0.3042447112536318	0.0001845018450184	mat	3	198295559	153.5	44.795559		62.599999999999994	interior		
chr3	154500000	0.0157359440745583	1.013377	0.0832113162982332	-0.1105202193301004	0.0003075030750307	mat	3	198295559	154.5	43.795559		63.599999999999994	interior		
chr3	155500000	0.0104694141011459	0.740409	0.0566858364045836	-0.1565010233233714	0.0002460024600246	mat	3	198295559	155.5	42.795559		64.6	interior		
chr3	156500000	0.0130134038407429	0.894782	0.0699492553629716	-0.1427440739685445	0.000430504305043	mat	3	198295559	156.5	41.795559		65.6	interior		
chr3	157500000	0.0075686245533674	0.673903	0.0437525582134696	-0.2663796760098847	0.000430504305043	mat	3	198295559	157.5	40.795559		66.6	interior		
chr3	158500000	0.0071323564543981	0.623625	0.0410019258175924	-0.2579203569243186	0.000430504305043	mat	3	198295559	158.5	39.795559		67.6	interior		
chr3	159500000	0.0072960288132858	0.554861	0.0402813352531432	-0.1917171331249334	0.0003075030750307	mat	3	198295559	159.5	38.795559		68.6	interior		
chr3	160500000	0.0059201038711066	0.642464	0.0365296954844264	-0.3556559085247701	0.0001845018450184	mat	3	198295559	160.5	37.795559		69.6	interior		
chr3	161500000	0.0019862048985081	0.520205	0.0183489195940324	-0.6709253524514388	6.150061500615006e-05	mat	3	198295559	161.5	36.795559		70.6	interior		
chr3	162500000	0.0003126654338434	0.422907	0.0097088017353736	-0.926531860318942	6.150061500615006e-05	mat	3	198295559	162.5	35.795559		71.6	interior		
chr3	163500000	0.0045304535474056	0.344707	0.0250159541896224	-0.1919508513841358	0.0003690036900369	mat	3	198295559	163.5	34.795559		72.6	interior		
chr3	164500000	0.0080255709121654	0.415366	0.0404096036486616	-0.0016891264560892	0.0003690036900369	mat	3	198295559	164.5	33.795559		73.6	interior		
chr3	165500000	0.0121280907535575	0.428197	0.05707630301423	0.1873071760116142	0.0004920049200492	mat	3	198295559	165.5	32.795559		74.6	interior		
chr3	166500000	0.0068413342752615	0.5729	0.038823337101046	-0.2376572995303843	0.0002460024600246	mat	3	198295559	166.5	31.795559		75.6	interior		
chr3	167500000	0.0131547821184888	0.707506	0.0667692484739552	-0.0209028365388358	0.0004920049200492	mat	3	198295559	167.5	30.795559		76.6	interior		
chr3	168500000	0.0149718049437562	1.039244	0.0806720997750248	-0.1473842302166009	0.0004920049200492	mat	3	198295559	168.5	29.795559		77.6	interior		
chr3	169500000	0.0156346965554741	1.128752	0.0851138262218964	-0.1665471111823701	0.000430504305043	mat	3	198295559	169.5	28.795559		78.6	interior		
chr3	170500000	0.0178331113293503	1.677117	0.1048747853174011	-0.2915988483105515	0.0005535055350553	mat	3	198295559	170.5	27.795559		79.6	interior		
chr3	171500000	0.0238462196089849	2.275629	0.1408974584359396	-0.2982690482493432	0.0007995079950799	mat	3	198295559	171.5	26.795559		80.6	interior		
chr3	172500000	0.0333217500385247	2.866489	0.1906167801540988	-0.2503085330866296	0.0010455104551045	mat	3	198295559	172.5	25.795559		81.6	interior		
chr3	173500000	0.0206358597312752	2.549627	0.1335359789251008	-0.4109564769966144	0.0007995079950799	mat	3	198295559	173.5	24.795559		82.6	interior		
chr3	174500000	0.0197175080758677	2.701253	0.1328950923034708	-0.4529515905047216	0.0009225092250922	mat	3	198295559	174.5	23.795559		83.6	interior		
chr3	175500000	0.0170552220364492	2.258445	0.1133897881457968	-0.4393404356795938	0.0009225092250922	mat	3	198295559	175.5	22.795559		84.6	interior		
chr3	176500000	0.0221872294239022	2.344165	0.1356322176956088	-0.3439003422746393	0.0009840098400984	mat	3	198295559	176.5	21.795559		85.6	interior		
chr3	177500000	0.0163345232981791	1.467377	0.0946856331927163	-0.270497887123897	0.0005535055350553	mat	3	198295559	177.5	20.795559		86.6	interior		
chr3	178500000	0.0184476419476671	1.399565	0.1017818677906683	-0.1905574897719562	0.0005535055350553	mat	3	198295559	178.5	19.795559		87.6	end_q	19.0	chr3q
chr3	179500000	0.0202248018470279	0.906768	0.0990345673881116	0.0699714853702273	0.0005535055350553	mat	3	198295559	179.5	18.795559		88.6	end_q	18.0	chr3q
chr3	180500000	0.0239400344701045	0.94155	0.114591137880418	0.1347620386881148	0.0005535055350553	mat	3	198295559	180.5	17.795559		89.6	end_q	17.0	chr3q
chr3	181500000	0.0268708305711574	1.047544	0.1284342022846296	0.1390859128698037	0.0006150061500615	mat	3	198295559	181.5	16.795559		90.6	end_q	16.0	chr3q
chr3	182500000	0.0271100860768552	1.534848	0.1391373043074208	-0.0465322709779527	0.0006765067650676	mat	3	198295559	182.5	15.795559		91.6	end_q	15.0	chr3q
chr3	183500000	0.051405740380918	2.242511	0.250473181523672	0.083578244554927	0.0012915129151291	mat	3	198295559	183.5	14.795559		92.6	end_q	14.0	chr3q
chr3	184500000	0.0578885332311612	2.040204	0.2723582129246448	0.1881625750550494	0.0014760147601476	mat	3	198295559	184.5	13.795559		93.6	end_q	13.0	chr3q
chr3	185500000	0.0799112359146329	3.178412	0.3832131836585316	0.1292374223115607	0.0023370233702337	mat	3	198295559	185.5	12.795559		94.6	end_q	12.0	chr3q
chr3	186500000	0.0486544258572806	2.821224	0.2510421834291224	-0.0584504684259626	0.0017220172201722	mat	3	198295559	186.5	11.795559		95.6	end_q	11.0	chr3q
chr3	187500000	0.048378271061648	3.830235	0.270117784246592	-0.2110220965001474	0.0019065190651906	mat	3	198295559	187.5	10.795559		96.6	end_q	10.0	chr3q
chr3	188500000	0.0326695484622285	2.905206	0.188782313848914	-0.2657949064149356	0.0014145141451414	mat	3	198295559	188.5	9.795559		97.6	end_q	9.0	chr3q
chr3	189500000	0.0408885857867574	3.164067	0.2268356831470296	-0.2000712565464361	0.0017220172201722	mat	3	198295559	189.5	8.795559		98.6	end_q	8.0	chr3q
chr3	190500000	0.0234174435031416	2.144491	0.1365595940125664	-0.2793838752661697	0.001230012300123	mat	3	198295559	190.5	7.795559		99.6	end_q	7.0	chr3q
chr3	191500000	0.0248971612560865	2.022759	0.140043825024346	-0.2233293045392239	0.0011685116851168	mat	3	198295559	191.5	6.795559		100.6	end_q	6.0	chr3q
chr3	192500000	0.032076408759744	1.729205	0.162889735038976	-0.0220700251197892	0.0012915129151291	mat	3	198295559	192.5	5.795559		101.6	end_q	5.0	chr3q
chr3	193500000	0.0501789421615448	2.672267	0.2541611086461792	-0.0159676427345825	0.0021525215252152	mat	3	198295559	193.5	4.795559		102.6	end_q	4.0	chr3q
chr3	194500000	0.0528843094105365	2.227595	0.2560891376421459	0.1009439631659549	0.0025215252152521	mat	3	198295559	194.5	3.795559		103.6	end_q	3.0	chr3q
chr3	195500000	0.0523350864053099	1.648992	0.2423201856212396	0.2415770898596473	0.0026445264452644	mat	3	198295559	195.5	2.795559		104.6	end_q	2.0	chr3q
chr3	196500000	0.0507237592427649	0.481286	0.2125207569710596	0.6892580156284223	0.0023985239852398	mat	3	198295559	196.5	1.795559		105.6	end_q	1.0	chr3q
chr3	197500000	0.044092382517623	0.278747	0.181944470070492	0.7816374672608508	0.0014760147601476	mat	3	198295559	197.5	0.795559		106.6	end_q	0.0	chr3q
chr4	500000	0.0334577454329401	0.185549	0.1375419617317604	0.8058425830365764	0.0004920049200492	mat	4	190214555	0.5	189.714555		49.5	end_p	0.0	chr4p
chr4	1500000	0.0380691261781493	0.228709	0.1568506847125972	0.7913566457237766	0.0010455104551045	mat	4	190214555	1.5	188.714555		48.5	end_p	1.0	chr4p
chr4	2500000	0.0460598097198389	1.106905	0.2063773388793555	0.3643419086999735	0.001660516605166	mat	4	190214555	2.5	187.714555		47.5	end_p	2.0	chr4p
chr4	3500000	0.0495400254712174	1.628726	0.2307346218848696	0.221457511988059	0.0020295202952029	mat	4	190214555	3.5	186.714555		46.5	end_p	3.0	chr4p
chr4	4500000	0.0573419531239508	2.257947	0.2745267524958032	0.134171200113198	0.0022755227552275	mat	4	190214555	4.5	185.714555		45.5	end_p	4.0	chr4p
chr4	5500000	0.0622312471702482	3.394544	0.3168158686809928	-0.0279519574335937	0.0027060270602706	mat	4	190214555	5.5	184.714555		44.5	end_p	5.0	chr4p
chr4	6500000	0.0683131917118508	4.587197	0.3649967068474031	-0.1311268842067573	0.0034440344403444	mat	4	190214555	6.5	183.714555		43.5	end_p	6.0	chr4p
chr4	7500000	0.0668094274752065	5.778913	0.382815969900826	-0.252881554279841	0.0032595325953259	mat	4	190214555	7.5	182.714555		42.5	end_p	7.0	chr4p
chr4	8500000	0.0496734724543321	3.831829	0.2753304698173284	-0.1985655118427362	0.0019680196801968	mat	4	190214555	8.5	181.714555		41.5	end_p	8.0	chr4p
chr4	9500000	0.0448136364168399	2.196849	0.2231915256673595	0.0254355787449112	0.0017220172201722	mat	4	190214555	9.5	180.714555		40.5	end_p	9.0	chr4p
chr4	10500000	0.0277049288101423	0.834294	0.1275055952405692	0.2627748359626091	0.001660516605166	mat	4	190214555	10.5	179.714555		39.5	end_p	10.0	chr4p
chr4	11500000	0.0260825190688065	0.917858	0.122687236275226	0.188889963884989	0.0020295202952029	mat	4	190214555	11.5	178.714555		38.5	end_p	11.0	chr4p
chr4	12500000	0.020015747001337	1.362481	0.107312608005348	-0.1378145595006427	0.0015375153751537	mat	4	190214555	12.5	177.714555		37.5	end_p	12.0	chr4p
chr4	13500000	0.0223307309178859	1.367206	0.1166670436715436	-0.0854966278364192	0.0015990159901599	mat	4	190214555	13.5	176.714555		36.5	end_p	13.0	chr4p
chr4	14500000	0.0229049046426275	1.612811	0.12387583857051	-0.1543727973446236	0.0014760147601476	mat	4	190214555	14.5	175.714555		35.5	end_p	14.0	chr4p
chr4	15500000	0.0159290579516826	1.619037	0.0960969718067304	-0.3267151351079668	0.0011685116851168	mat	4	190214555	15.5	174.714555		34.5	end_p	15.0	chr4p
chr4	16500000	0.009357399224684	1.754923	0.072528056898736	-0.5685867458669345	0.0006150061500615	mat	4	190214555	16.5	173.714555		33.5	end_p	16.0	chr4p
chr4	17500000	0.006056288041631	1.41338	0.052492752166524	-0.6379721753928166	0.0005535055350553	mat	4	190214555	17.5	172.714555		32.5	end_p	17.0	chr4p
chr4	18500000	0.0030150044563437	0.836408	0.0287881778253748	-0.6864352093599395	0.0003075030750307	mat	4	190214555	18.5	171.714555		31.5	end_p	18.0	chr4p
chr4	19500000	0.0032091794499155	0.277469	0.018386097799662	-0.2526790064018863	0.000430504305043	mat	4	190214555	19.5	170.714555		30.5	end_p	19.0	chr4p
chr4	20500000	0.0059253457025777	0.398514	0.0316716628103108	-0.1319042263732019	0.0003690036900369	mat	4	190214555	20.5	169.714555		29.5	interior		
chr4	21500000	0.0140138982016718	0.530303	0.0666616528066871	0.153648485126371	0.0006150061500615	mat	4	190214555	21.5	168.714555		28.5	interior		
chr4	22500000	0.0190430414492325	0.684518	0.0898625257969299	0.1786307078843662	0.0008610086100861	mat	4	190214555	22.5	167.714555		27.5	interior		
chr4	23500000	0.0187601164452525	1.379115	0.10262276578101	-0.1753271845725356	0.0009225092250922	mat	4	190214555	23.5	166.714555		26.5	interior		
chr4	24500000	0.0215351661721024	2.658732	0.1393153046884096	-0.4106428216237771	0.001230012300123	mat	4	190214555	24.5	165.714555		25.5	interior		
chr4	25500000	0.0228292623453289	2.984233	0.1510017093813156	-0.4341123873570481	0.0009840098400984	mat	4	190214555	25.5	164.714555		24.5	interior		
chr4	26500000	0.0221923759518965	2.803696	0.144843423807586	-0.4201696384431556	0.0009840098400984	mat	4	190214555	26.5	163.714555		23.5	interior		
chr4	27500000	0.0095201049400059	1.646366	0.0710077397600236	-0.5405168010824339	0.0004920049200492	mat	4	190214555	27.5	162.714555		22.5	interior		
chr4	28500000	0.0052748351093542	1.379023	0.0486798004374168	-0.6704263000912388	0.0003690036900369	mat	4	190214555	28.5	161.714555		21.5	interior		
chr4	29500000	0.0070337878577295	0.919118	0.046517511430918	-0.4339639633615291	0.0003690036900369	mat	4	190214555	29.5	160.714555		20.5	interior		
chr4	30500000	0.0145069334656791	1.262384	0.0832754138627164	-0.2556893873715946	0.0006765067650676	mat	4	190214555	30.5	159.714555		19.5	interior		
chr4	31500000	0.0186453091674637	1.394636	0.1024739566698548	-0.1837128837926036	0.0008610086100861	mat	4	190214555	31.5	158.714555		18.5	interior		
chr4	32500000	0.0196383960963999	1.453538	0.1076243443855996	-0.1786231681170596	0.0007995079950799	mat	4	190214555	32.5	157.714555		17.5	interior		
chr4	33500000	0.0148021348642138	0.988202	0.0789725794568552	-0.1282728007475142	0.000430504305043	mat	4	190214555	33.5	156.714555		16.5	interior		
chr4	34500000	0.0077072021077345	0.908468	0.048998168430938	-0.3912098596581437	0.0003075030750307	mat	4	190214555	34.5	155.714555		15.5	interior		
chr4	35500000	0.0055172208945439	0.816349	0.0383958635781756	-0.4830150368399372	0.0003690036900369	mat	4	190214555	35.5	154.714555		14.5	interior		
chr4	36500000	0.0113713942144486	1.585324	0.0771920568577944	-0.4598705307138447	0.0006765067650676	mat	4	190214555	36.5	153.714555		13.5	interior		
chr4	37500000	0.0253816310930463	2.3212	0.1479505243721852	-0.2787556955648628	0.0012915129151291	mat	4	190214555	37.5	152.714555		12.5	interior		
chr4	38500000	0.0352858832587568	2.354571	0.1882349530350271	-0.1280343501137757	0.0013530135301353	mat	4	190214555	38.5	151.714555		11.5	interior		
chr4	39500000	0.0395366294087901	2.827932	0.2147051576351604	-0.1620217052192412	0.0015375153751537	mat	4	190214555	39.5	150.714555		10.5	interior		
chr4	40500000	0.0318290169094441	2.546139	0.1782388476377764	-0.215948986344729	0.0010455104551045	mat	4	190214555	40.5	149.714555		9.5	other		
chr4	41500000	0.0277846044232678	2.889038	0.1689191776930712	-0.3368400791357285	0.001230012300123	mat	4	190214555	41.5	148.714555		8.5	other		
chr4	42500000	0.0258788908850788	1.704025	0.1375960635403152	-0.1214829182571576	0.0010455104551045	mat	4	190214555	42.5	147.714555		7.5	other		
chr4	43500000	0.0178163145737655	1.077874	0.092822738295062	-0.0795725534382332	0.0009225092250922	mat	4	190214555	43.5	146.714555		6.5	other		
chr4	44500000	0.0129505258946718	0.653656	0.0648752235786871	0.0108516603695256	0.0005535055350553	mat	4	190214555	44.5	145.714555		5.5	other		
chr4	45500000	0.0116239537834031	0.613314	0.0587620951336124	-0.011329562434236	0.0004920049200492	mat	4	190214555	45.5	144.714555		4.5	other		
chr4	46500000	0.0144204039511304	0.733158	0.0723447758045216	0.0072158290051088	0.0005535055350553	mat	4	190214555	46.5	143.714555		3.5	other		
chr4	47500000	0.0133854636715321	0.70738	0.0676894546861284	-0.0121242515510967	0.0005535055350553	mat	4	190214555	47.5	142.714555		2.5	other		
chr4	48500000	0.0133213571310298	0.538982	0.0640650685241192	0.1208245239986114	0.0003075030750307	mat	4	190214555	48.5	141.714555		1.5	other		
chr4	49500000	0.0185126465779292	0.190679	0.0778641663117168	0.6671036023425234	0.0001230012300123	mat	4	190214555	49.5	140.714555		0.5	other		
chr4	50500000	0.026101078128285	0.011131	0.10462693251314	0.983600069742092	6.150061500615003e-05	mat	4	190214555	50.5	139.714555		0.5	other		
chr4	51500000	0.0232564973195858	0.221586	0.0974577092783432	0.6881648813293276	0.0001845018450184	mat	4	190214555	51.5	138.714555		1.5	other		
chr4	52500000	0.0272781367219185	0.784144	0.1247954268876739	0.284269588669957	0.000430504305043	mat	4	190214555	52.5	137.714555		2.5	other		
chr4	53500000	0.0245019234722346	1.574109	0.1294898738889384	-0.1093332301391666	0.0007995079950799	mat	4	190214555	53.5	136.714555		3.5	other		
chr4	54500000	0.0224917722261699	2.158689	0.1331408689046795	-0.3008727138971033	0.0009840098400984	mat	4	190214555	54.5	135.714555		4.5	other		
chr4	55500000	0.0197113083541596	2.786854	0.1345823134166384	-0.4653852828144551	0.001230012300123	mat	4	190214555	55.5	134.714555		5.5	other		
chr4	56500000	0.0202144474595046	2.682815	0.1345140898380184	-0.440247419319756	0.0013530135301353	mat	4	190214555	56.5	133.714555		6.5	other		
chr4	57500000	0.0195156259528637	2.138194	0.1208263838114548	-0.3598174431248135	0.0013530135301353	mat	4	190214555	57.5	132.714555		7.5	other		
chr4	58500000	0.0130271507878963	1.279202	0.0776926431515852	-0.3112270736317249	0.0009840098400984	mat	4	190214555	58.5	131.714555		8.5	other		
chr4	59500000	0.0075789803797918	0.82725	0.0468609215191672	-0.3581740371266952	0.0006150061500615	mat	4	190214555	59.5	130.714555		9.5	other		
chr4	60500000	0.0043181900397043	1.178263	0.0408380201588172	-0.6820331085424088	0.0003690036900369	mat	4	190214555	60.5	129.714555		10.5	interior		
chr4	61500000	0.0070007972759864	1.234329	0.0526897691039456	-0.5473254425487574	0.0003690036900369	mat	4	190214555	61.5	128.714555		11.5	interior		
chr4	62500000	0.0107380450018699	1.287135	0.0686948800074796	-0.3982909762091081	0.0007380073800738	mat	4	190214555	62.5	127.714555		12.5	interior		
chr4	63500000	0.0092321551776144	0.894916	0.0548269407104576	-0.3053817292523812	0.0007380073800738	mat	4	190214555	63.5	126.714555		13.5	interior		
chr4	64500000	0.0117470257616973	0.814326	0.0632746230467892	-0.1467388233219609	0.0009225092250922	mat	4	190214555	64.5	125.714555		14.5	interior		
chr4	65500000	0.0122589720762447	0.884392	0.0667237283049788	-0.1661907680717314	0.0006765067650676	mat	4	190214555	65.5	124.714555		15.5	interior		
chr4	66500000	0.0141048417191819	1.004208	0.0765035268767276	-0.1597631824165545	0.0008610086100861	mat	4	190214555	66.5	123.714555		16.5	interior		
chr4	67500000	0.0165904945097374	0.996665	0.0862952780389496	-0.0760706541360809	0.0006150061500615	mat	4	190214555	67.5	122.714555		17.5	interior		
chr4	68500000	0.0096227238901162	0.92535	0.0569978955604647	-0.3017536761807103	0.0003690036900369	mat	4	190214555	68.5	121.714555		18.5	interior		
chr4	69500000	0.0159690609671283	0.932474	0.0825257238685132	-0.0619401610069482	0.000430504305043	mat	4	190214555	69.5	120.714555		19.5	interior		
chr4	70500000	0.0134306403539976	0.953732	0.0727972014159904	-0.1584998508868363	0.0005535055350553	mat	4	190214555	70.5	119.714555		20.5	interior		
chr4	71500000	0.0134576689663597	0.961564	0.0730619558654388	-0.1615048854806658	0.0004920049200492	mat	4	190214555	71.5	118.714555		21.5	interior		
chr4	72500000	0.0122029198614372	0.817073	0.0651531394457488	-0.1297170980395729	0.0003075030750307	mat	4	190214555	72.5	117.714555		22.5	interior		
chr4	73500000	0.0147038082944669	1.041172	0.0796386731778676	-0.1571111825021299	0.0003690036900369	mat	4	190214555	73.5	116.714555		23.5	interior		
chr4	74500000	0.0175733052941426	1.10965	0.0924862211765704	-0.100791556811134	0.0004920049200492	mat	4	190214555	74.5	115.714555		24.5	interior		
chr4	75500000	0.0130126214547896	1.622529	0.0845010658191584	-0.4147514696104004	0.0005535055350553	mat	4	190214555	75.5	114.714555		25.5	interior		
chr4	76500000	0.0179981282003562	1.44595	0.1009115128014248	-0.2179973129071706	0.0006765067650676	mat	4	190214555	76.5	113.714555		26.5	interior		
chr4	77500000	0.0170597633150069	1.399493	0.0962289132600276	-0.2279223016357522	0.0007995079950799	mat	4	190214555	77.5	112.714555		27.5	interior		
chr4	78500000	0.0168401839671839	0.924489	0.0858505158687356	-0.031152029128878	0.0007380073800738	mat	4	190214555	78.5	111.714555		28.5	interior		
chr4	79500000	0.0078498581339996	0.948662	0.0503726725359984	-0.4017248871084418	0.000430504305043	mat	4	190214555	79.5	110.714555		29.5	interior		
chr4	80500000	0.0080512917171348	1.195255	0.0561102668685392	-0.4842846666221637	0.000430504305043	mat	4	190214555	80.5	109.714555		30.5	interior		
chr4	81500000	0.0161402990183448	1.585215	0.0962654960733792	-0.3113174348352364	0.0007995079950799	mat	4	190214555	81.5	108.714555		31.5	interior		
chr4	82500000	0.0284268617197375	2.037492	0.15445728687895	-0.1630278927516926	0.0012915129151291	mat	4	190214555	82.5	107.714555		32.5	interior		
chr4	83500000	0.0320295590689708	1.771932	0.1635568762758832	-0.0349944862888542	0.0011070110701107	mat	4	190214555	83.5	106.714555		33.5	interior		
chr4	84500000	0.0316052328995431	1.505312	0.1565271715981724	0.0398370239087317	0.0009840098400984	mat	4	190214555	84.5	105.714555		34.5	interior		
chr4	85500000	0.019116495636361	0.713061	0.090727202545444	0.1606626367918234	0.0005535055350553	mat	4	190214555	85.5	104.714555		35.5	interior		
chr4	86500000	0.0161632238778665	0.729544	0.079243775511466	0.0666350335656005	0.0006765067650676	mat	4	190214555	86.5	103.714555		36.5	interior		
chr4	87500000	0.016849156931952	1.018314	0.087762907727808	-0.0790616384404073	0.0007380073800738	mat	4	190214555	87.5	102.714555		37.5	interior		
chr4	88500000	0.0192250443940092	1.433284	0.1055658575760368	-0.1821256488119475	0.0009840098400984	mat	4	190214555	88.5	101.714555		38.5	interior		
chr4	89500000	0.021501014419494	1.224629	0.110496637677976	-0.0495314882831996	0.0009225092250922	mat	4	190214555	89.5	100.714555		39.5	interior		
chr4	90500000	0.0168480328635174	0.781728	0.0830266914540696	0.0528886270850696	0.0006765067650676	mat	4	190214555	90.5	99.714555		40.5	interior		
chr4	91500000	0.0194962147187749	0.409192	0.0861686988750995	0.4215639168611573	0.0004920049200492	mat	4	190214555	91.5	98.714555		41.5	interior		
chr4	92500000	0.0245253322478754	0.700596	0.1121132489915016	0.2871543193162502	0.0006765067650676	mat	4	190214555	92.5	97.714555		42.5	interior		
chr4	93500000	0.023637567804819	0.825637	0.111063011219276	0.1924840729492033	0.0007380073800738	mat	4	190214555	93.5	96.714555		43.5	interior		
chr4	94500000	0.0179232263881297	1.492361	0.1015401255525187	-0.2349611991742357	0.0009225092250922	mat	4	190214555	94.5	95.714555		44.5	interior		
chr4	95500000	0.0149403373923218	1.280804	0.0853774295692872	-0.2486888723169489	0.0008610086100861	mat	4	190214555	95.5	94.714555		45.5	interior		
chr4	96500000	0.0122084402466957	1.006073	0.0689552209867828	-0.2300731376094872	0.0006765067650676	mat	4	190214555	96.5	93.714555		46.5	interior		
chr4	97500000	0.0140519447863405	0.649091	0.069189599145362	0.0551125373941504	0.0005535055350553	mat	4	190214555	97.5	92.714555		47.5	interior		
chr4	98500000	0.0103185204850565	0.758452	0.056443121940226	-0.1752666102958038	0.000430504305043	mat	4	190214555	98.5	91.714555		48.5	interior		
chr4	99500000	0.0152231877247908	1.108994	0.0830726308991632	-0.1709255417980833	0.0008610086100861	mat	4	190214555	99.5	90.714555		49.5	interior		
chr4	100500000	0.010573627691675	1.02443	0.0627831107667	-0.3051511046849096	0.0007995079950799	mat	4	190214555	100.5	89.714555		50.5	interior		
chr4	101500000	0.0151560054067425	1.028743	0.08119888162697	-0.1364177393588599	0.0009225092250922	mat	4	190214555	101.5	88.714555		51.5	interior		
chr4	102500000	0.0113723238937223	0.890941	0.0633081155748891	-0.2059835401246713	0.0004920049200492	mat	4	190214555	102.5	87.714555		52.5	interior		
chr4	103500000	0.0120159232353746	0.83812	0.0648260929414984	-0.1497549877607688	0.0003690036900369	mat	4	190214555	103.5	86.714555		53.5	interior		
chr4	104500000	0.0142015304070569	0.831129	0.0734287016282276	-0.0630593594687859	0.0003075030750307	mat	4	190214555	104.5	85.714555		54.5	interior		
chr4	105500000	0.0137868705592523	0.717795	0.0695033822370092	-0.0046591100201337	0.0003690036900369	mat	4	190214555	105.5	84.714555		55.5	interior		
chr4	106500000	0.0114932177575684	0.809363	0.0621601310302736	-0.1544253066097235	0.0003690036900369	mat	4	190214555	106.5	83.714555		56.5	interior		
chr4	107500000	0.0108062664442631	0.989779	0.0630206457770524	-0.2794664702391447	0.0003690036900369	mat	4	190214555	107.5	82.714555		57.5	interior		
chr4	108500000	0.0106632069637493	1.157519	0.0658032078549972	-0.3557774061159952	0.0003690036900369	mat	4	190214555	108.5	81.714555		58.5	interior		
chr4	109500000	0.0177080092617491	1.416429	0.0991606170469963	-0.2159118708544724	0.0006150061500615	mat	4	190214555	109.5	80.714555		59.5	interior		
chr4	110500000	0.0152756453416144	1.318429	0.0874711613664576	-0.2518561646814734	0.0005535055350553	mat	4	190214555	110.5	79.714555		60.5	interior		
chr4	111500000	0.0153135432138239	1.373199	0.0887181528552956	-0.2696681026896277	0.0006150061500615	mat	4	190214555	111.5	78.714555		61.5	interior		
chr4	112500000	0.0141627684458106	1.462671	0.0859044937832424	-0.3338251265528292	0.0006765067650676	mat	4	190214555	112.5	77.714555		62.5	interior		
chr4	113500000	0.0169173218602044	1.504146	0.0977522074408176	-0.2657142090400654	0.0008610086100861	mat	4	190214555	113.5	76.714555		63.5	interior		
chr4	114500000	0.0153469123478478	1.238149	0.0861506293913912	-0.2199987080075155	0.0007380073800738	mat	4	190214555	114.5	75.714555		64.5	interior		
chr4	115500000	0.0139107086441713	0.749024	0.0706233145766852	-0.0214782369374282	0.0006150061500615	mat	4	190214555	115.5	74.714555		65.5	interior		
chr4	116500000	0.0087536080277823	0.678849	0.0485914121111292	-0.2011126947008871	0.0003690036900369	mat	4	190214555	116.5	73.714555		66.5	interior		
chr4	117500000	0.0092278304312783	0.753601	0.0519833417251132	-0.2257864089665503	0.0004920049200492	mat	4	190214555	117.5	72.714555		67.5	interior		
chr4	118500000	0.0059932705694419	0.707043	0.0381139422777676	-0.3915696635017219	0.0003690036900369	mat	4	190214555	118.5	71.714555		68.5	interior		
chr4	119500000	0.0065715800823044	0.589562	0.0380775603292176	-0.2698836194571313	0.000430504305043	mat	4	190214555	119.5	70.714555		69.5	interior		
chr4	120500000	0.0134394636243142	0.902395	0.0718057544972567	-0.1310951222499956	0.0007380073800738	mat	4	190214555	120.5	69.714555		70.5	interior		
chr4	121500000	0.0172371961547785	0.903577	0.0870203246191139	-0.0080711845279699	0.0009840098400984	mat	4	190214555	121.5	68.714555		71.5	interior		
chr4	122500000	0.0244343415356017	1.048913	0.1187156261424068	0.0915573260661826	0.0011685116851168	mat	4	190214555	122.5	67.714555		72.5	interior		
chr4	123500000	0.028784943574043	0.832056	0.131780894296172	0.2817213656972008	0.0010455104551045	mat	4	190214555	123.5	66.714555		73.5	interior		
chr4	124500000	0.0246059824919965	1.095496	0.120333849967986	0.0734555014213453	0.0009225092250922	mat	4	190214555	124.5	65.714555		74.5	interior		
chr4	125500000	0.0196919280674408	1.129262	0.1013529522697632	-0.0529313820834365	0.0007995079950799	mat	4	190214555	125.5	64.714555		75.5	interior		
chr4	126500000	0.0128193372626376	0.912202	0.0695213890505504	-0.1595051180899362	0.0004920049200492	mat	4	190214555	126.5	63.714555		76.5	interior		
chr4	127500000	0.0149673259661564	0.993446	0.0797382238646256	-0.1254167267009238	0.000430504305043	mat	4	190214555	127.5	62.714555		77.5	interior		
chr4	128500000	0.0107567658540192	0.857012	0.0601673034160768	-0.21402328642534	0.0003075030750307	mat	4	190214555	128.5	61.714555		78.5	interior		
chr4	129500000	0.0158035106317514	1.401006	0.0912341625270056	-0.2643526758678766	0.0007380073800738	mat	4	190214555	129.5	60.714555		79.5	interior		
chr4	130500000	0.0129217083851873	1.025301	0.0721928535407492	-0.2120738808227405	0.0006765067650676	mat	4	190214555	130.5	59.714555		80.5	interior		
chr4	131500000	0.0134673932467949	1.055949	0.0749885529871796	-0.206380029810205	0.0006765067650676	mat	4	190214555	131.5	58.714555		81.5	interior		
chr4	132500000	0.0052514587989523	0.737618	0.0357581951958091	-0.4628133408368072	0.0002460024600246	mat	4	190214555	132.5	57.714555		82.5	interior		
chr4	133500000	0.0086853225193671	0.980542	0.0543521300774684	-0.3727912567936256	0.0005535055350553	mat	4	190214555	133.5	56.714555		83.5	interior		
chr4	134500000	0.0115298996348432	1.024016	0.0665999185393728	-0.2652035642925804	0.0006765067650676	mat	4	190214555	134.5	55.714555		84.5	interior		
chr4	135500000	0.0155066505625993	1.276668	0.0875599622503972	-0.2296267656804847	0.0010455104551045	mat	4	190214555	135.5	54.714555		85.5	interior		
chr4	136500000	0.0117506138779776	1.40895	0.0751814555119104	-0.3984228462085901	0.0008610086100861	mat	4	190214555	136.5	53.714555		86.5	interior		
chr4	137500000	0.011585752702985	1.807797	0.08249895081194	-0.5031160618610132	0.0009225092250922	mat	4	190214555	137.5	52.714555		87.5	interior		
chr4	138500000	0.013528392561494	1.919596	0.092505490245976	-0.4667955239430646	0.0007995079950799	mat	4	190214555	138.5	51.714555		88.5	interior		
chr4	139500000	0.0159232341687589	2.075293	0.1051987966750356	-0.4329037926969342	0.0007380073800738	mat	4	190214555	139.5	50.714555		89.5	interior		
chr4	140500000	0.017714534057046	1.771012	0.106278376228184	-0.3193166548201114	0.0007380073800738	mat	4	190214555	140.5	49.714555		90.5	interior		
chr4	141500000	0.0162524266461854	1.384828	0.0927062665847416	-0.2458302592593794	0.0006765067650676	mat	4	190214555	141.5	48.714555		91.5	interior		
chr4	142500000	0.0129102100267734	0.87656	0.0691720401070936	-0.13656032523552	0.0004920049200492	mat	4	190214555	142.5	47.714555		92.5	interior		
chr4	143500000	0.0103320218479664	0.664589	0.0546198673918656	-0.1099397318237954	0.0002460024600246	mat	4	190214555	143.5	46.714555		93.5	interior		
chr4	144500000	0.0093353157818876	1.011506	0.0575713831275504	-0.354971845772451	0.0001845018450184	mat	4	190214555	144.5	45.714555		94.5	interior		
chr4	145500000	0.0119972258881061	1.075907	0.0695070435524244	-0.2697066490485234	0.0002460024600246	mat	4	190214555	145.5	44.714555		95.5	interior		
chr4	146500000	0.0136071700977488	1.159269	0.0776140603909952	-0.2457640433513578	0.0003690036900369	mat	4	190214555	146.5	43.714555		96.5	interior		
chr4	147500000	0.0123324674271707	0.954722	0.0684243097086828	-0.2002739120360522	0.0003690036900369	mat	4	190214555	147.5	42.714555		97.5	interior		
chr4	148500000	0.0107900991852227	0.901001	0.0611804167408907	-0.2363118566855752	0.0003690036900369	mat	4	190214555	148.5	41.714555		98.5	interior		
chr4	149500000	0.0097175085815242	0.646273	0.0517954943260968	-0.1263923112870902	0.000430504305043	mat	4	190214555	149.5	40.714555		99.5	interior		
chr4	150500000	0.0120381557708288	0.354292	0.0552384630833152	0.2734181201616967	0.000430504305043	mat	4	190214555	150.5	39.714555		100.5	interior		
chr4	151500000	0.0215514671906237	0.902607	0.1042580087624948	0.103777841737378	0.0006150061500615	mat	4	190214555	151.5	38.714555		101.5	interior		
chr4	152500000	0.0344645718883244	1.827491	0.1744081075532976	-0.0138083109260128	0.0009225092250922	mat	4	190214555	152.5	37.714555		102.5	interior		
chr4	153500000	0.0371276299044931	2.391805	0.1963466196179724	-0.1106911455888005	0.0010455104551045	mat	4	190214555	153.5	36.714555		103.5	interior		
chr4	154500000	0.0238113313469894	2.457367	0.1443926653879576	-0.3335057580069708	0.0009225092250922	mat	4	190214555	154.5	35.714555		104.5	interior		
chr4	155500000	0.0142136714425582	1.99992	0.0968530857702328	-0.4634959330739575	0.0006150061500615	mat	4	190214555	155.5	34.714555		105.5	interior		
chr4	156500000	0.0111023717425128	1.75417	0.0794928869700511	-0.5077708937573079	0.0005535055350553	mat	4	190214555	156.5	33.714555		106.5	interior		
chr4	157500000	0.0120401122354895	1.152879	0.071218028941958	-0.2998114390349234	0.0004920049200492	mat	4	190214555	157.5	32.714555		107.5	interior		
chr4	158500000	0.0207303445611388	0.861694	0.1001552582445552	0.1075065905120206	0.0006765067650676	mat	4	190214555	158.5	31.714555		108.5	interior		
chr4	159500000	0.0157443601840728	0.823842	0.0794542807362912	-0.0071736526405583	0.0006150061500615	mat	4	190214555	159.5	30.714555		109.5	interior		
chr4	160500000	0.0190000639169457	1.039315	0.0967865556677828	-0.0293544557721989	0.0007995079950799	mat	4	190214555	160.5	29.714555		110.5	interior		
chr4	161500000	0.0144997513436476	1.218594	0.0823708853745903	-0.2393516600632421	0.0007380073800738	mat	4	190214555	161.5	28.714555		111.5	interior		
chr4	162500000	0.0212205926193559	1.402014	0.1129226504774236	-0.1231438061928442	0.0009840098400984	mat	4	190214555	162.5	27.714555		112.5	interior		
chr4	163500000	0.0336030508949764	1.671462	0.1678414435799056	0.0181539486586117	0.0015375153751537	mat	4	190214555	163.5	26.714555		113.5	interior		
chr4	164500000	0.0341775142516798	1.81575	0.1730250570067192	-0.0147673962449843	0.0015990159901599	mat	4	190214555	164.5	25.714555		114.5	interior		
chr4	165500000	0.0291333963757712	1.870375	0.1539410855030848	-0.1089953122358772	0.0014145141451414	mat	4	190214555	165.5	24.714555		115.5	interior		
chr4	166500000	0.0171656556835741	1.582118	0.1003049827342963	-0.2823465436807175	0.0007995079950799	mat	4	190214555	166.5	23.714555		116.5	interior		
chr4	167500000	0.0168688614171733	1.693703	0.1013495056686932	-0.3212381046189576	0.0006150061500615	mat	4	190214555	167.5	22.714555		117.5	interior		
chr4	168500000	0.0250788834274166	1.554272	0.1314009737096663	-0.0915367249771058	0.0007380073800738	mat	4	190214555	168.5	21.714555		118.5	interior		
chr4	169500000	0.0285772478567343	1.385115	0.1420112914269372	0.0311006762949294	0.0006765067650676	mat	4	190214555	169.5	20.714555		119.5	interior		
chr4	170500000	0.0275371605685911	1.185679	0.1338622222743644	0.0900625488073947	0.0006150061500615	mat	4	190214555	170.5	19.714555		120.5	end_q	19.0	chr4q
chr4	171500000	0.0185915636160727	1.048777	0.0953417944642908	-0.0447316785623362	0.000430504305043	mat	4	190214555	171.5	18.714555		121.5	end_q	18.0	chr4q
chr4	172500000	0.0304630272701172	1.404353	0.1499391690804688	0.0561063881688527	0.0006765067650676	mat	4	190214555	172.5	17.714555		122.5	end_q	17.0	chr4q
chr4	173500000	0.0282009244983069	1.645521	0.1457141179932276	-0.0615762846515651	0.0007995079950799	mat	4	190214555	173.5	16.714555		123.5	end_q	16.0	chr4q
chr4	174500000	0.0338137403024427	1.880526	0.1728654812097708	-0.0376275124794094	0.0009840098400984	mat	4	190214555	174.5	15.714555		124.5	end_q	15.0	chr4q
chr4	175500000	0.0187205105878689	1.881346	0.1125089623514755	-0.3216505201808938	0.0007380073800738	mat	4	190214555	175.5	14.714555		125.5	end_q	14.0	chr4q
chr4	176500000	0.0311387607527405	2.010446	0.164763963010962	-0.1117856035717561	0.0009840098400984	mat	4	190214555	176.5	13.714555		126.5	end_q	13.0	chr4q
chr4	177500000	0.02435041740584	2.011027	0.13762220962336	-0.2311001864596917	0.0009840098400984	mat	4	190214555	177.5	12.714555		127.5	end_q	12.0	chr4q
chr4	178500000	0.0288591024515452	2.170745	0.1588513098061808	-0.1864199381164983	0.0011070110701107	mat	4	190214555	178.5	11.714555		128.5	end_q	11.0	chr4q
chr4	179500000	0.0205932182398452	2.260607	0.1275850129593808	-0.3606552478113586	0.0010455104551045	mat	4	190214555	179.5	10.714555		129.5	end_q	10.0	chr4q
chr4	180500000	0.0197767976113017	2.487358	0.1288543504452068	-0.4183241625796267	0.0012915129151291	mat	4	190214555	180.5	9.714555		130.5	end_q	9.0	chr4q
chr4	181500000	0.0314260671802434	3.242184	0.1905479487209735	-0.3333638071017888	0.0023370233702337	mat	4	190214555	181.5	8.714555		131.5	end_q	8.0	chr4q
chr4	182500000	0.0426179460112596	3.527286	0.2410175040450384	-0.2321207177689431	0.0026445264452644	mat	4	190214555	182.5	7.714555		132.5	end_q	7.0	chr4q
chr4	183500000	0.0639588392861899	4.008479	0.3360049371447596	-0.0970824682533971	0.0033210332103321	mat	4	190214555	183.5	6.714555		133.5	end_q	6.0	chr4q
chr4	184500000	0.0638999903510224	3.570179	0.3270035414040896	-0.0399301620036049	0.0030135301353013	mat	4	190214555	184.5	5.714555		134.5	end_q	5.0	chr4q
chr4	185500000	0.06367890772578	2.896048	0.31263659090312	0.0628670086947064	0.0030750307503075	mat	4	190214555	185.5	4.714555		135.5	end_q	4.0	chr4q
chr4	186500000	0.0385932999444373	1.886718	0.1921075597777491	0.0268103680783625	0.0020910209102091	mat	4	190214555	186.5	3.714555		136.5	end_q	3.0	chr4q
chr4	187500000	0.0322821111779579	1.096453	0.1510575047118316	0.2059260839533211	0.0019680196801968	mat	4	190214555	187.5	2.714555		137.5	end_q	2.0	chr4q
chr4	188500000	0.0200440472375958	0.710544	0.0943870689503832	0.1853575027874954	0.0013530135301353	mat	4	190214555	188.5	1.714555		138.5	end_q	1.0	chr4q
chr4	189500000	0.0256029758843895	0.580147	0.114014843537558	0.3895657870546871	0.0010455104551045	mat	4	190214555	189.5	0.714555		139.5	end_q	0.0	chr4q
chr5	500000	0.0557344334017085	0.795876	0.238855253606834	0.566362958611807	0.0013530135301353	mat	5	181538259	0.5	181.038259		48.3	end_p	0.0	chr5p
chr5	1500000	0.0548963281156526	1.530496	0.2501952324626104	0.2982741633966121	0.0020295202952029	mat	5	181538259	1.5	180.038259		47.3	end_p	1.0	chr5p
chr5	2500000	0.0456118153373137	2.048852	0.2234243013492547	0.069030472744728	0.002460024600246	mat	5	181538259	2.5	179.038259		46.3	end_p	2.0	chr5p
chr5	3500000	0.0351220797466832	2.765567	0.1957996589867328	-0.2084123110966932	0.0020295202952029	mat	5	181538259	3.5	178.038259		45.3	end_p	3.0	chr5p
chr5	4500000	0.0219085211964257	3.064281	0.1489197047857028	-0.4611506882008639	0.0015990159901599	mat	5	181538259	4.5	177.038259		44.3	end_p	4.0	chr5p
chr5	5500000	0.0249176603301369	2.855754	0.1567857213205476	-0.3792494264928289	0.0014145141451414	mat	5	181538259	5.5	176.038259		43.3	end_p	5.0	chr5p
chr5	6500000	0.0196495960784963	2.085208	0.1203025443139852	-0.3458384371361648	0.0009840098400984	mat	5	181538259	6.5	175.038259		42.3	end_p	6.0	chr5p
chr5	7500000	0.0206482106977337	1.456176	0.1117163627909348	-0.1551329461572758	0.0011070110701107	mat	5	181538259	7.5	174.038259		41.3	end_p	7.0	chr5p
chr5	8500000	0.018349179378868	1.51228	0.103642317515472	-0.2301235659910288	0.0010455104551045	mat	5	181538259	8.5	173.038259		40.3	end_p	8.0	chr5p
chr5	9500000	0.0246360162809663	2.611049	0.1507650451238651	-0.3452796063566499	0.0014145141451414	mat	5	181538259	9.5	172.038259		39.3	end_p	9.0	chr5p
chr5	10500000	0.0252071197082695	2.532148	0.1514714388330779	-0.3214594269663534	0.0011685116851168	mat	5	181538259	10.5	171.038259		38.3	end_p	10.0	chr5p
chr5	11500000	0.0235529847049294	1.92376	0.1326871388197176	-0.2258553286874874	0.0009225092250922	mat	5	181538259	11.5	170.038259		37.3	end_p	11.0	chr5p
chr5	12500000	0.0151024320641744	0.833418	0.0770780882566976	-0.0337524376842756	0.0006150061500615	mat	5	181538259	12.5	169.038259		36.3	end_p	12.0	chr5p
chr5	13500000	0.0183459234945338	1.094463	0.0952729539781352	-0.0726033843250117	0.0009225092250922	mat	5	181538259	13.5	168.038259		35.3	end_p	13.0	chr5p
chr5	14500000	0.0185217366037208	1.230762	0.0987021864148832	-0.1259745833499402	0.0009225092250922	mat	5	181538259	14.5	167.038259		34.3	end_p	14.0	chr5p
chr5	15500000	0.0259875687691749	1.869286	0.1413359950766995	-0.164756739421481	0.0012915129151291	mat	5	181538259	15.5	166.038259		33.3	end_p	15.0	chr5p
chr5	16500000	0.0199928326480467	1.496873	0.1099087905921868	-0.1841793330563332	0.0009225092250922	mat	5	181538259	16.5	165.038259		32.3	end_p	16.0	chr5p
chr5	17500000	0.0196504505708031	1.860924	0.1158202822832124	-0.2947767539390306	0.0010455104551045	mat	5	181538259	17.5	164.038259		31.299999999999997	end_p	17.0	chr5p
chr5	18500000	0.0207855219964872	1.096707	0.1050762279859488	-0.0113303406558371	0.0006765067650676	mat	5	181538259	18.5	163.038259		30.299999999999997	end_p	18.0	chr5p
chr5	19500000	0.0198331333350381	0.941513	0.0981627933401524	0.0414835687724754	0.0006150061500615	mat	5	181538259	19.5	162.038259		29.299999999999997	end_p	19.0	chr5p
chr5	20500000	0.0194059152221757	0.539863	0.0884209208887028	0.2992592207317127	0.0003690036900369	mat	5	181538259	20.5	161.038259		28.299999999999997	interior		
chr5	21500000	0.0049799020853946	0.497152	0.0298626483415784	-0.3186719893960777	0.0	mat	5	181538259	21.5	160.038259		27.299999999999997	interior		
chr5	22500000	0.0033113682550284	0.813966	0.0295247930201136	-0.6531106343995488	6.150061500615006e-05	mat	5	181538259	22.5	159.038259		26.299999999999997	interior		
chr5	23500000	0.0057494241159363	1.345389	0.0499054764637452	-0.6387710104060644	0.0001845018450184	mat	5	181538259	23.5	158.038259		25.299999999999997	interior		
chr5	24500000	0.0060216920999511	1.439718	0.0528811283998044	-0.6450897398344371	0.0002460024600246	mat	5	181538259	24.5	157.038259		24.299999999999997	interior		
chr5	25500000	0.0068231340572374	1.419774	0.0556880162289496	-0.6027101113382531	0.0002460024600246	mat	5	181538259	25.5	156.038259		23.299999999999997	interior		
chr5	26500000	0.004339903249045	1.194726	0.04125413299618	-0.6843952134957961	0.0001845018450184	mat	5	181538259	26.5	155.038259		22.299999999999997	interior		
chr5	27500000	0.0077587396677446	1.16014	0.0542377586709783	-0.4870331683991302	0.0002460024600246	mat	5	181538259	27.5	154.038259		21.299999999999997	interior		
chr5	28500000	0.0086447177260525	1.053931	0.05565749090421	-0.4053985259143502	0.0003690036900369	mat	5	181538259	28.5	153.038259		20.299999999999997	interior		
chr5	29500000	0.0087283446663714	0.900534	0.0529240586654855	-0.3333848913163506	0.0004920049200492	mat	5	181538259	29.5	152.038259		19.299999999999997	interior		
chr5	30500000	0.0157758293241966	2.751877	0.1181408572967863	-0.5435674222828247	0.0011685116851168	mat	5	181538259	30.5	151.038259		18.299999999999997	interior		
chr5	31500000	0.0212048038328821	3.226757	0.1493543553315284	-0.4936901598104322	0.0012915129151291	mat	5	181538259	31.5	150.038259		17.299999999999997	interior		
chr5	32500000	0.0275542599032362	3.930306	0.1888231596129448	-0.4688405706682718	0.0013530135301353	mat	5	181538259	32.5	149.038259		16.299999999999997	interior		
chr5	33500000	0.0236627743184963	2.744525	0.1495415972739852	-0.3843516272242167	0.0008610086100861	mat	5	181538259	33.5	148.038259		15.299999999999997	interior		
chr5	34500000	0.0172797112097898	2.31093	0.1153374448391592	-0.4433250410371038	0.0006150061500615	mat	5	181538259	34.5	147.038259		14.299999999999997	interior		
chr5	35500000	0.0142815501627417	1.975117	0.0966285406509668	-0.4566992823344605	0.0006150061500615	mat	5	181538259	35.5	146.038259		13.299999999999997	interior		
chr5	36500000	0.0116272008413788	1.548711	0.0774830233655152	-0.4417000818283467	0.0006150061500615	mat	5	181538259	36.5	145.038259		12.299999999999997	interior		
chr5	37500000	0.0186436434031903	2.493886	0.1244522936127612	-0.4434133753615666	0.0009840098400984	mat	5	181538259	37.5	144.038259		11.299999999999997	interior		
chr5	38500000	0.0139588996615668	2.227304	0.1003816786462672	-0.5114123331965023	0.0007380073800738	mat	5	181538259	38.5	143.038259		10.299999999999997	interior		
chr5	39500000	0.0152218935799813	2.028342	0.1014544143199251	-0.4418643606534736	0.0006150061500615	mat	5	181538259	39.5	142.038259		9.299999999999997	other		
chr5	40500000	0.0142203768135387	0.918348	0.0752484672541548	-0.1119050817997757	0.0003690036900369	mat	5	181538259	40.5	141.038259		8.299999999999997	other		
chr5	41500000	0.0183519826690291	0.687544	0.0871588106761163	0.1585319042912289	0.0005535055350553	mat	5	181538259	41.5	140.038259		7.299999999999997	other		
chr5	42500000	0.014209023006275	0.589452	0.0686251320251	0.1084877940209405	0.0003690036900369	mat	5	181538259	42.5	139.038259		6.299999999999997	other		
chr5	43500000	0.0090743419350019	0.51808	0.0466589677400076	-0.0507213426003487	0.0001845018450184	mat	5	181538259	43.5	138.038259		5.299999999999997	other		
chr5	44500000	0.0077810254845059	0.39843	0.0390927019380236	0.0036526391205738	6.150061500615006e-05	mat	5	181538259	44.5	137.038259		4.299999999999997	other		
chr5	45500000	0.0111453963770658	0.242452	0.0494306255082632	0.4067292656971293	6.150061500615006e-05	mat	5	181538259	45.5	136.038259		3.299999999999997	other		
chr5	46500000	0.0186983460158084	0.052953	0.0758524440632336	0.8959081286656289	6.150061500615006e-05	mat	5	181538259	46.5	135.038259		2.299999999999997	other		
chr5	47500000	0.0241674529116546	0.003859	0.0967469916466184	0.9938277475134464	0.0	mat	5	181538259	47.5	134.038259		1.2999999999999972	other		
chr5	48500000	0.0286802153462905	0.002494	0.114770741385162	0.99663391843042	0.0	mat	5	181538259	48.5	133.038259		0.29999999999999716	other		
chr5	49500000	0.0366780061681758	0.112959	0.1489712046727032	0.8873136404631328	0.0003075030750307	mat	5	181538259	49.5	132.038259		0.7000000000000028	other		
chr5	50500000	0.0256848822610132	0.300113	0.1087417890440528	0.6306208551036404	0.0005535055350553	mat	5	181538259	50.5	131.038259		1.7000000000000028	other		
chr5	51500000	0.0172347238753915	0.877345	0.086485795501566	0.006587340757196	0.0006150061500615	mat	5	181538259	51.5	130.038259		2.700000000000003	other		
chr5	52500000	0.0092724341867843	1.061302	0.0583157767471372	-0.3786891039564922	0.0005535055350553	mat	5	181538259	52.5	129.038259		3.700000000000003	other		
chr5	53500000	0.0227356618906316	1.771527	0.1263731875625264	-0.2033808169859764	0.0012915129151291	mat	5	181538259	53.5	128.038259		4.700000000000003	other		
chr5	54500000	0.0270607602611714	1.375663	0.1357563010446856	0.0072711903461352	0.0014145141451414	mat	5	181538259	54.5	127.038259		5.700000000000003	other		
chr5	55500000	0.0405281907157739	2.073484	0.2035824428630956	0.0040805927255106	0.0017220172201722	mat	5	181538259	55.5	126.038259		6.700000000000003	other		
chr5	56500000	0.0269344134476013	1.763857	0.1430147937904052	-0.1187886853864242	0.0011685116851168	mat	5	181538259	56.5	125.038259		7.700000000000003	other		
chr5	57500000	0.0303969527354509	2.004477	0.1616773509418036	-0.1222096301972247	0.001230012300123	mat	5	181538259	57.5	124.038259		8.700000000000003	other		
chr5	58500000	0.0205708177447855	1.301679	0.108316850979142	-0.1018396210009109	0.0009225092250922	mat	5	181538259	58.5	123.038259		9.700000000000003	other		
chr5	59500000	0.0163456505348913	0.855629	0.0824951821395652	-0.0073628851414954	0.0005535055350553	mat	5	181538259	59.5	122.038259		10.700000000000003	interior		
chr5	60500000	0.0100320150138974	0.804675	0.0562215600555896	-0.2172365934981617	0.0003075030750307	mat	5	181538259	60.5	121.038259		11.700000000000003	interior		
chr5	61500000	0.0069809345006971	0.685625	0.0416362380027884	-0.3113137800622206	0.0001845018450184	mat	5	181538259	61.5	120.038259		12.700000000000003	interior		
chr5	62500000	0.0095925797981019	0.751577	0.0534018591924076	-0.2060258027513883	0.0002460024600246	mat	5	181538259	62.5	119.038259		13.700000000000003	interior		
chr5	63500000	0.0123664827879131	0.546792	0.0604017711516523	0.0768831409624835	0.0003690036900369	mat	5	181538259	63.5	118.038259		14.700000000000003	interior		
chr5	64500000	0.0146067292839846	0.542111	0.0692691371359384	0.1631102233533523	0.0005535055350553	mat	5	181538259	64.5	117.038259		15.700000000000003	interior		
chr5	65500000	0.01446353183837	0.893696	0.07572804735348	-0.0900485365158294	0.0005535055350553	mat	5	181538259	65.5	116.038259		16.700000000000003	interior		
chr5	66500000	0.0176957631651504	1.134635	0.0934757526606016	-0.1083687930172814	0.0007995079950799	mat	5	181538259	66.5	115.038259		17.700000000000003	interior		
chr5	67500000	0.0137615822282754	1.540132	0.0858489689131016	-0.3690274848314879	0.0006150061500615	mat	5	181538259	67.5	114.038259		18.700000000000003	interior		
chr5	68500000	0.0225465810974319	1.099097	0.1121682643897276	0.0282366032770753	0.0006765067650676	mat	5	181538259	68.5	113.038259		19.700000000000003	interior		
chr5	69500000	0.0229148795379033	0.697893	0.1056173781516132	0.2575054288681735	0.0003075030750307	mat	5	181538259	69.5	112.038259		20.700000000000003	interior		
chr5	70500000	0.0330365373340075	0.578237	0.14371088933603	0.493282866891493	0.0003075030750307	mat	5	181538259	70.5	111.038259		21.700000000000003	interior		
chr5	71500000	0.0167119167750641	0.64887	0.0798250671002564	0.1410721472309604	0.0001845018450184	mat	5	181538259	71.5	110.038259		22.700000000000003	interior		
chr5	72500000	0.0219141818567804	1.48842	0.1174251274271216	-0.136731935031986	0.0006150061500615	mat	5	181538259	72.5	109.038259		23.700000000000003	interior		
chr5	73500000	0.0362345909257901	2.393642	0.1928112037031604	-0.1230768999946242	0.001230012300123	mat	5	181538259	73.5	108.038259		24.700000000000003	interior		
chr5	74500000	0.0438012685581003	2.390328	0.2230116342324012	-0.0281795871934276	0.0014145141451414	mat	5	181538259	74.5	107.038259		25.700000000000003	interior		
chr5	75500000	0.0363427556463597	2.677977	0.1989305625854387	-0.1764696722578474	0.0012915129151291	mat	5	181538259	75.5	106.038259		26.700000000000003	interior		
chr5	76500000	0.0242267199804539	2.052621	0.1379592999218156	-0.2431636261436431	0.0010455104551045	mat	5	181538259	76.5	105.038259		27.700000000000003	interior		
chr5	77500000	0.0178557849077872	2.396465	0.1193524396311488	-0.4447501469177126	0.0010455104551045	mat	5	181538259	77.5	104.038259		28.700000000000003	interior		
chr5	78500000	0.0185474790205634	1.731882	0.1088275560822536	-0.2883269378247269	0.0009840098400984	mat	5	181538259	78.5	103.038259		29.700000000000003	interior		
chr5	79500000	0.0197598268830576	1.41173	0.1072739075322304	-0.1614602076156235	0.0009840098400984	mat	5	181538259	79.5	102.038259		30.700000000000003	interior		
chr5	80500000	0.0326786462277209	1.40773	0.1588691849108836	0.0898257731437982	0.0014145141451414	mat	5	181538259	80.5	101.038259		31.700000000000003	interior		
chr5	81500000	0.0330906030972739	1.51165	0.1625954123890956	0.06064613139518	0.0014760147601476	mat	5	181538259	81.5	100.038259		32.7	interior		
chr5	82500000	0.0263162592615533	1.504985	0.1353647370462132	-0.0515553718878308	0.001230012300123	mat	5	181538259	82.5	99.038259		33.7	interior		
chr5	83500000	0.0165734244067778	1.364913	0.0935919576271112	-0.2297715315172468	0.0006765067650676	mat	5	181538259	83.5	98.038259		34.7	interior		
chr5	84500000	0.0109478259718721	0.904739	0.0618860838874884	-0.2314095969464873	0.0004920049200492	mat	5	181538259	84.5	97.038259		35.7	interior		
chr5	85500000	0.0078701535753046	0.688639	0.0452533943012184	-0.2582620061401016	0.0003690036900369	mat	5	181538259	85.5	96.038259		36.7	interior		
chr5	86500000	0.0105723603995274	0.417484	0.0506391215981096	0.1327841685126368	0.000430504305043	mat	5	181538259	86.5	95.038259		37.7	interior		
chr5	87500000	0.0131091821059433	0.396591	0.0603685484237732	0.2606243973372842	0.0003075030750307	mat	5	181538259	87.5	94.038259		38.7	interior		
chr5	88500000	0.0208149905271395	0.469797	0.092655902108558	0.3912379337323571	0.000430504305043	mat	5	181538259	88.5	93.038259		39.7	interior		
chr5	89500000	0.0159259166975872	0.504217	0.0737880067903488	0.2393127769262169	0.0003075030750307	mat	5	181538259	89.5	92.038259		40.7	interior		
chr5	90500000	0.0217333700342755	0.730438	0.101542240137102	0.2109608665830004	0.0006765067650676	mat	5	181538259	90.5	91.038259		41.7	interior		
chr5	91500000	0.0180596988241186	0.689646	0.0860317152964744	0.1492044976773525	0.0006150061500615	mat	5	181538259	91.5	90.038259		42.7	interior		
chr5	92500000	0.0196192572585777	0.756098	0.0935989890343108	0.1447215423733754	0.0006150061500615	mat	5	181538259	92.5	89.038259		43.7	interior		
chr5	93500000	0.0178110407789183	0.71729	0.0855899631156732	0.1231158901681277	0.000430504305043	mat	5	181538259	93.5	88.038259		44.7	interior		
chr5	94500000	0.0247725532734317	1.044236	0.1199749330937268	0.1005810069390341	0.0005535055350553	mat	5	181538259	94.5	87.038259		45.7	interior		
chr5	95500000	0.0189509435630506	1.114807	0.0980999142522024	-0.0656224875446023	0.0004920049200492	mat	5	181538259	95.5	86.038259		46.7	interior		
chr5	96500000	0.0160314588234737	1.166282	0.0874514752938948	-0.1702626218581881	0.000430504305043	mat	5	181538259	96.5	85.038259		47.7	interior		
chr5	97500000	0.0071422575900292	0.818728	0.0449435903601168	-0.3793387291348235	0.0002460024600246	mat	5	181538259	97.5	84.038259		48.7	interior		
chr5	98500000	0.0143330222544142	0.771546	0.0727630090176568	-0.0213373487251037	0.0005535055350553	mat	5	181538259	98.5	83.038259		49.7	interior		
chr5	99500000	0.0170768359459583	0.518576	0.0786788637838332	0.2588660813810494	0.0005535055350553	mat	5	181538259	99.5	82.038259		50.7	interior		
chr5	100500000	0.013915310073907	0.448128	0.064623800295628	0.2312691167776467	0.000430504305043	mat	5	181538259	100.5	81.038259		51.7	interior		
chr5	101500000	0.0119247537351136	0.322317	0.0541453549404544	0.3123207302254466	0.0003075030750307	mat	5	181538259	101.5	80.038259		52.7	interior		
chr5	102500000	0.0143539582526464	0.694345	0.0713027330105856	0.0320918663836696	0.0006150061500615	mat	5	181538259	102.5	79.038259		53.7	interior		
chr5	103500000	0.0192629214138776	0.735714	0.0917659656555104	0.1491244065574249	0.0007995079950799	mat	5	181538259	103.5	78.038259		54.7	interior		
chr5	104500000	0.0162476043975046	0.772026	0.0804309375900184	0.041015099180488	0.0006765067650676	mat	5	181538259	104.5	77.038259		55.7	interior		
chr5	105500000	0.013379005895321	0.58266	0.065169223581284	0.0844145921454634	0.0004920049200492	mat	5	181538259	105.5	76.038259		56.7	interior		
chr5	106500000	0.0117826290167841	1.172131	0.0705731360671364	-0.3170839092490084	0.0005535055350553	mat	5	181538259	106.5	75.038259		57.7	interior		
chr5	107500000	0.0133583863011588	1.161024	0.0766540252046352	-0.2551204442916795	0.0007995079950799	mat	5	181538259	107.5	74.038259		58.7	interior		
chr5	108500000	0.0099457299781325	1.347335	0.06672961991253	-0.4484798535101704	0.0007380073800738	mat	5	181538259	108.5	73.038259		59.7	interior		
chr5	109500000	0.0233346986623536	0.950761	0.1123540146494144	0.1173704153432311	0.0010455104551045	mat	5	181538259	109.5	72.038259		60.7	interior		
chr5	110500000	0.0230738555177839	1.258282	0.1174610620711356	-0.0278195207810606	0.0009840098400984	mat	5	181538259	110.5	71.038259		61.7	interior		
chr5	111500000	0.0279338971918144	1.192055	0.1355766887672576	0.0944951795827055	0.0011070110701107	mat	5	181538259	111.5	70.038259		62.7	interior		
chr5	112500000	0.0162563294147589	1.160012	0.0882255576590356	-0.1608675337043564	0.0010455104551045	mat	5	181538259	112.5	69.038259		63.7	interior		
chr5	113500000	0.0237175373039976	0.867661	0.1122233692159904	0.1701113478978502	0.0012915129151291	mat	5	181538259	113.5	68.038259		64.7	interior		
chr5	114500000	0.0249517342216996	1.182961	0.1234661568867983	0.0421332547138424	0.001230012300123	mat	5	181538259	114.5	67.038259		65.7	interior		
chr5	115500000	0.0299353189680414	1.894653	0.1576343358721656	-0.1019460920762453	0.0011070110701107	mat	5	181538259	115.5	66.038259		66.7	interior		
chr5	116500000	0.0306784992145928	2.126972	0.1652534368583711	-0.1468033515537284	0.0010455104551045	mat	5	181538259	116.5	65.038259		67.7	interior		
chr5	117500000	0.0342256049679723	1.708823	0.1710788798718892	0.0162800283707732	0.0011070110701107	mat	5	181538259	117.5	64.038259		68.7	interior		
chr5	118500000	0.0410153184880266	0.805993	0.1801811339521064	0.4482513548643038	0.0014145141451414	mat	5	181538259	118.5	63.038259		69.7	interior		
chr5	119500000	0.0310120498286984	0.654237	0.1371329393147936	0.4194526103714699	0.0011685116851168	mat	5	181538259	119.5	62.038259		70.7	interior		
chr5	120500000	0.021301909844695	0.829662	0.1018008793787799	0.1395471174407655	0.0011070110701107	mat	5	181538259	120.5	61.038259		71.7	interior		
chr5	121500000	0.0150945482578038	1.023464	0.0808474730312152	-0.1358870121646224	0.0007995079950799	mat	5	181538259	121.5	60.038259		72.7	interior		
chr5	122500000	0.0186129654430291	1.191345	0.0982787617721164	-0.1074984244293905	0.0009225092250922	mat	5	181538259	122.5	59.038259		73.7	interior		
chr5	123500000	0.0234875469501031	1.627571	0.1265016078004124	-0.1465494547476586	0.0011685116851168	mat	5	181538259	123.5	58.038259		74.7	interior		
chr5	124500000	0.0178511548051797	1.922728	0.1098591792207188	-0.3523650741554777	0.001230012300123	mat	5	181538259	124.5	57.038259		75.7	interior		
chr5	125500000	0.0187156245557349	2.231808	0.1194986582229395	-0.3961127720856742	0.0012915129151291	mat	5	181538259	125.5	56.038259		76.7	interior		
chr5	126500000	0.0118916599727755	1.687412	0.081314879891102	-0.466809040453594	0.0008610086100861	mat	5	181538259	126.5	55.038259		77.7	interior		
chr5	127500000	0.0102816508357012	1.186075	0.0648481033428048	-0.3820411824612854	0.0004920049200492	mat	5	181538259	127.5	54.038259		78.7	interior		
chr5	128500000	0.0064829251147285	0.709272	0.040117140458914	-0.3591930788716581	0.0003075030750307	mat	5	181538259	128.5	53.038259		79.7	interior		
chr5	129500000	0.0076447694946283	0.427331	0.0391256979785132	-0.0401724714823389	0.0002460024600246	mat	5	181538259	129.5	52.038259		80.7	interior		
chr5	130500000	0.0126191910050185	0.319823	0.056873224020074	0.3410674610320504	0.0003075030750307	mat	5	181538259	130.5	51.038259		81.7	interior		
chr5	131500000	0.0149288913661599	0.345174	0.0666190454646396	0.3809747092444125	0.0002460024600246	mat	5	181538259	131.5	50.038259		82.7	interior		
chr5	132500000	0.0236515859471901	1.210142	0.1188091837887604	0.004043067794196	0.0007380073800738	mat	5	181538259	132.5	49.038259		83.7	interior		
chr5	133500000	0.0316706296346064	1.434001	0.1553625385384256	0.0650654565179982	0.0009840098400984	mat	5	181538259	133.5	48.038259		84.7	interior		
chr5	134500000	0.0379937688631914	2.002745	0.1920299754527656	-0.0108510013741919	0.0014760147601476	mat	5	181538259	134.5	47.038259		85.7	interior		
chr5	135500000	0.0344689068867185	1.332242	0.164520467546874	0.1433009055681437	0.0011070110701107	mat	5	181538259	135.5	46.038259		86.7	interior		
chr5	136500000	0.0229831622028758	1.286876	0.1176701688115032	-0.0410079847898248	0.0009225092250922	mat	5	181538259	136.5	45.038259		87.7	interior		
chr5	137500000	0.0210788957787569	0.625226	0.0968201031150275	0.2698055321578246	0.0005535055350553	mat	5	181538259	137.5	44.038259		88.7	interior		
chr5	138500000	0.0217217043305792	0.700314	0.1008930973223168	0.2307353938343567	0.0005535055350553	mat	5	181538259	138.5	43.038259		89.7	interior		
chr5	139500000	0.0231439354237674	0.674687	0.1060694816950696	0.2778183980655792	0.000430504305043	mat	5	181538259	139.5	42.038259		90.7	interior		
chr5	140500000	0.0136894729634267	1.050694	0.0757717718537068	-0.1961400873804016	0.0002460024600246	mat	5	181538259	140.5	41.038259		91.7	interior		
chr5	141500000	0.0209296350507389	1.998468	0.1236879002029556	-0.2985350417648898	0.0005535055350553	mat	5	181538259	141.5	40.038259		92.7	interior		
chr5	142500000	0.0311579471774952	2.301224	0.1706562687099808	-0.1775860770535423	0.0009225092250922	mat	5	181538259	142.5	39.038259		93.7	interior		
chr5	143500000	0.0354450326876925	1.85857	0.17895153075077	-0.0082150838559701	0.0009840098400984	mat	5	181538259	143.5	38.038259		94.7	interior		
chr5	144500000	0.0323198659728356	0.866429	0.1466080438913424	0.3160255280781313	0.0008610086100861	mat	5	181538259	144.5	37.038259		95.7	interior		
chr5	145500000	0.0192572574374146	0.738717	0.0918033697496584	0.1469885171275082	0.0004920049200492	mat	5	181538259	145.5	36.038259		96.7	interior		
chr5	146500000	0.024822233424028	1.39315	0.127151933696112	-0.0421918840467488	0.0007995079950799	mat	5	181538259	146.5	35.038259		97.7	interior		
chr5	147500000	0.0398037440142136	1.848705	0.1961890760568544	0.0523866485981243	0.001230012300123	mat	5	181538259	147.5	34.038259		98.7	interior		
chr5	148500000	0.0422509442392028	2.514142	0.2192866169568112	-0.0713342197597262	0.0014145141451414	mat	5	181538259	148.5	33.038259		99.7	interior		
chr5	149500000	0.0437671606539256	2.666259	0.2283938226157024	-0.0830079926463197	0.0012915129151291	mat	5	181538259	149.5	32.038259		100.7	interior		
chr5	150500000	0.0330074902506659	3.072159	0.1934731410026636	-0.2868460855009306	0.0011070110701107	mat	5	181538259	150.5	31.038259		101.7	interior		
chr5	151500000	0.030298202747163	2.205841	0.165309630988652	-0.1706279430043068	0.0009840098400984	mat	5	181538259	151.5	30.038259		102.7	interior		
chr5	152500000	0.0162466585372614	1.558624	0.0961591141490456	-0.3006747044969923	0.0007380073800738	mat	5	181538259	152.5	29.038259		103.7	interior		
chr5	153500000	0.0048954025608094	0.823472	0.0360510502432376	-0.5306446259421137	0.0002460024600246	mat	5	181538259	153.5	28.038259		104.7	interior		
chr5	154500000	0.0046999009899878	0.984167	0.0384829439599512	-0.6047184045806112	0.0003075030750307	mat	5	181538259	154.5	27.038259		105.7	interior		
chr5	155500000	0.0095832089619768	0.857131	0.0554754558479071	-0.2684703584648671	0.0004920049200492	mat	5	181538259	155.5	26.038259		106.7	interior		
chr5	156500000	0.0149560667019192	0.78251	0.0754744668076768	-0.00712022464288	0.0007380073800738	mat	5	181538259	156.5	25.038259		107.7	interior		
chr5	157500000	0.0137855454416098	0.702725	0.0691966817664392	0.0059019173665266	0.0006150061500615	mat	5	181538259	157.5	24.038259		108.7	interior		
chr5	158500000	0.0181540104899273	1.480883	0.1022337019597092	-0.2252469284016398	0.0009840098400984	mat	5	181538259	158.5	23.038259		109.7	interior		
chr5	159500000	0.0135528981276394	1.6497	0.0872055925105576	-0.4047358618920084	0.0007995079950799	mat	5	181538259	159.5	22.038259		110.7	interior		
chr5	160500000	0.0150426084593899	1.538452	0.0909394738375596	-0.329482953015648	0.0008610086100861	mat	5	181538259	160.5	21.038259		111.7	interior		
chr5	161500000	0.0151684376526141	1.226529	0.0852043306104564	-0.2210776540546805	0.0006765067650676	mat	5	181538259	161.5	20.038259		112.7	interior		
chr5	162500000	0.0145293575711704	1.122486	0.0805671502846816	-0.1992874695756524	0.0006150061500615	mat	5	181538259	162.5	19.038259		113.7	end_q	19.0	chr5q
chr5	163500000	0.018006981370451	1.450532	0.101038565481804	-0.2192694833745047	0.0006765067650676	mat	5	181538259	163.5	18.038259		114.7	end_q	18.0	chr5q
chr5	164500000	0.0162385445901466	1.778691	0.1005279983605864	-0.3597059737224697	0.0009225092250922	mat	5	181538259	164.5	17.038259		115.7	end_q	17.0	chr5q
chr5	165500000	0.0207425565745362	1.821108	0.1193923862981448	-0.2598354771472901	0.0011685116851168	mat	5	181538259	165.5	16.038259		116.7	end_q	16.0	chr5q
chr5	166500000	0.024951597434771	1.99431	0.139692589739084	-0.2155487944045895	0.0014760147601476	mat	5	181538259	166.5	15.038259		117.7	end_q	15.0	chr5q
chr5	167500000	0.0342698121459487	1.950788	0.1760950085837948	-0.0492475399054528	0.0012915129151291	mat	5	181538259	167.5	14.038259		118.7	end_q	14.0	chr5q
chr5	168500000	0.0353479001066637	2.323998	0.1878715604266548	-0.1207362844616426	0.0014145141451414	mat	5	181538259	168.5	13.038259		119.7	end_q	13.0	chr5q
chr5	169500000	0.0407620428886541	3.090706	0.2248622915546164	-0.1902795938149572	0.0017220172201722	mat	5	181538259	169.5	12.038259		120.7	end_q	12.0	chr5q
chr5	170500000	0.0407198160672427	3.152477	0.2259288042689708	-0.2002950924382718	0.0017835178351783	mat	5	181538259	170.5	11.038259		121.7	end_q	11.0	chr5q
chr5	171500000	0.0426449275219103	3.503755	0.2406548100876412	-0.2286519628150816	0.001660516605166	mat	5	181538259	171.5	10.038259		122.7	end_q	10.0	chr5q
chr5	172500000	0.0482100300744739	3.494312	0.2627263602978956	-0.1684664016565463	0.0018450184501845	mat	5	181538259	172.5	9.038259		123.7	end_q	9.0	chr5q
chr5	173500000	0.0602381355167219	3.883898	0.3186305020668876	-0.1111093279566319	0.0022755227552275	mat	5	181538259	173.5	8.038259		124.7	end_q	8.0	chr5q
chr5	174500000	0.079747193633966	4.03223	0.399633374535864	0.009967517227835	0.0031365313653136	mat	5	181538259	174.5	7.038259		125.7	end_q	7.0	chr5q
chr5	175500000	0.0710581620639405	2.972093	0.343674508255762	0.1044308736432179	0.0025215252152521	mat	5	181538259	175.5	6.038259		126.7	end_q	6.0	chr5q
chr5	176500000	0.0613054889840514	1.828122	0.2817843959362056	0.2673307795797836	0.0019065190651906	mat	5	181538259	176.5	5.038259		127.7	end_q	5.0	chr5q
chr5	177500000	0.067823117232083	0.838757	0.288067608928332	0.6132198924305193	0.0017220172201722	mat	5	181538259	177.5	4.038259		128.7	end_q	4.0	chr5q
chr5	178500000	0.0971740967321403	0.683233	0.4023610469285612	0.7600817367968694	0.0027675276752767	mat	5	181538259	178.5	3.038259		129.7	end_q	3.0	chr5q
chr5	179500000	0.0875651164372513	0.567425	0.3616089657490052	0.7767845477752023	0.0031980319803198	mat	5	181538259	179.5	2.038259		130.7	end_q	2.0	chr5q
chr5	180500000	0.0650557874719243	0.324294	0.2667090298876972	0.8237495171466187	0.0022140221402214	mat	5	181538259	180.5	1.038259		131.7	end_q	1.0	chr5q
chr5	181500000	0.0302686367937431	0.110777	0.1232900871749724	0.8674961199011412	0.0007995079950799	mat	5	181538259	181.5	0.038259		132.7	end_q	0.0	chr5q
chr6	500000	0.0386244129477637	0.515999	0.1648176317910548	0.5885628368624367	0.0010455104551045	mat	6	170805979	0.5	170.305979		59.3	end_p	0.0	chr6p
chr6	1500000	0.0382665016469539	0.55476	0.1641612065878156	0.5612075297687543	0.001660516605166	mat	6	170805979	1.5	169.305979		58.3	end_p	1.0	chr6p
chr6	2500000	0.0501677753019419	1.152855	0.2237282012077676	0.3835902613318996	0.0023985239852398	mat	6	170805979	2.5	168.305979		57.3	end_p	2.0	chr6p
chr6	3500000	0.0459237064254584	1.539145	0.2144777257018336	0.2122955873103904	0.0019065190651906	mat	6	170805979	3.5	167.305979		56.3	end_p	3.0	chr6p
chr6	4500000	0.0574239882728484	2.145647	0.2726088930913936	0.1598252438004627	0.0020295202952029	mat	6	170805979	4.5	166.305979		55.3	end_p	4.0	chr6p
chr6	5500000	0.0505286063196832	2.430198	0.2507183852787328	0.0349660484908968	0.0019680196801968	mat	6	170805979	5.5	165.305979		54.3	end_p	5.0	chr6p
chr6	6500000	0.0733719606143633	2.407501	0.3416378624574532	0.2223938810484256	0.0031365313653136	mat	6	170805979	6.5	164.305979		53.3	end_p	6.0	chr6p
chr6	7500000	0.058232744059975	2.00806	0.2730921762399	0.1986591473368828	0.0028290282902829	mat	6	170805979	7.5	163.305979		52.3	end_p	7.0	chr6p
chr6	8500000	0.0442488864305299	1.645186	0.2098992657221196	0.1622388708817089	0.0022140221402214	mat	6	170805979	8.5	162.305979		51.3	end_p	8.0	chr6p
chr6	9500000	0.0327527179826058	1.936236	0.1697355919304232	-0.0680776443746039	0.0014760147601476	mat	6	170805979	9.5	161.305979		50.3	end_p	9.0	chr6p
chr6	10500000	0.0448249973040205	2.581726	0.230934509216082	-0.0550934029990429	0.0020910209102091	mat	6	170805979	10.5	160.305979		49.3	end_p	10.0	chr6p
chr6	11500000	0.0480193198766485	2.657136	0.245219999506594	-0.0351114145742817	0.0020910209102091	mat	6	170805979	11.5	159.305979		48.3	end_p	11.0	chr6p
chr6	12500000	0.0378320273221839	2.476561	0.2008593292887356	-0.1185997686922298	0.0019680196801968	mat	6	170805979	12.5	158.305979		47.3	end_p	12.0	chr6p
chr6	13500000	0.038351380865923	2.218338	0.197772283463692	-0.0572244223547121	0.0015375153751537	mat	6	170805979	13.5	157.305979		46.3	end_p	13.0	chr6p
chr6	14500000	0.0468839612274992	2.216297	0.2318617849099968	0.0435881485634619	0.0017835178351783	mat	6	170805979	14.5	156.305979		45.3	end_p	14.0	chr6p
chr6	15500000	0.0552002420932052	2.549483	0.2717906283728208	0.0551791262530067	0.0019680196801968	mat	6	170805979	15.5	155.305979		44.3	end_p	15.0	chr6p
chr6	16500000	0.0513179252824873	2.141662	0.2481049411299491	0.1055314298141416	0.0018450184501845	mat	6	170805979	16.5	154.305979		43.3	end_p	16.0	chr6p
chr6	17500000	0.0380919991053199	1.680994	0.1859878764212796	0.0778485084018658	0.0014760147601476	mat	6	170805979	17.5	153.305979		42.3	end_p	17.0	chr6p
chr6	18500000	0.0375748967496781	1.292049	0.1761405669987124	0.2000170232928127	0.0014760147601476	mat	6	170805979	18.5	152.305979		41.3	end_p	18.0	chr6p
chr6	19500000	0.0280689379123466	1.814821	0.1485721716493864	-0.1124867098630266	0.0013530135301353	mat	6	170805979	19.5	151.305979		40.3	end_p	19.0	chr6p
chr6	20500000	0.0242916830948538	2.471303	0.1465927923794152	-0.327128189391702	0.0012915129151291	mat	6	170805979	20.5	150.305979		39.3	interior		
chr6	21500000	0.0108035865767325	2.725556	0.09772546630693	-0.6605001310038223	0.0008610086100861	mat	6	170805979	21.5	149.305979		38.3	interior		
chr6	22500000	0.0173608525393445	2.831773	0.126078870157378	-0.519493465358937	0.001230012300123	mat	6	170805979	22.5	148.305979		37.3	interior		
chr6	23500000	0.0255331573462989	2.505347	0.1522395693851956	-0.3108877287214805	0.0014760147601476	mat	6	170805979	23.5	147.305979		36.3	interior		
chr6	24500000	0.0310787988414177	2.050936	0.1653339153656708	-0.1225689571581307	0.0014145141451414	mat	6	170805979	24.5	146.305979		35.3	interior		
chr6	25500000	0.0202326614401977	1.175709	0.1044448257607908	-0.059519293095612	0.0006765067650676	mat	6	170805979	25.5	145.305979		34.3	interior		
chr6	26500000	0.011210477751146	0.648793	0.057817771004584	-0.057494454673815	0.0001845018450184	mat	6	170805979	26.5	144.305979		33.3	interior		
chr6	27500000	0.0084102147248099	0.252943	0.0386997188992396	0.263360475802451	0.0	mat	6	170805979	27.5	143.305979		32.3	interior		
chr6	28500000	0.0127877440083952	0.172084	0.0545926560335808	0.5861802251443108	0.0	mat	6	170805979	28.5	142.305979		31.299999999999997	interior		
chr6	29500000	0.0196594422287968	0.261871	0.0838751889151872	0.5895182272798807	0.0	mat	6	170805979	29.5	141.305979		30.299999999999997	interior		
chr6	30500000	0.0286802153462905	0.381189	0.122344641385162	0.5902375888043602	0.0	mat	6	170805979	30.5	140.305979		29.299999999999997	interior		
chr6	31500000	0.0286802153462905	0.665864	0.128038141385162	0.3792090512420628	0.0	mat	6	170805979	31.5	139.305979		28.299999999999997	interior		
chr6	32500000	0.0455080426715222	1.377963	0.2095914306860888	0.2602142773524687	0.0006150061500615	mat	6	170805979	32.5	138.305979		27.299999999999997	interior		
chr6	33500000	0.0415612100774298	1.588511	0.1980150603097192	0.1487695977466861	0.0007995079950799	mat	6	170805979	33.5	137.305979		26.299999999999997	interior		
chr6	34500000	0.0412966383814192	1.489602	0.1949785935256767	0.1769505686318248	0.0009840098400984	mat	6	170805979	34.5	136.305979		25.299999999999997	interior		
chr6	35500000	0.0366073220706587	1.363381	0.1736969082826348	0.1614130171299048	0.0007995079950799	mat	6	170805979	35.5	135.305979		24.299999999999997	interior		
chr6	36500000	0.039826984372645	1.780011	0.19490815749058	0.0715370195057591	0.0009840098400984	mat	6	170805979	36.5	134.305979		23.299999999999997	interior		
chr6	37500000	0.0258568400943991	1.820637	0.1398401003775964	-0.154364847228931	0.0008610086100861	mat	6	170805979	37.5	133.305979		22.299999999999997	interior		
chr6	38500000	0.0131547270430277	1.727545	0.0871698081721108	-0.4359853999304985	0.0004920049200492	mat	6	170805979	38.5	132.305979		21.299999999999997	interior		
chr6	39500000	0.0042390631595113	1.626809	0.0494924326380452	-0.7630360101191448	0.0003690036900369	mat	6	170805979	39.5	131.305979		20.299999999999997	interior		
chr6	40500000	0.0144026307241411	2.571963	0.1090497828965644	-0.5517768946619919	0.0006765067650676	mat	6	170805979	40.5	130.305979		19.299999999999997	interior		
chr6	41500000	0.0324291809447609	3.212697	0.1939706637790436	-0.3152185496207851	0.0009840098400984	mat	6	170805979	41.5	129.305979		18.299999999999997	interior		
chr6	42500000	0.0396456668580358	3.722013	0.2330229274321432	-0.2908042987358258	0.0009225092250922	mat	6	170805979	42.5	128.305979		17.299999999999997	interior		
chr6	43500000	0.0447645455271922	3.511457	0.2492873221087688	-0.2065936077689306	0.0008610086100861	mat	6	170805979	43.5	127.305979		16.299999999999997	interior		
chr6	44500000	0.0327267415846199	2.624054	0.1833880463384796	-0.2170585117693683	0.0006765067650676	mat	6	170805979	44.5	126.305979		15.299999999999997	interior		
chr6	45500000	0.0270155656281461	1.828224	0.1446267425125844	-0.1349409262278263	0.0006150061500615	mat	6	170805979	45.5	125.305979		14.299999999999997	interior		
chr6	46500000	0.0154473959011804	1.299942	0.0877884236047216	-0.2399704403368499	0.0004920049200492	mat	6	170805979	46.5	124.305979		13.299999999999997	interior		
chr6	47500000	0.0121698819026694	1.027652	0.0692325676106776	-0.2415875096576848	0.0003690036900369	mat	6	170805979	47.5	123.305979		12.299999999999997	interior		
chr6	48500000	0.0102469126458658	0.800356	0.0569947705834632	-0.2045393830211274	0.0003075030750307	mat	6	170805979	48.5	122.305979		11.299999999999997	interior		
chr6	49500000	0.0074018346961932	0.411066	0.0378286587847727	-0.036921653554687	0.0001845018450184	mat	6	170805979	49.5	121.305979		10.299999999999997	interior		
chr6	50500000	0.0119596800064363	0.51708	0.0581803200257452	0.0880178353024675	0.0003690036900369	mat	6	170805979	50.5	120.305979		9.299999999999997	other		
chr6	51500000	0.0157606036207706	1.352454	0.0900914944830824	-0.2491504308456151	0.0004920049200492	mat	6	170805979	51.5	119.305979		8.299999999999997	other		
chr6	52500000	0.0140448786857557	1.957486	0.0953292347430228	-0.4597582751114478	0.0004920049200492	mat	6	170805979	52.5	118.305979		7.299999999999997	other		
chr6	53500000	0.0110270383855397	1.957385	0.0832558535421588	-0.5496870116722582	0.0003075030750307	mat	6	170805979	53.5	117.305979		6.299999999999997	other		
chr6	54500000	0.0075590521164052	1.283913	0.0559144684656208	-0.5341160024369915	0.0002460024600246	mat	6	170805979	54.5	116.305979		5.299999999999997	other		
chr6	55500000	0.016948681497675	0.946053	0.0867157859907	-0.0394592784452804	0.0007380073800738	mat	6	170805979	55.5	115.305979		4.299999999999997	other		
chr6	56500000	0.0199031336581745	0.817492	0.095962374632698	0.1134026229904475	0.0007380073800738	mat	6	170805979	56.5	114.305979		3.299999999999997	other		
chr6	57500000	0.0663808573972824	0.499772	0.2755188695891296	0.745257848129375	0.0015990159901599	mat	6	170805979	57.5	113.305979		2.299999999999997	other		
chr6	58500000	0.0924382358931896	0.129318	0.3723393035727584	0.94718862149201	0.0010455104551045	mat	6	170805979	58.5	112.305979		1.2999999999999972	other		
chr6	59500000	0.1842422225779652	0.020489	0.7373786703118608	0.9956973261799936	0.0009840098400984	mat	6	170805979	59.5	111.305979		0.29999999999999716	other		
chr6	60500000	0.019979004756332	0.045785	0.080831719025328	0.914922874980961	0.0003075030750307	mat	6	170805979	60.5	110.305979		0.7000000000000028	other		
chr6	61500000	0.0116186163018007	0.102904	0.0485325452072028	0.7069102194358495	0.0003690036900369	mat	6	170805979	61.5	109.305979		1.7000000000000028	other		
chr6	62500000	0.0071178579371222	0.232143	0.0331142917484888	0.2252701600424177	0.0003690036900369	mat	6	170805979	62.5	108.305979		2.700000000000003	other		
chr6	63500000	0.0041454515572695	0.445721	0.025496226229078	-0.3515982090832287	0.0002460024600246	mat	6	170805979	63.5	107.305979		3.700000000000003	other		
chr6	64500000	0.0095398659157521	0.708546	0.0523303836630084	-0.1803005102454265	0.0006150061500615	mat	6	170805979	64.5	106.305979		4.700000000000003	other		
chr6	65500000	0.016864545107832	0.97933	0.0870447804313279	-0.0591838397166585	0.0011070110701107	mat	6	170805979	65.5	105.305979		5.700000000000003	other		
chr6	66500000	0.019509084763926	0.969996	0.097436259055704	0.0183665791695012	0.0011070110701107	mat	6	170805979	66.5	104.305979		6.700000000000003	other		
chr6	67500000	0.025353070431454	0.958397	0.120580221725816	0.1541545686475699	0.0011685116851168	mat	6	170805979	67.5	103.305979		7.700000000000003	other		
chr6	68500000	0.0203771878290462	0.698675	0.0954822513161848	0.2013984238652284	0.0007380073800738	mat	6	170805979	68.5	102.305979		8.700000000000003	other		
chr6	69500000	0.0218562473375579	0.944342	0.1063118293502316	0.0883427986123628	0.0011685116851168	mat	6	170805979	69.5	101.305979		9.700000000000003	other		
chr6	70500000	0.0108152420535371	0.93366	0.0619341682141484	-0.2519589516072623	0.0007995079950799	mat	6	170805979	70.5	100.305979		10.700000000000003	interior		
chr6	71500000	0.0166765216613261	1.082981	0.0883657066453044	-0.1146545297225196	0.0009840098400984	mat	6	170805979	71.5	99.305979		11.700000000000003	interior		
chr6	72500000	0.0147963846248602	0.945118	0.0780878984994408	-0.1064837359331728	0.0006765067650676	mat	6	170805979	72.5	98.305979		12.700000000000003	interior		
chr6	73500000	0.0157214224194059	0.794802	0.0787817296776236	0.0100397804173948	0.0006765067650676	mat	6	170805979	73.5	97.305979		13.700000000000003	interior		
chr6	74500000	0.0125159898732733	0.711957	0.0643030994930932	-0.0488917393911001	0.0004920049200492	mat	6	170805979	74.5	96.305979		14.700000000000003	interior		
chr6	75500000	0.0105289041661312	0.620272	0.0545210566645247	-0.0663448220132649	0.0003690036900369	mat	6	170805979	75.5	95.305979		15.700000000000003	interior		
chr6	76500000	0.0109900770850205	0.639304	0.056746388340082	-0.0600468283262219	0.0003690036900369	mat	6	170805979	76.5	94.305979		16.700000000000003	interior		
chr6	77500000	0.006051714068655	0.571732	0.03564149627462	-0.293680936336256	0.0003690036900369	mat	6	170805979	77.5	93.305979		17.700000000000003	interior		
chr6	78500000	0.0067262692874365	0.78204	0.042545877149746	-0.3853845500164536	0.0003690036900369	mat	6	170805979	78.5	92.305979		18.700000000000003	interior		
chr6	79500000	0.0037889559097069	0.736571	0.0298872436388276	-0.5806104274851352	0.0002460024600246	mat	6	170805979	79.5	91.305979		19.700000000000003	interior		
chr6	80500000	0.0031786736944706	0.848768	0.0296900547778823	-0.6762038791348792	0.0002460024600246	mat	6	170805979	80.5	90.305979		20.700000000000003	interior		
chr6	81500000	0.0042411748455904	0.61894	0.0293434993823616	-0.4777073540659212	0.0002460024600246	mat	6	170805979	81.5	89.305979		21.700000000000003	interior		
chr6	82500000	0.0089144415009914	0.672915	0.0491160660039656	-0.1881308351559021	0.0003075030750307	mat	6	170805979	82.5	88.305979		22.700000000000003	interior		
chr6	83500000	0.0140116124251506	0.706596	0.0701783697006024	0.0112877034182539	0.0003690036900369	mat	6	170805979	83.5	87.305979		23.700000000000003	interior		
chr6	84500000	0.0120411524295082	0.604252	0.0602496497180327	0.0137430434443001	0.0003075030750307	mat	6	170805979	84.5	86.305979		24.700000000000003	interior		
chr6	85500000	0.0098624674547697	0.656298	0.0525758298190788	-0.1266805311355971	0.0003690036900369	mat	6	170805979	85.5	85.305979		25.700000000000003	interior		
chr6	86500000	0.0142098534417178	0.755817	0.0719557537668711	-0.0153561228410906	0.0006765067650676	mat	6	170805979	86.5	84.305979		26.700000000000003	interior		
chr6	87500000	0.0188893845902483	1.174611	0.0990497583609932	-0.0932003346541868	0.0008610086100861	mat	6	170805979	87.5	83.305979		27.700000000000003	interior		
chr6	88500000	0.0259420499380421	1.396257	0.1316933397521684	-0.0212648773079529	0.0009840098400984	mat	6	170805979	88.5	82.305979		28.700000000000003	interior		
chr6	89500000	0.0212465999530285	2.01886	0.125363599812114	-0.2963114922517151	0.0007995079950799	mat	6	170805979	89.5	81.305979		29.700000000000003	interior		
chr6	90500000	0.0213767904817846	2.02552	0.1260175619271384	-0.2950268384363227	0.0007995079950799	mat	6	170805979	90.5	80.305979		30.700000000000003	interior		
chr6	91500000	0.0161393328784731	1.782716	0.1002116515138923	-0.3633521127995506	0.0006765067650676	mat	6	170805979	91.5	79.305979		31.700000000000003	interior		
chr6	92500000	0.0160331726058708	1.009743	0.0843275504234832	-0.0994908999165244	0.0005535055350553	mat	6	170805979	92.5	78.305979		32.7	interior		
chr6	93500000	0.0111008320242475	0.707216	0.0585476480969899	-0.1051929362749043	0.000430504305043	mat	6	170805979	93.5	77.305979		33.7	interior		
chr6	94500000	0.0103317352342405	0.650166	0.054330260936962	-0.0991028677652667	0.0003075030750307	mat	6	170805979	94.5	76.305979		34.7	interior		
chr6	95500000	0.0037327315796347	0.671652	0.0283639663185388	-0.5544096457161682	0.0001845018450184	mat	6	170805979	95.5	75.305979		35.7	interior		
chr6	96500000	0.0028852864213165	0.566334	0.0228678256852659	-0.5837981717262754	0.0	mat	6	170805979	96.5	74.305979		36.7	interior		
chr6	97500000	0.0108265614886043	0.697882	0.0572638859544172	-0.1109901099098629	0.0001845018450184	mat	6	170805979	97.5	73.305979		37.7	interior		
chr6	98500000	0.018017282093171	0.733965	0.086748428372684	0.117464756882419	0.0004920049200492	mat	6	170805979	98.5	72.305979		38.7	interior		
chr6	99500000	0.0196243509861485	0.912883	0.0967550639445939	0.0516103350144883	0.0006150061500615	mat	6	170805979	99.5	71.305979		39.7	interior		
chr6	100500000	0.0118416644946117	0.974873	0.0668641179784468	-0.2295998472573426	0.0004920049200492	mat	6	170805979	100.5	70.305979		40.7	interior		
chr6	101500000	0.0116736709243118	0.928376	0.0652622036972472	-0.2131566542619695	0.0003690036900369	mat	6	170805979	101.5	69.305979		41.7	interior		
chr6	102500000	0.0121745382328032	0.926138	0.0672209129312128	-0.1918563570591072	0.000430504305043	mat	6	170805979	102.5	68.305979		42.7	interior		
chr6	103500000	0.0132625956819885	0.800342	0.069057222727954	-0.0783105390185796	0.000430504305043	mat	6	170805979	103.5	67.305979		43.7	interior		
chr6	104500000	0.0155982138824909	1.725642	0.0969056955299635	-0.3640306880485702	0.0005535055350553	mat	6	170805979	104.5	66.305979		44.7	interior		
chr6	105500000	0.0155398792046119	2.16638	0.1054871168184476	-0.4598548073706208	0.0006150061500615	mat	6	170805979	105.5	65.305979		45.7	interior		
chr6	106500000	0.0218734078419756	2.592836	0.1393503513679024	-0.3935920242741982	0.0009840098400984	mat	6	170805979	106.5	64.305979		46.7	interior		
chr6	107500000	0.0247336573273055	2.126122	0.141457069309222	-0.249960325698321	0.0009225092250922	mat	6	170805979	107.5	63.305979		47.7	interior		
chr6	108500000	0.0271780573005385	1.693771	0.142587649202154	-0.0942958939562322	0.0010455104551045	mat	6	170805979	108.5	62.305979		48.7	interior		
chr6	109500000	0.0205334875908314	1.431673	0.1107674103633256	-0.1495659651660795	0.0006765067650676	mat	6	170805979	109.5	61.305979		49.7	interior		
chr6	110500000	0.0143495542474997	0.986445	0.0771271169899988	-0.1426404625476728	0.0005535055350553	mat	6	170805979	110.5	60.305979		50.7	interior		
chr6	111500000	0.0135778683446241	0.998306	0.0742775933784964	-0.1754021003663128	0.0003690036900369	mat	6	170805979	111.5	59.305979		51.7	interior		
chr6	112500000	0.0124021470572281	0.89492	0.0675069882289124	-0.1662988954980557	0.0003690036900369	mat	6	170805979	112.5	58.305979		52.7	interior		
chr6	113500000	0.007127478760502	0.829552	0.045100955042008	-0.3858285040841094	0.0003690036900369	mat	6	170805979	113.5	57.305979		53.7	interior		
chr6	114500000	0.0049383603474603	0.611218	0.0319778013898412	-0.4116827341359136	0.0003690036900369	mat	6	170805979	114.5	56.305979		54.7	interior		
chr6	115500000	0.0076190316052165	0.446516	0.039406446420866	-0.0637519013578856	0.000430504305043	mat	6	170805979	115.5	55.305979		55.7	interior		
chr6	116500000	0.008141881760705	0.577455	0.04411662704282	-0.1578978879589491	0.0003690036900369	mat	6	170805979	116.5	54.305979		56.7	interior		
chr6	117500000	0.0062461038714175	0.62867	0.03755781548567	-0.3223342232069434	0.0001845018450184	mat	6	170805979	117.5	53.305979		57.7	interior		
chr6	118500000	0.0031345204425048	0.637311	0.0252843017700192	-0.5952875848252613	0.0001230012300123	mat	6	170805979	118.5	52.305979		58.7	interior		
chr6	119500000	0.0057778965954499	0.467821	0.0324680063817996	-0.2217049858132457	0.0002460024600246	mat	6	170805979	119.5	51.305979		59.7	interior		
chr6	120500000	0.0084151736841759	0.511386	0.0438884147367036	-0.0817865192009922	0.0005535055350553	mat	6	170805979	120.5	50.305979		60.7	interior		
chr6	121500000	0.010187076435341	0.754453	0.055837365741364	-0.1789154457711749	0.0007380073800738	mat	6	170805979	121.5	49.305979		61.7	interior		
chr6	122500000	0.0103398558501433	1.291362	0.0671866634005732	-0.4154240900514804	0.0007380073800738	mat	6	170805979	122.5	48.305979		62.7	interior		
chr6	123500000	0.015857005081801	1.940618	0.102240380327204	-0.4069919656985608	0.0007995079950799	mat	6	170805979	123.5	47.305979		63.7	interior		
chr6	124500000	0.0233407397749241	2.327131	0.1399055790996964	-0.318090371568666	0.0009225092250922	mat	6	170805979	124.5	46.305979		64.7	interior		
chr6	125500000	0.0302292910199176	1.748359	0.1558843440796704	-0.0571738609761737	0.0009225092250922	mat	6	170805979	125.5	45.305979		65.7	interior		
chr6	126500000	0.0212172281287828	1.084265	0.1065542125151312	0.0046524049994038	0.0006150061500615	mat	6	170805979	126.5	44.305979		66.7	interior		
chr6	127500000	0.0200354063848898	0.589564	0.0919329055395592	0.2734911784537867	0.000430504305043	mat	6	170805979	127.5	43.305979		67.7	interior		
chr6	128500000	0.0182943146527191	1.099338	0.0951640186108764	-0.0762139826011904	0.0006150061500615	mat	6	170805979	128.5	42.305979		68.7	interior		
chr6	129500000	0.0187413281944471	1.278608	0.1005374727777883	-0.1389194176881006	0.0007380073800738	mat	6	170805979	129.5	41.305979		69.7	interior		
chr6	130500000	0.0114748339874531	1.533501	0.0765693559498124	-0.4430357796102631	0.0005535055350553	mat	6	170805979	130.5	40.305979		70.7	interior		
chr6	131500000	0.0140213106998189	1.461333	0.0853119027992756	-0.3378721202893848	0.0006765067650676	mat	6	170805979	131.5	39.305979		71.7	interior		
chr6	132500000	0.0126795402636987	1.51455	0.0810091610547948	-0.3968187841533534	0.0006150061500615	mat	6	170805979	132.5	38.305979		72.7	interior		
chr6	133500000	0.0192521094080753	2.062226	0.1182529576323012	-0.3499491579472183	0.0009225092250922	mat	6	170805979	133.5	37.305979		73.7	interior		
chr6	134500000	0.017799396061495	1.958514	0.11036786424598	-0.361676954952726	0.0006765067650676	mat	6	170805979	134.5	36.305979		74.7	interior		
chr6	135500000	0.0256256290307627	2.015376	0.1428100361230508	-0.2078369143258603	0.0007995079950799	mat	6	170805979	135.5	35.305979		75.7	interior		
chr6	136500000	0.0234417743069599	1.805892	0.1298849372278396	-0.1979236675079091	0.0007380073800738	mat	6	170805979	136.5	34.305979		76.7	interior		
chr6	137500000	0.0198312321555496	2.041153	0.1201479886221984	-0.3323177788102424	0.0007995079950799	mat	6	170805979	137.5	33.305979		77.7	interior		
chr6	138500000	0.0144164522976428	2.489654	0.1074588891905712	-0.5400243500987653	0.0007995079950799	mat	6	170805979	138.5	32.305979		78.7	interior		
chr6	139500000	0.0104491154883876	1.672695	0.0752503619535504	-0.5126091739415826	0.0005535055350553	mat	6	170805979	139.5	31.305979		79.7	interior		
chr6	140500000	0.0108693189048189	1.121852	0.0659143156192756	-0.3335537389484806	0.000430504305043	mat	6	170805979	140.5	30.305979		80.7	interior		
chr6	141500000	0.0104943866263557	0.459831	0.0511741665054227	0.0813848343504887	0.0003075030750307	mat	6	170805979	141.5	29.305979		81.7	interior		
chr6	142500000	0.0249574274383969	0.961603	0.1190617697535875	0.1448337342078264	0.0007995079950799	mat	6	170805979	142.5	28.305979		82.7	interior		
chr6	143500000	0.0252507107837444	1.217451	0.1253518631349776	0.0337315440140478	0.0006765067650676	mat	6	170805979	143.5	27.305979		83.7	interior		
chr6	144500000	0.0254520199159668	1.013593	0.1220799396638672	0.1286271867586057	0.0006765067650676	mat	6	170805979	144.5	26.305979		84.7	interior		
chr6	145500000	0.0220737171723868	0.788776	0.1040703886895472	0.1814939804676269	0.0006150061500615	mat	6	170805979	145.5	25.305979		85.7	interior		
chr6	146500000	0.024038328003187	0.941889	0.114991092012748	0.1365963555991803	0.0008610086100861	mat	6	170805979	146.5	24.305979		86.7	interior		
chr6	147500000	0.0339947155086565	2.023774	0.176454342034626	-0.0715601151830715	0.0014145141451414	mat	6	170805979	147.5	23.305979		87.7	interior		
chr6	148500000	0.0230561154518637	2.084902	0.1339225018074548	-0.2735514761387723	0.0011070110701107	mat	6	170805979	148.5	22.305979		88.7	interior		
chr6	149500000	0.0222219143543108	2.468691	0.1382614774172432	-0.3658364423148366	0.001230012300123	mat	6	170805979	149.5	21.305979		89.7	interior		
chr6	150500000	0.0150405776118637	2.156073	0.1032837704474547	-0.4707796675581895	0.0008610086100861	mat	6	170805979	150.5	20.305979		90.7	interior		
chr6	151500000	0.0196591773580978	2.524491	0.1291265294323912	-0.4268599926750052	0.0011070110701107	mat	6	170805979	151.5	19.305979		91.7	end_q	19.0	chr6q
chr6	152500000	0.0178536768032558	2.214453	0.1157037672130232	-0.4125672221656224	0.0010455104551045	mat	6	170805979	152.5	18.305979		92.7	end_q	18.0	chr6q
chr6	153500000	0.0319595852086946	2.367311	0.1751845608347784	-0.1789951904119191	0.0015375153751537	mat	6	170805979	153.5	17.305979		93.7	end_q	17.0	chr6q
chr6	154500000	0.0254415779455089	2.381228	0.1493908717820356	-0.2894069877614175	0.0014760147601476	mat	6	170805979	154.5	16.305979		94.7	end_q	16.0	chr6q
chr6	155500000	0.0356178289056008	2.242332	0.1873179556224032	-0.0993097536253754	0.001660516605166	mat	6	170805979	155.5	15.305979		95.7	end_q	15.0	chr6q
chr6	156500000	0.0275096988505228	1.859763	0.1472340554020912	-0.134439507330891	0.0012915129151291	mat	6	170805979	156.5	14.305979		96.7	end_q	14.0	chr6q
chr6	157500000	0.0337263705552677	1.469661	0.1642987022210708	0.084121722319151	0.0013530135301353	mat	6	170805979	157.5	13.305979		97.7	end_q	13.0	chr6q
chr6	158500000	0.0240585469462795	1.678018	0.129794547785118	-0.1497304096985125	0.0010455104551045	mat	6	170805979	158.5	12.305979		98.7	end_q	12.0	chr6q
chr6	159500000	0.0144647160665477	1.408703	0.0860329242661908	-0.3074997463912997	0.0007380073800738	mat	6	170805979	159.5	11.305979		99.7	end_q	11.0	chr6q
chr6	160500000	0.0165404329147395	2.38086	0.113778931658958	-0.4723804262616883	0.001230012300123	mat	6	170805979	160.5	10.305979		100.7	end_q	10.0	chr6q
chr6	161500000	0.0205201276413574	2.234828	0.1267770705654295	-0.3572082494482718	0.0017835178351783	mat	6	170805979	161.5	9.305979		101.7	end_q	9.0	chr6q
chr6	162500000	0.026695995695438	2.919679	0.165177562781752	-0.3590398205124934	0.0022140221402214	mat	6	170805979	162.5	8.305979		102.7	end_q	8.0	chr6q
chr6	163500000	0.0196836413358525	2.043374	0.11960204534341	-0.3361186629534933	0.0017220172201722	mat	6	170805979	163.5	7.305979		103.7	end_q	7.0	chr6q
chr6	164500000	0.0244110968508848	2.170019	0.1410447674035392	-0.2656263181598824	0.0015990159901599	mat	6	170805979	164.5	6.305979		104.7	end_q	6.0	chr6q
chr6	165500000	0.0401605623175568	2.285698	0.2063562092702272	-0.0491564767459747	0.0017835178351783	mat	6	170805979	165.5	5.305979		105.7	end_q	5.0	chr6q
chr6	166500000	0.0505090178658204	2.437345	0.2507829714632816	0.033305814564855	0.0021525215252152	mat	6	170805979	166.5	4.305979		106.7	end_q	4.0	chr6q
chr6	167500000	0.0463861599656166	2.214511	0.2298348598624663	0.038662340092389	0.0019065190651906	mat	6	170805979	167.5	3.305979		107.7	end_q	3.0	chr6q
chr6	168500000	0.0253323342340919	1.12539	0.1238371369363676	0.0745343593296346	0.0012915129151291	mat	6	170805979	168.5	2.305979		108.7	end_q	2.0	chr6q
chr6	169500000	0.0179556903356818	0.733105	0.0864848613427272	0.1163541797551835	0.0006150061500615	mat	6	170805979	169.5	1.305979		109.7	end_q	1.0	chr6q
chr6	170500000	0.0163473316806195	0.190669	0.069202706722478	0.6311572887623049	0.0001845018450184	mat	6	170805979	170.5	0.305979		110.7	end_q	0.0	chr6q
chr7	500000	0.0780817821196269	0.468867	0.3217044684785076	0.7914471622146347	0.0019065190651906	mat	7	159345973	0.5	158.845973		59.6	end_p	0.0	chr7p
chr7	1500000	0.0930359833669532	0.669582	0.3855355734678128	0.7551108622472648	0.003690036900369	mat	7	159345973	1.5	157.845973		58.6	end_p	1.0	chr7p
chr7	2500000	0.0515433612654958	0.726497	0.2207033850619832	0.5707732844289474	0.002890528905289	mat	7	159345973	2.5	156.845973		57.6	end_p	2.0	chr7p
chr7	3500000	0.0580179491618462	1.100546	0.2540827166473848	0.4622507354047647	0.0032595325953259	mat	7	159345973	3.5	155.845973		56.6	end_p	3.0	chr7p
chr7	4500000	0.0535011667538966	1.40275	0.2420596670155864	0.3259868276255036	0.0023985239852398	mat	7	159345973	4.5	154.845973		55.6	end_p	4.0	chr7p
chr7	5500000	0.06486402942948	1.703449	0.29352509771792	0.3252579462518024	0.0022755227552275	mat	7	159345973	5.5	153.845973		54.6	end_p	5.0	chr7p
chr7	6500000	0.0566721267747593	2.12898	0.2692681070990372	0.1572021122821289	0.0022755227552275	mat	7	159345973	6.5	152.845973		53.6	end_p	6.0	chr7p
chr7	7500000	0.0356859010352619	2.871802	0.2001796441410475	-0.2187997436036038	0.0019065190651906	mat	7	159345973	7.5	151.845973		52.6	end_p	7.0	chr7p
chr7	8500000	0.0345484239184691	3.2567	0.2033276956738764	-0.2926658658734571	0.0019680196801968	mat	7	159345973	8.5	150.845973		51.6	end_p	8.0	chr7p
chr7	9500000	0.0211705316892294	2.487427	0.1344306667569176	-0.3898494270808724	0.0014760147601476	mat	7	159345973	9.5	149.845973		50.6	end_p	9.0	chr7p
chr7	10500000	0.0194826438818749	2.158272	0.1210960155274996	-0.3646122564076461	0.0012915129151291	mat	7	159345973	10.5	148.845973		49.6	end_p	10.0	chr7p
chr7	11500000	0.0117627381884848	1.530461	0.0776601727539392	-0.4322165762584877	0.0008610086100861	mat	7	159345973	11.5	147.845973		48.6	end_p	11.0	chr7p
chr7	12500000	0.0153339099992743	2.062334	0.1025823199970972	-0.4455938401055734	0.001230012300123	mat	7	159345973	12.5	146.845973		47.6	end_p	12.0	chr7p
chr7	13500000	0.0189996601381308	2.067555	0.1173497405525232	-0.3568538418596479	0.0015375153751537	mat	7	159345973	13.5	145.845973		46.6	end_p	13.0	chr7p
chr7	14500000	0.0249792240113806	2.32839	0.1464846960455224	-0.2875280546119693	0.0018450184501845	mat	7	159345973	14.5	144.845973		45.6	end_p	14.0	chr7p
chr7	15500000	0.0272046648320901	2.191815	0.1526549593283604	-0.219350708720338	0.001660516605166	mat	7	159345973	15.5	143.845973		44.6	end_p	15.0	chr7p
chr7	16500000	0.0245780584644171	1.781299	0.1339382138576684	-0.1684272205684568	0.0013530135301353	mat	7	159345973	16.5	142.845973		43.6	end_p	16.0	chr7p
chr7	17500000	0.0477733690192213	1.84067	0.2279068760768852	0.1448404154237157	0.002460024600246	mat	7	159345973	17.5	141.845973		42.6	end_p	17.0	chr7p
chr7	18500000	0.0450812373018478	1.724424	0.2148134292073912	0.1483798314358251	0.0021525215252152	mat	7	159345973	18.5	140.845973		41.6	end_p	18.0	chr7p
chr7	19500000	0.0538497845656622	1.892059	0.2532403182626488	0.1896395367337343	0.002460024600246	mat	7	159345973	19.5	139.845973		40.6	end_p	19.0	chr7p
chr7	20500000	0.0415744125472078	1.8966	0.2042296501888311	0.0613308287146087	0.0017835178351783	mat	7	159345973	20.5	138.845973		39.6	interior		
chr7	21500000	0.0476128113696689	2.063368	0.2317186054786756	0.0868585677570344	0.0022140221402214	mat	7	159345973	21.5	137.845973		38.6	interior		
chr7	22500000	0.0397819782957609	1.390634	0.1869405931830436	0.1921069885054368	0.0020295202952029	mat	7	159345973	22.5	136.845973		37.6	interior		
chr7	23500000	0.035836872905732	1.234714	0.168041771622928	0.1990717774675342	0.0017835178351783	mat	7	159345973	23.5	135.845973		36.6	interior		
chr7	24500000	0.0340088519606548	1.222705	0.1604895078426192	0.1785402529914361	0.001660516605166	mat	7	159345973	24.5	134.845973		35.6	interior		
chr7	25500000	0.0315172330061731	1.43713	0.1548115320246924	0.0615621126455448	0.0014760147601476	mat	7	159345973	25.5	133.845973		34.6	interior		
chr7	26500000	0.0249472580199374	1.293186	0.1256527520797496	-0.0024756488515691	0.0014145141451414	mat	7	159345973	26.5	132.845973		33.6	interior		
chr7	27500000	0.0236936735695513	1.648366	0.1277420142782052	-0.148485419594339	0.0014145141451414	mat	7	159345973	27.5	131.845973		32.6	interior		
chr7	28500000	0.0290230889213383	2.049141	0.1570751756853532	-0.1556910541203811	0.0017835178351783	mat	7	159345973	28.5	130.845973		31.6	interior		
chr7	29500000	0.0363156655214357	2.553573	0.1963341220857428	-0.1536976041838501	0.0017835178351783	mat	7	159345973	29.5	129.845973		30.6	interior		
chr7	30500000	0.0393127289828984	2.273511	0.2027211359315936	-0.0571293545391506	0.0018450184501845	mat	7	159345973	30.5	128.845973		29.6	interior		
chr7	31500000	0.0264166210665433	1.861812	0.1429027242661732	-0.1548263192790852	0.001230012300123	mat	7	159345973	31.5	127.845973		28.6	interior		
chr7	32500000	0.0293880034944119	1.549296	0.1485379339776475	-0.0109097529156822	0.0012915129151291	mat	7	159345973	32.5	126.845973		27.6	interior		
chr7	33500000	0.0306964010112364	1.438038	0.1515463640449456	0.0480925948363191	0.0011685116851168	mat	7	159345973	33.5	125.845973		26.6	interior		
chr7	34500000	0.0388866637381418	1.45417	0.1846300549525672	0.1594330364646807	0.0013530135301353	mat	7	159345973	34.5	124.845973		25.6	interior		
chr7	35500000	0.0364641248033818	2.02516	0.1863596992135271	-0.0369462247277275	0.0011685116851168	mat	7	159345973	35.5	123.845973		24.6	interior		
chr7	36500000	0.0236935851493111	2.173228	0.1382389005972444	-0.2801158485344893	0.0011070110701107	mat	7	159345973	36.5	122.845973		23.6	interior		
chr7	37500000	0.0211873542055146	2.479032	0.1343300568220584	-0.3880777576756182	0.0012915129151291	mat	7	159345973	37.5	121.845973		22.6	interior		
chr7	38500000	0.0153234074794682	1.629489	0.0938834099178728	-0.3467506755217325	0.0009840098400984	mat	7	159345973	38.5	120.845973		21.6	interior		
chr7	39500000	0.0176497428866101	1.140449	0.0934079515464404	-0.1121794076111613	0.0007995079950799	mat	7	159345973	39.5	119.845973		20.6	interior		
chr7	40500000	0.0196322428764219	1.258679	0.1037025515056876	-0.1083212217539582	0.0007380073800738	mat	7	159345973	40.5	118.845973		19.6	interior		
chr7	41500000	0.0190600417108322	1.646022	0.1091606068433287	-0.2521306794961966	0.0008610086100861	mat	7	159345973	41.5	117.845973		18.6	interior		
chr7	42500000	0.0206419885283689	1.806849	0.1187049341134756	-0.258435980923376	0.0009840098400984	mat	7	159345973	42.5	116.845973		17.6	interior		
chr7	43500000	0.0239343016301006	1.565583	0.1270488665204024	-0.1182205400571384	0.0009225092250922	mat	7	159345973	43.5	115.845973		16.6	interior		
chr7	44500000	0.025918785623773	1.696107	0.137597282495092	-0.1184285719153847	0.0009840098400984	mat	7	159345973	44.5	114.845973		15.600000000000001	interior		
chr7	45500000	0.0169761801728611	1.860944	0.1051236006914444	-0.3600466404867508	0.0007380073800738	mat	7	159345973	45.5	113.845973		14.600000000000001	interior		
chr7	46500000	0.0170865838461532	2.25242	0.1133947353846127	-0.4375195087498648	0.0010455104551045	mat	7	159345973	46.5	112.845973		13.600000000000001	interior		
chr7	47500000	0.0161282252775284	1.804795	0.1006088011101136	-0.3689794721167799	0.0009840098400984	mat	7	159345973	47.5	111.845973		12.600000000000001	interior		
chr7	48500000	0.0208114020969082	1.663296	0.1165115283876328	-0.2155201315313289	0.0010455104551045	mat	7	159345973	48.5	110.845973		11.600000000000001	interior		
chr7	49500000	0.0200401500857828	1.332751	0.1068156203431312	-0.1263775470684174	0.0008610086100861	mat	7	159345973	49.5	109.845973		10.600000000000001	interior		
chr7	50500000	0.0203280030931757	1.622212	0.1137562523727028	-0.2148006033464481	0.0010455104551045	mat	7	159345973	50.5	108.845973		9.600000000000001	other		
chr7	51500000	0.0147712778316405	1.523229	0.089549691326562	-0.333158619248348	0.0010455104551045	mat	7	159345973	51.5	107.845973		8.600000000000001	other		
chr7	52500000	0.0069468812686186	1.167389	0.0511353050744744	-0.5302849823300385	0.0006765067650676	mat	7	159345973	52.5	106.845973		7.600000000000001	other		
chr7	53500000	0.000935131958446	0.972501	0.023190547833784	-0.9054900822198462	0.0002460024600246	mat	7	159345973	53.5	105.845973		6.600000000000001	other		
chr7	54500000	0.0064344044789089	1.168536	0.0491083379156356	-0.5576040210332457	0.0001230012300123	mat	7	159345973	54.5	104.845973		5.600000000000001	other		
chr7	55500000	0.0101737934004214	1.096016	0.0626154936016856	-0.3524482049234949	6.150061500615006e-05	mat	7	159345973	55.5	103.845973		4.600000000000001	other		
chr7	56500000	0.0254573441328906	1.022833	0.1222860365315624	0.1242652589680237	0.0001845018450184	mat	7	159345973	56.5	102.845973		3.6000000000000014	other		
chr7	57500000	0.0323378662687999	0.441998	0.1381914250751996	0.5810465656982264	0.0001230012300123	mat	7	159345973	57.5	101.845973		2.6000000000000014	other		
chr7	58500000	0.0347309858054337	0.283691	0.1445977632217348	0.7265816170446393	0.0001230012300123	mat	7	159345973	58.5	100.845973		1.6000000000000014	other		
chr7	59500000	0.0286802153462905	0.001362	0.114748101385162	0.9981603416123026	0.0	mat	7	159345973	59.5	99.845973		0.6000000000000014	other		
chr7	60500000	0.0286802153462905	0.001417	0.114749201385162	0.998086124000572	0.0	mat	7	159345973	60.5	98.845973		0.3999999999999986	other		
chr7	61500000	0.0315399560190025	0.006126	0.12628234407601	0.992497158533799	6.150061500615006e-05	mat	7	159345973	61.5	97.845973		1.3999999999999986	other		
chr7	62500000	0.0300443080483904	0.177436	0.1237259521935616	0.7945325535957407	6.150061500615006e-05	mat	7	159345973	62.5	96.845973		2.3999999999999986	other		
chr7	63500000	0.0215892166604357	0.304037	0.0924376066417428	0.5710616075731605	0.0001845018450184	mat	7	159345973	63.5	95.845973		3.3999999999999986	other		
chr7	64500000	0.0196655611458645	0.323476	0.085131764583458	0.5164208072908828	0.0001230012300123	mat	7	159345973	64.5	94.845973		4.399999999999999	other		
chr7	65500000	0.0179630137160151	0.19409	0.0757338548640604	0.6536074592082565	0.0001845018450184	mat	7	159345973	65.5	93.845973		5.399999999999999	other		
chr7	66500000	0.0204734255148261	0.376681	0.0894273220593044	0.4741721768292094	0.0002460024600246	mat	7	159345973	66.5	92.845973		6.399999999999999	other		
chr7	67500000	0.0249707051410367	1.050452	0.1208918605641468	0.1015866233410948	0.0006765067650676	mat	7	159345973	67.5	91.845973		7.399999999999999	other		
chr7	68500000	0.022954029140904	1.344554	0.118707196563616	-0.0635020158509266	0.0006765067650676	mat	7	159345973	68.5	90.845973		8.399999999999999	other		
chr7	69500000	0.0235059962788063	1.415236	0.1223287051152252	-0.0771697819154687	0.0006765067650676	mat	7	159345973	69.5	89.845973		9.399999999999999	other		
chr7	70500000	0.0241010549294858	1.39491	0.1243024197179432	-0.0575266998606609	0.0006765067650676	mat	7	159345973	70.5	88.845973		10.399999999999999	interior		
chr7	71500000	0.0253025564004253	1.218386	0.1255779456017012	0.034372512725982	0.0007995079950799	mat	7	159345973	71.5	87.845973		11.399999999999999	interior		
chr7	72500000	0.0239475556991146	1.276136	0.1213129427964583	-0.0162869527434151	0.0006150061500615	mat	7	159345973	72.5	86.845973		12.399999999999999	interior		
chr7	73500000	0.0265792231623992	1.089544	0.1281077726495968	0.1143793938475333	0.000430504305043	mat	7	159345973	73.5	85.845973		13.399999999999999	interior		
chr7	74500000	0.0385257529481535	1.510312	0.1843092517926139	0.1363477099382599	0.000430504305043	mat	7	159345973	74.5	84.845973		14.399999999999999	interior		
chr7	75500000	0.0401519858527037	1.249591	0.1855997634108148	0.2473842903002627	0.000430504305043	mat	7	159345973	75.5	83.845973		15.399999999999999	interior		
chr7	76500000	0.0326495574303808	1.183735	0.1542729297215232	0.1744717772616641	0.0006150061500615	mat	7	159345973	76.5	82.845973		16.4	interior		
chr7	77500000	0.0270074502539396	1.518188	0.1383935610157584	-0.0429790266706069	0.0009840098400984	mat	7	159345973	77.5	81.845973		17.4	interior		
chr7	78500000	0.0256739633235602	1.696166	0.1366191732942408	-0.1231218037803246	0.001230012300123	mat	7	159345973	78.5	80.845973		18.4	interior		
chr7	79500000	0.0418722882667551	1.88988	0.2052867530670203	0.0666533354683696	0.0014760147601476	mat	7	159345973	79.5	79.845973		19.4	interior		
chr7	80500000	0.0427629954022348	1.464441	0.2003408016089392	0.2019806883562265	0.001230012300123	mat	7	159345973	80.5	78.845973		20.4	interior		
chr7	81500000	0.0444378196305573	1.711376	0.2119787985222291	0.1450628711353722	0.0013530135301353	mat	7	159345973	81.5	77.845973		21.4	interior		
chr7	82500000	0.0208645364241733	1.453543	0.1125290056966932	-0.1491585282671407	0.0009225092250922	mat	7	159345973	82.5	76.845973		22.4	interior		
chr7	83500000	0.0134495589338443	1.050065	0.0747995357353772	-0.2043385719455442	0.0006150061500615	mat	7	159345973	83.5	75.845973		23.4	interior		
chr7	84500000	0.0094308703422911	0.685544	0.0514343613691644	-0.1698747128620442	0.000430504305043	mat	7	159345973	84.5	74.845973		24.4	interior		
chr7	85500000	0.0082203187614812	0.39841	0.0408494750459248	0.0311281183094578	0.0003075030750307	mat	7	159345973	85.5	73.845973		25.4	interior		
chr7	86500000	0.0114051776790601	0.490733	0.0554353707162404	0.0904105629444592	0.0003690036900369	mat	7	159345973	86.5	72.845973		26.4	interior		
chr7	87500000	0.0128198361940618	0.414875	0.0595768447762472	0.228951514236484	0.0003690036900369	mat	7	159345973	87.5	71.845973		27.4	interior		
chr7	88500000	0.0132756046552963	0.597766	0.0650577386211852	0.0678345326043496	0.0005535055350553	mat	7	159345973	88.5	70.845973		28.4	interior		
chr7	89500000	0.0114452263315438	0.501491	0.0558107253261752	0.081387611428187	0.0006150061500615	mat	7	159345973	89.5	69.845973		29.4	interior		
chr7	90500000	0.0113027988240371	0.842367	0.0620585352961483	-0.1819591739992627	0.0006150061500615	mat	7	159345973	90.5	68.845973		30.4	interior		
chr7	91500000	0.0138099807213035	0.782102	0.070881962885214	-0.0466883320346133	0.0003690036900369	mat	7	159345973	91.5	67.845973		31.4	interior		
chr7	92500000	0.0133714916201312	1.261024	0.0787064464805248	-0.2928700529908554	0.0003690036900369	mat	7	159345973	92.5	66.845973		32.4	interior		
chr7	93500000	0.0120159385446814	1.116159	0.0703869341787256	-0.2859342037999693	0.000430504305043	mat	7	159345973	93.5	65.845973		33.4	interior		
chr7	94500000	0.0141072514408258	1.263731	0.0817036257633032	-0.2691923727404149	0.0006765067650676	mat	7	159345973	94.5	64.845973		34.4	interior		
chr7	95500000	0.0186691249071086	1.190229	0.0984810796284343	-0.1055458968846011	0.0006765067650676	mat	7	159345973	95.5	63.845973		35.4	interior		
chr7	96500000	0.0210373943286621	1.260617	0.1093619173146484	-0.0748129694056761	0.0007380073800738	mat	7	159345973	96.5	62.845973		36.4	interior		
chr7	97500000	0.023442612219631	1.489429	0.1235590288785239	-0.1038461269128521	0.0007380073800738	mat	7	159345973	97.5	61.845973		37.4	interior		
chr7	98500000	0.0253981778757998	1.212229	0.1258372915031992	0.0387857018664756	0.0006765067650676	mat	7	159345973	98.5	60.845973		38.4	interior		
chr7	99500000	0.0246204332043928	1.011727	0.1187162728175711	0.1131689571770207	0.000430504305043	mat	7	159345973	99.5	59.845973		39.4	interior		
chr7	100500000	0.0300449798542318	1.024762	0.1406751594169272	0.2039154080122167	0.0006150061500615	mat	7	159345973	100.5	58.845973		40.4	interior		
chr7	101500000	0.0257375952719744	1.125228	0.1254549410878976	0.0824925154192156	0.0006150061500615	mat	7	159345973	101.5	57.845973		41.4	interior		
chr7	102500000	0.0222481331273709	1.238274	0.1137580125094836	-0.0380150006743731	0.0006765067650676	mat	7	159345973	102.5	56.845973		42.4	interior		
chr7	103500000	0.0202308070071963	0.964382	0.1002108680287851	0.0394135998114263	0.0004920049200492	mat	7	159345973	103.5	55.845973		43.4	interior		
chr7	104500000	0.0213279410001779	1.309052	0.1114928040007116	-0.086727318850243	0.0007380073800738	mat	7	159345973	104.5	54.845973		44.4	interior		
chr7	105500000	0.0364291802452737	2.052696	0.1867706409810948	-0.0441663616450689	0.0012915129151291	mat	7	159345973	105.5	53.845973		45.4	interior		
chr7	106500000	0.0337011208716975	2.271027	0.18022502348679	-0.1328634831500961	0.0012915129151291	mat	7	159345973	106.5	52.845973		46.4	interior		
chr7	107500000	0.0267974353441568	1.881994	0.1448296213766272	-0.153102601268033	0.001230012300123	mat	7	159345973	107.5	51.845973		47.4	interior		
chr7	108500000	0.0197503158685993	1.081225	0.1006257634743972	-0.0297569408500564	0.0010455104551045	mat	7	159345973	108.5	50.845973		48.4	interior		
chr7	109500000	0.0207119473675742	0.951503	0.1018778494702968	0.0578437852358668	0.0010455104551045	mat	7	159345973	109.5	49.845973		49.4	interior		
chr7	110500000	0.0277275573075185	1.021002	0.131330269230074	0.1669406982520916	0.0013530135301353	mat	7	159345973	110.5	48.845973		50.4	interior		
chr7	111500000	0.0335590525890835	1.205483	0.158345870356334	0.1789618908097392	0.0012915129151291	mat	7	159345973	111.5	47.845973		51.4	interior		
chr7	112500000	0.0264738380666691	1.042047	0.1267362922666764	0.1343643668136315	0.0010455104551045	mat	7	159345973	112.5	46.845973		52.4	interior		
chr7	113500000	0.0194349593610333	0.792174	0.0935833174441332	0.1171799018105965	0.0004920049200492	mat	7	159345973	113.5	45.845973		53.4	interior		
chr7	114500000	0.0096404833913477	0.545492	0.0494717735653908	-0.0462509249481119	0.0001230012300123	mat	7	159345973	114.5	44.845973		54.4	interior		
chr7	115500000	0.0095411423104795	0.542227	0.049009109241918	-0.0484233589416768	0.0001230012300123	mat	7	159345973	115.5	43.845973		55.4	interior		
chr7	116500000	0.0199166430401675	0.666525	0.0929970721606699	0.2130016238334344	0.0005535055350553	mat	7	159345973	116.5	42.845973		56.4	interior		
chr7	117500000	0.0293445728273977	0.510589	0.1275900713095908	0.4955164521512664	0.0006765067650676	mat	7	159345973	117.5	41.845973		57.4	interior		
chr7	118500000	0.0321360520647102	0.319764	0.1349394882588408	0.6765758771595737	0.0006765067650676	mat	7	159345973	118.5	40.845973		58.4	interior		
chr7	119500000	0.0219872141991888	0.221712	0.0923830967967552	0.6729500313368726	0.0003075030750307	mat	7	159345973	119.5	39.845973		59.4	interior		
chr7	120500000	0.0187833303259446	0.46913	0.0845159213037784	0.3475192146454844	0.0003690036900369	mat	7	159345973	120.5	38.845973		60.4	interior		
chr7	121500000	0.0148186385419582	0.592568	0.0711259141678328	0.1266015864466353	0.0003075030750307	mat	7	159345973	121.5	37.845973		61.4	interior		
chr7	122500000	0.0135352972905553	0.60091	0.0661593891622212	0.0748620322188501	0.0003075030750307	mat	7	159345973	122.5	36.845973		62.4	interior		
chr7	123500000	0.005984861787469	0.463572	0.0332108871498759	-0.2005348351090826	0.0001230012300123	mat	7	159345973	123.5	35.845973		63.4	interior		
chr7	124500000	0.010547856553048	0.657517	0.055341766212192	-0.09441740145613	0.0003075030750307	mat	7	159345973	124.5	34.845973		64.4	interior		
chr7	125500000	0.0085026327405202	0.655947	0.0471294709620808	-0.1986028137127992	0.0003075030750307	mat	7	159345973	125.5	33.845973		65.4	interior		
chr7	126500000	0.0100768671301219	0.642717	0.0531618085204875	-0.1057595695719196	0.0002460024600246	mat	7	159345973	126.5	32.845973		66.4	interior		
chr7	127500000	0.0071520475724144	1.038945	0.0493870902896576	-0.4759280873006723	0.0002460024600246	mat	7	159345973	127.5	31.845973		67.4	interior		
chr7	128500000	0.0078640282327286	1.41583	0.0597727129309144	-0.5546077691183049	0.000430504305043	mat	7	159345973	128.5	30.845973		68.4	interior		
chr7	129500000	0.0128570682257028	2.149388	0.0944160329028112	-0.5284180812168723	0.0006765067650676	mat	7	159345973	129.5	29.845973		69.4	interior		
chr7	130500000	0.0183424455536632	2.721875	0.1278072822146528	-0.4841224343487466	0.0011070110701107	mat	7	159345973	130.5	28.845973		70.4	interior		
chr7	131500000	0.0305025504065229	2.685222	0.1757146416260916	-0.2610917761252587	0.0011685116851168	mat	7	159345973	131.5	27.845973		71.4	interior		
chr7	132500000	0.0287822117634079	1.909429	0.1533174270536316	-0.1251666270484799	0.0011070110701107	mat	7	159345973	132.5	26.845973		72.4	interior		
chr7	133500000	0.019849231858588	1.009316	0.099583247434352	0.007142954190209	0.0006765067650676	mat	7	159345973	133.5	25.845973		73.4	interior		
chr7	134500000	0.0162046207390412	1.045336	0.0857252029561648	-0.1113603214886509	0.0005535055350553	mat	7	159345973	134.5	24.845973		74.4	interior		
chr7	135500000	0.0196212310047516	1.556743	0.1096197840190064	-0.2120290482967018	0.0006150061500615	mat	7	159345973	135.5	23.845973		75.4	interior		
chr7	136500000	0.0256925828524155	1.78401	0.138450531409662	-0.1475488362525339	0.0008610086100861	mat	7	159345973	136.5	22.845973		76.4	interior		
chr7	137500000	0.0353946833031152	2.76355	0.1968497332124608	-0.2043619103429548	0.0012915129151291	mat	7	159345973	137.5	21.845973		77.4	interior		
chr7	138500000	0.0319166608704121	2.932903	0.1863247034816484	-0.2809704802361281	0.001230012300123	mat	7	159345973	138.5	20.845973		78.4	interior		
chr7	139500000	0.0355765713727704	2.933934	0.2009849654910815	-0.2304186804342997	0.0011685116851168	mat	7	159345973	139.5	19.845973		79.4	end_q	19.0	chr7q
chr7	140500000	0.0228354833393423	1.924714	0.1298362133573692	-0.2407160136261468	0.0007995079950799	mat	7	159345973	140.5	18.845973		80.4	end_q	18.0	chr7q
chr7	141500000	0.0246945963531496	1.655189	0.1318821654125984	-0.130224797364162	0.0006765067650676	mat	7	159345973	141.5	17.845973		81.4	end_q	17.0	chr7q
chr7	142500000	0.018917982477198	1.425738	0.104186689908792	-0.1873520433139389	0.0004920049200492	mat	7	159345973	142.5	16.845973		82.4	end_q	16.0	chr7q
chr7	143500000	0.0184934159085536	1.227214	0.0985179436342144	-0.1253069375561558	0.0004920049200492	mat	7	159345973	143.5	15.845973		83.4	end_q	15.0	chr7q
chr7	144500000	0.0121146136068756	0.924017	0.0669387944275023	-0.1931281682151085	0.000430504305043	mat	7	159345973	144.5	14.845973		84.4	end_q	14.0	chr7q
chr7	145500000	0.0084698605463386	0.700964	0.0478987221853544	-0.2320894497530961	0.0003690036900369	mat	7	159345973	145.5	13.845973		85.4	end_q	13.0	chr7q
chr7	146500000	0.0019903438968195	0.741327	0.022787915587278	-0.7567188723041336	0.0001845018450184	mat	7	159345973	146.5	12.845973		86.4	end_q	12.0	chr7q
chr7	147500000	0.0070637698123156	1.74293	0.0631136792492624	-0.6541950801106604	0.0003690036900369	mat	7	159345973	147.5	11.845973		87.4	end_q	11.0	chr7q
chr7	148500000	0.0134383618900437	2.235278	0.0984590075601748	-0.5266002971609085	0.0006150061500615	mat	7	159345973	148.5	10.845973		88.4	end_q	10.0	chr7q
chr7	149500000	0.0207430701822068	2.763909	0.1382504607288271	-0.4418441636108509	0.0006765067650676	mat	7	159345973	149.5	9.845973		89.4	end_q	9.0	chr7q
chr7	150500000	0.0373812839110734	3.240623	0.2143375956442936	-0.2539221704494109	0.0015375153751537	mat	7	159345973	150.5	8.845973		90.4	end_q	8.0	chr7q
chr7	151500000	0.0312221498326151	3.320947	0.1913075393304604	-0.3468550556300021	0.001230012300123	mat	7	159345973	151.5	7.845973		91.4	end_q	7.0	chr7q
chr7	152500000	0.0348852636980619	3.554821	0.2106374747922476	-0.3278552015704171	0.0015375153751537	mat	7	159345973	152.5	6.845973		92.4	end_q	6.0	chr7q
chr7	153500000	0.0262757404087984	2.693695	0.1589768616351936	-0.3305423644268033	0.0009840098400984	mat	7	159345973	153.5	5.845973		93.4	end_q	5.0	chr7q
chr7	154500000	0.0530889795891215	3.209606	0.276548038356486	-0.0792261641407703	0.0020295202952029	mat	7	159345973	154.5	4.845973		94.4	end_q	4.0	chr7q
chr7	155500000	0.0574211728299358	2.448457	0.2786538313197432	0.0948880617993987	0.0021525215252152	mat	7	159345973	155.5	3.845973		95.4	end_q	3.0	chr7q
chr7	156500000	0.0701220279229546	1.841399	0.3173160916918184	0.325290659052308	0.0026445264452644	mat	7	159345973	156.5	2.845973		96.4	end_q	2.0	chr7q
chr7	157500000	0.0440825517399864	0.610579	0.1885417869599456	0.5766323109165148	0.0015375153751537	mat	7	159345973	157.5	1.845973		97.4	end_q	1.0	chr7q
chr7	158500000	0.0377442527424495	0.430751	0.159592030969798	0.6376633650357503	0.0009840098400984	mat	7	159345973	158.5	0.845973		98.4	end_q	0.0	chr7q
chr8	500000	0.0577362216743616	0.592645	0.2427977866974464	0.6680533106246023	0.0021525215252152	mat	8	145138636	0.5	144.638636		44.7	end_p	0.0	chr8p
chr8	1500000	0.0654685662080853	0.857246	0.2790191848323412	0.5950814654892237	0.0035055350553505	mat	8	145138636	1.5	143.638636		43.7	end_p	1.0	chr8p
chr8	2500000	0.0561253097120582	1.104897	0.2465991788482328	0.4475354624403619	0.0047970479704797	mat	8	145138636	2.5	142.638636		42.7	end_p	2.0	chr8p
chr8	3500000	0.054239673875851	1.435587	0.245670435503404	0.321766395837903	0.0046740467404674	mat	8	145138636	3.5	141.638636		41.7	end_p	3.0	chr8p
chr8	4500000	0.0571729601448936	1.25622	0.2538162405795744	0.402546177592721	0.0050430504305043	mat	8	145138636	4.5	140.638636		40.7	end_p	4.0	chr8p
chr8	5500000	0.0682087052706784	2.095102	0.3147368610827136	0.2535301191808249	0.004920049200492	mat	8	145138636	5.5	139.638636		39.7	end_p	5.0	chr8p
chr8	6500000	0.0672831926921602	2.353681	0.3162063907686407	0.1917581976714082	0.0035055350553505	mat	8	145138636	6.5	138.638636		38.7	end_p	6.0	chr8p
chr8	7500000	0.0695129297629517	2.427838	0.3266084790518068	0.1925198240169268	0.0031365313653136	mat	8	145138636	7.5	137.638636		37.7	end_p	7.0	chr8p
chr8	8500000	0.062360255973102	1.73343	0.284109623892408	0.2996271053094492	0.0022755227552275	mat	8	145138636	8.5	136.638636		36.7	end_p	8.0	chr8p
chr8	9500000	0.0706770651025423	1.511333	0.3129349204101692	0.4138610910962204	0.0039360393603936	mat	8	145138636	9.5	135.638636		35.7	end_p	9.0	chr8p
chr8	10500000	0.0726857317043606	2.026698	0.3312768868174424	0.2982207019940868	0.0039360393603936	mat	8	145138636	10.5	134.638636		34.7	end_p	10.0	chr8p
chr8	11500000	0.0745397500112903	2.134144	0.3408418800451612	0.2861155446042003	0.0034440344403444	mat	8	145138636	11.5	133.638636		33.7	end_p	11.0	chr8p
chr8	12500000	0.0496747989728397	2.201581	0.2427308158913587	0.0757126877408628	0.0025830258302583	mat	8	145138636	12.5	132.638636		32.7	end_p	12.0	chr8p
chr8	13500000	0.0306564085365322	1.630954	0.1552447141461288	-0.015463605020113	0.0020910209102091	mat	8	145138636	13.5	131.638636		31.700000000000003	end_p	13.0	chr8p
chr8	14500000	0.0412780776122109	1.447512	0.1940625504488436	0.1905805423008349	0.0030750307503075	mat	8	145138636	14.5	130.638636		30.700000000000003	end_p	14.0	chr8p
chr8	15500000	0.0507259040401232	1.432929	0.2315621961604927	0.2922777038777545	0.0031980319803198	mat	8	145138636	15.5	129.638636		29.700000000000003	end_p	15.0	chr8p
chr8	16500000	0.0635427196658425	2.296491	0.30010069866337	0.1760098074767247	0.0039360393603936	mat	8	145138636	16.5	128.638636		28.700000000000003	end_p	16.0	chr8p
chr8	17500000	0.0554338941819172	2.506257	0.2718607167276688	0.0658020431689755	0.0035670356703567	mat	8	145138636	17.5	127.638636		27.700000000000003	end_p	17.0	chr8p
chr8	18500000	0.0641736426429853	2.648283	0.3096602305719412	0.1110771528828541	0.0038745387453874	mat	8	145138636	18.5	126.638636		26.700000000000003	end_p	18.0	chr8p
chr8	19500000	0.0654540606809853	2.127782	0.3043718827239412	0.2268168090961667	0.0033210332103321	mat	8	145138636	19.5	125.638636		25.700000000000003	end_p	19.0	chr8p
chr8	20500000	0.0771961380268207	2.140749	0.3515995321072828	0.3007042536600076	0.0034440344403444	mat	8	145138636	20.5	124.638636		24.700000000000003	interior		
chr8	21500000	0.0779894650447887	2.521652	0.3623909001791547	0.2293721163858824	0.0030135301353013	mat	8	145138636	21.5	123.638636		23.700000000000003	interior		
chr8	22500000	0.0569989461713148	2.918665	0.2863690846852592	0.0036500715208082	0.002460024600246	mat	8	145138636	22.5	122.638636		22.700000000000003	interior		
chr8	23500000	0.0367466608645672	2.381698	0.1946206034582688	-0.1136926025514789	0.0015990159901599	mat	8	145138636	23.5	121.638636		21.700000000000003	interior		
chr8	24500000	0.0346353702995095	1.820177	0.174945021198038	-0.0093320342020561	0.0013530135301353	mat	8	145138636	24.5	120.638636		20.700000000000003	interior		
chr8	25500000	0.031409814888026	1.40773	0.153793859552104	0.0701524062927088	0.0009840098400984	mat	8	145138636	25.5	119.638636		19.700000000000003	interior		
chr8	26500000	0.0244376983034692	1.81687	0.1340881932138768	-0.180788088684956	0.0008610086100861	mat	8	145138636	26.5	118.638636		18.700000000000003	interior		
chr8	27500000	0.0236603717479778	2.041626	0.1354740069919112	-0.2517455783102061	0.0010455104551045	mat	8	145138636	27.5	117.638636		17.700000000000003	interior		
chr8	28500000	0.028473148906907	2.52457	0.164383995627628	-0.2644228094658439	0.001230012300123	mat	8	145138636	28.5	116.638636		16.700000000000003	interior		
chr8	29500000	0.039119528465261	2.307451	0.2026271338610439	-0.0669636110413569	0.0014760147601476	mat	8	145138636	29.5	115.638636		15.700000000000003	interior		
chr8	30500000	0.0271182922194818	1.922287	0.1469189088779272	-0.1576313038741185	0.0012915129151291	mat	8	145138636	30.5	114.638636		14.700000000000003	interior		
chr8	31500000	0.0222426357310914	1.182035	0.1126112429243656	-0.0149153127743917	0.0010455104551045	mat	8	145138636	31.5	113.638636		13.700000000000003	interior		
chr8	32500000	0.0183846645376774	0.974096	0.0930205781507096	-0.0134211932626099	0.0006765067650676	mat	8	145138636	32.5	112.638636		12.700000000000003	interior		
chr8	33500000	0.0077775835444506	0.581126	0.0427328541778024	-0.1831948149403951	0.0001230012300123	mat	8	145138636	33.5	111.638636		11.700000000000003	interior		
chr8	34500000	0.0109155694544029	0.534772	0.0543577178176116	0.0257436444093124	0.0001230012300123	mat	8	145138636	34.5	110.638636		10.700000000000003	interior		
chr8	35500000	0.0107932702774165	0.410206	0.051377201109666	0.1515301443598841	6.150061500615006e-05	mat	8	145138636	35.5	109.638636		9.700000000000003	other		
chr8	36500000	0.0218617143383888	1.227434	0.1119955373535552	-0.0423722103526175	0.000430504305043	mat	8	145138636	36.5	108.638636		8.700000000000003	other		
chr8	37500000	0.0203581759701063	1.669137	0.1148154438804252	-0.2276552979265579	0.0005535055350553	mat	8	145138636	37.5	107.638636		7.700000000000003	other		
chr8	38500000	0.023219547033862	1.836995	0.129618088135448	-0.2106691303542978	0.0008610086100861	mat	8	145138636	38.5	106.638636		6.700000000000003	other		
chr8	39500000	0.0169189955304071	1.797762	0.1036312221216284	-0.3464078127141272	0.0007995079950799	mat	8	145138636	39.5	105.638636		5.700000000000003	other		
chr8	40500000	0.0259276263470898	1.901506	0.1417406253883592	-0.1741775538989229	0.001230012300123	mat	8	145138636	40.5	104.638636		4.700000000000003	other		
chr8	41500000	0.0294057768960872	1.938223	0.1563875675843488	-0.1219828675148242	0.0010455104551045	mat	8	145138636	41.5	103.638636		3.700000000000003	other		
chr8	42500000	0.051843633089474	1.126709	0.229908712357896	0.4071268953066746	0.0012915129151291	mat	8	145138636	42.5	102.638636		2.700000000000003	other		
chr8	43500000	0.0501199042065784	0.319906	0.2068777368263136	0.7797647172026317	0.0006765067650676	mat	8	145138636	43.5	101.638636		1.7000000000000028	other		
chr8	44500000	0.0544279015341575	0.040632	0.21852424613663	0.971466945919356	0.0005535055350553	mat	8	145138636	44.5	100.638636		0.7000000000000028	other		
chr8	45500000	0.0243474630139498	0.033222	0.0980542920557992	0.9484563822617544	0.0001845018450184	mat	8	145138636	45.5	99.638636		0.29999999999999716	other		
chr8	46500000	0.0211185875891453	0.046731	0.0854089703565812	0.9177303050759724	0.0002460024600246	mat	8	145138636	46.5	98.638636		1.2999999999999972	other		
chr8	47500000	0.0204411492357888	0.266553	0.0870956569431552	0.5964141103755294	0.000430504305043	mat	8	145138636	47.5	97.638636		2.299999999999997	other		
chr8	48500000	0.0165216966107985	0.373597	0.073558726443194	0.3904432395557396	0.000430504305043	mat	8	145138636	48.5	96.638636		3.299999999999997	other		
chr8	49500000	0.0111913105494916	0.502401	0.0548132621979663	0.0693325957159007	0.0003690036900369	mat	8	145138636	49.5	95.638636		4.299999999999997	other		
chr8	50500000	0.005373299525415	0.52309	0.03195499810166	-0.3073181865190603	0.0003075030750307	mat	8	145138636	50.5	94.638636		5.299999999999997	other		
chr8	51500000	0.0088876999177445	1.126672	0.058084239670978	-0.421572677547277	0.0003075030750307	mat	8	145138636	51.5	93.638636		6.299999999999997	other		
chr8	52500000	0.0153806642206414	1.44196	0.0903618568825656	-0.2901675575262294	0.0006150061500615	mat	8	145138636	52.5	92.638636		7.299999999999997	other		
chr8	53500000	0.0207800438789097	1.699757	0.1171153155156388	-0.2265494705618669	0.0006765067650676	mat	8	145138636	53.5	91.638636		8.299999999999997	other		
chr8	54500000	0.0198205624266945	1.403596	0.107354169706778	-0.1571487981855393	0.0007995079950799	mat	8	145138636	54.5	90.638636		9.299999999999997	other		
chr8	55500000	0.0174176648497937	1.356816	0.0968069793991748	-0.2032603514708207	0.0006765067650676	mat	8	145138636	55.5	89.638636		10.299999999999997	interior		
chr8	56500000	0.0169745183678563	1.464913	0.0971963334714252	-0.2518100058576863	0.0007380073800738	mat	8	145138636	56.5	88.638636		11.299999999999997	interior		
chr8	57500000	0.0121633342055128	1.701635	0.0826860368220512	-0.461239739232833	0.0006150061500615	mat	8	145138636	57.5	87.638636		12.299999999999997	interior		
chr8	58500000	0.0091994100266719	1.656447	0.0699265801066876	-0.5546488394667043	0.0004920049200492	mat	8	145138636	58.5	86.638636		13.299999999999997	interior		
chr8	59500000	0.0078741570226172	1.409138	0.0596793880904688	-0.5525184255915425	0.0004920049200492	mat	8	145138636	59.5	85.638636		14.299999999999997	interior		
chr8	60500000	0.0192531391782207	1.282739	0.1026673367128828	-0.1272709681028881	0.0006765067650676	mat	8	145138636	60.5	84.638636		15.299999999999997	interior		
chr8	61500000	0.0163375273367849	1.05638	0.0864777093471396	-0.112516295174545	0.0006150061500615	mat	8	145138636	61.5	83.638636		16.299999999999997	interior		
chr8	62500000	0.0130705423236191	0.909331	0.0704687892944763	-0.1484934608364156	0.000430504305043	mat	8	145138636	62.5	82.638636		17.299999999999997	interior		
chr8	63500000	0.0039076447961672	0.486564	0.0253618591846688	-0.4141767067562685	0.0001230012300123	mat	8	145138636	63.5	81.638636		18.299999999999997	interior		
chr8	64500000	0.008808211281856	0.710528	0.049443405127424	-0.2199346983181206	0.0003075030750307	mat	8	145138636	64.5	80.638636		19.299999999999997	interior		
chr8	65500000	0.0160583833356909	0.736957	0.0789726733427636	0.0583588565425455	0.000430504305043	mat	8	145138636	65.5	79.638636		20.299999999999997	interior		
chr8	66500000	0.0228460611408528	1.1116	0.1136162445634112	0.0291777260233311	0.0006150061500615	mat	8	145138636	66.5	78.638636		21.299999999999997	interior		
chr8	67500000	0.0246230072942582	1.309709	0.1246862091770328	-0.0153637896913886	0.0008610086100861	mat	8	145138636	67.5	77.638636		22.299999999999997	interior		
chr8	68500000	0.0340641335273644	2.327685	0.1828102341094576	-0.1396981783511076	0.0011070110701107	mat	8	145138636	68.5	76.638636		23.299999999999997	interior		
chr8	69500000	0.0248568000307058	1.971828	0.1388637601228232	-0.2119555323150001	0.0009225092250922	mat	8	145138636	69.5	75.638636		24.299999999999997	interior		
chr8	70500000	0.0276687264415706	2.328601	0.1572469257662824	-0.2400108143475395	0.0006765067650676	mat	8	145138636	70.5	74.638636		25.299999999999997	interior		
chr8	71500000	0.0207318373149652	1.97207	0.1223687492598608	-0.2968026715441412	0.0007995079950799	mat	8	145138636	71.5	73.638636		26.299999999999997	interior		
chr8	72500000	0.0195199764102497	2.258455	0.1232490056409988	-0.383301841302767	0.0009225092250922	mat	8	145138636	72.5	72.638636		27.299999999999997	interior		
chr8	73500000	0.0189689613310253	1.851118	0.1128982053241012	-0.30841786867312	0.0009225092250922	mat	8	145138636	73.5	71.638636		28.299999999999997	interior		
chr8	74500000	0.008902681786453	1.116772	0.057946167145812	-0.4172420441093799	0.000430504305043	mat	8	145138636	74.5	70.638636		29.299999999999997	interior		
chr8	75500000	0.0116033596511049	0.987425	0.0661619386044196	-0.2452273705340114	0.000430504305043	mat	8	145138636	75.5	69.638636		30.299999999999997	interior		
chr8	76500000	0.0140003908366213	0.655287	0.0691073033464852	0.0485422851495561	0.0005535055350553	mat	8	145138636	76.5	68.638636		31.299999999999997	interior		
chr8	77500000	0.0137291486597919	0.700179	0.0689201746391676	0.0056670344997375	0.0005535055350553	mat	8	145138636	77.5	67.638636		32.3	interior		
chr8	78500000	0.016899692481046	0.741098	0.0824207299241839	0.0809780721730934	0.0005535055350553	mat	8	145138636	78.5	66.638636		33.3	interior		
chr8	79500000	0.0135125368338717	1.036608	0.0747823073354868	-0.1959055485655271	0.0003690036900369	mat	8	145138636	79.5	65.638636		34.3	interior		
chr8	80500000	0.0210516766467593	1.325904	0.1107247865870372	-0.0995296642723403	0.0006150061500615	mat	8	145138636	80.5	64.638636		35.3	interior		
chr8	81500000	0.0157695889358544	1.151756	0.0861134757434176	-0.1721731499566836	0.0004920049200492	mat	8	145138636	81.5	63.638636		36.3	interior		
chr8	82500000	0.0132805794896494	0.824925	0.0696208179585975	-0.0926538391047531	0.000430504305043	mat	8	145138636	82.5	62.638636		37.3	interior		
chr8	83500000	0.0111387603713408	0.530269	0.0551604214853631	0.0400762842040765	0.0001845018450184	mat	8	145138636	83.5	61.638636		38.3	interior		
chr8	84500000	0.0116432963998817	0.466495	0.0559030855995268	0.1256485820019132	0.0001230012300123	mat	8	145138636	84.5	60.638636		39.3	interior		
chr8	85500000	0.0112508341933789	0.617413	0.0573515967735156	-0.0309635472132799	0.0001230012300123	mat	8	145138636	85.5	59.638636		40.3	interior		
chr8	86500000	0.0047301879185584	0.539543	0.0297116116742336	-0.3772112651085078	6.150061500615006e-05	mat	8	145138636	86.5	58.638636		41.3	interior		
chr8	87500000	0.0051745910927036	0.721315	0.0351246643708144	-0.4598202436318519	0.0001845018450184	mat	8	145138636	87.5	57.638636		42.3	interior		
chr8	88500000	0.0079006399816894	0.706039	0.0457233399267575	-0.2680752243549565	0.0003690036900369	mat	8	145138636	88.5	56.638636		43.3	interior		
chr8	89500000	0.0133793674353528	0.691606	0.0673495897414112	-0.0010768284063902	0.0005535055350553	mat	8	145138636	89.5	55.638636		44.3	interior		
chr8	90500000	0.0164622445068105	0.664301	0.079134998027242	0.1221288953156036	0.0005535055350553	mat	8	145138636	90.5	54.638636		45.3	interior		
chr8	91500000	0.0149262585289745	0.754404	0.074793114115898	0.010171119588015	0.0003690036900369	mat	8	145138636	91.5	53.638636		46.3	interior		
chr8	92500000	0.0192788698562118	1.098876	0.0990929994248472	-0.0499007455779261	0.0006765067650676	mat	8	145138636	92.5	52.638636		47.3	interior		
chr8	93500000	0.0190848503879542	1.165178	0.0996429615518168	-0.0840935766974294	0.0007995079950799	mat	8	145138636	93.5	51.638636		48.3	interior		
chr8	94500000	0.0229595261766863	1.692181	0.1256817247067451	-0.1765755306206494	0.001230012300123	mat	8	145138636	94.5	50.638636		49.3	interior		
chr8	95500000	0.0158562299003338	1.674077	0.0969064596013352	-0.3435860112129846	0.0008610086100861	mat	8	145138636	95.5	49.638636		50.3	interior		
chr8	96500000	0.0135808859176953	1.891622	0.0921559836707812	-0.4595090860181432	0.0009225092250922	mat	8	145138636	96.5	48.638636		51.3	interior		
chr8	97500000	0.0121200352321705	1.646289	0.0814059209286819	-0.4495490997787119	0.0006150061500615	mat	8	145138636	97.5	47.638636		52.3	interior		
chr8	98500000	0.0176264291587894	1.254674	0.0955991966351576	-0.1596634417836496	0.0007380073800738	mat	8	145138636	98.5	46.638636		53.3	interior		
chr8	99500000	0.0247353032116367	1.787784	0.1346968928465468	-0.1670941255456724	0.0011070110701107	mat	8	145138636	99.5	45.638636		54.3	interior		
chr8	100500000	0.0264646506127967	2.19128	0.1496842024511868	-0.2323206421918727	0.001230012300123	mat	8	145138636	100.5	44.638636		55.3	interior		
chr8	101500000	0.0356349705416179	2.956502	0.2016699221664716	-0.2332680538586452	0.0015990159901599	mat	8	145138636	101.5	43.638636		56.3	interior		
chr8	102500000	0.0256707577751977	2.14872	0.1456574311007908	-0.2374434306322519	0.0011685116851168	mat	8	145138636	102.5	42.638636		57.3	interior		
chr8	103500000	0.0223572538915149	1.35653	0.1165596155660596	-0.0810147674755543	0.0009840098400984	mat	8	145138636	103.5	41.638636		58.3	interior		
chr8	104500000	0.0145312751376511	0.819663	0.0745183605506044	-0.0446907375205547	0.0005535055350553	mat	8	145138636	104.5	40.638636		59.3	interior		
chr8	105500000	0.015326071127211	0.741777	0.076139824508844	0.0318171117833181	0.0004920049200492	mat	8	145138636	105.5	39.638636		60.3	interior		
chr8	106500000	0.0124515427902261	0.782746	0.0654610911609044	-0.0985860916582328	0.0004920049200492	mat	8	145138636	106.5	38.638636		61.3	interior		
chr8	107500000	0.0104863027963579	0.675156	0.0554483311854316	-0.110410472810181	0.000430504305043	mat	8	145138636	107.5	37.638636		62.3	interior		
chr8	108500000	0.0088492034405156	0.608119	0.0475591937620624	-0.1424711966699502	0.0005535055350553	mat	8	145138636	108.5	36.638636		63.3	interior		
chr8	109500000	0.0093919943893235	0.395704	0.0454820575572939	0.1008263373804408	0.000430504305043	mat	8	145138636	109.5	35.638636		64.3	interior		
chr8	110500000	0.0072066641086959	0.289105	0.0346087564347836	0.1250249987876296	0.0003075030750307	mat	8	145138636	110.5	34.638636		65.3	interior		
chr8	111500000	0.0034112925707433	0.199407	0.0176333102829732	-0.0624723841685306	0.0	mat	8	145138636	111.5	33.638636		66.3	interior		
chr8	112500000	0.0014200509383729	0.31497	0.0119796037534916	-0.6226478271247704	6.150061500615006e-05	mat	8	145138636	112.5	32.638636		67.3	interior		
chr8	113500000	0.0047986740685709	0.347882	0.0261523362742836	-0.1685630797141258	0.0001845018450184	mat	8	145138636	113.5	31.638636		68.3	interior		
chr8	114500000	0.0072557791302555	0.670579	0.042434696521022	-0.2836041433729439	0.0002460024600246	mat	8	145138636	114.5	30.638636		69.3	interior		
chr8	115500000	0.0160018194210053	0.941863	0.0828445376840212	-0.0659085185360555	0.000430504305043	mat	8	145138636	115.5	29.638636		70.3	interior		
chr8	116500000	0.0219211267996355	1.3281	0.114246507198542	-0.0802792536982918	0.0007380073800738	mat	8	145138636	116.5	28.638636		71.3	interior		
chr8	117500000	0.0278066224160422	1.425296	0.1397324096641688	0.0031441962687367	0.0009225092250922	mat	8	145138636	117.5	27.638636		72.3	interior		
chr8	118500000	0.0205064573853472	1.170029	0.1054264095413888	-0.0504047420260878	0.0007995079950799	mat	8	145138636	118.5	26.638636		73.3	interior		
chr8	119500000	0.0136340166505903	1.039047	0.0753170066023612	-0.1927302143546579	0.000430504305043	mat	8	145138636	119.5	25.638636		74.3	interior		
chr8	120500000	0.0104246027884698	1.035268	0.0624037711538792	-0.3163167052028626	0.0004920049200492	mat	8	145138636	120.5	24.638636		75.3	interior		
chr8	121500000	0.0164394853955739	1.892716	0.1036122615822956	-0.3812030702864244	0.0006765067650676	mat	8	145138636	121.5	23.638636		76.3	interior		
chr8	122500000	0.0189030770934815	2.299657	0.121605448373926	-0.4045026302694862	0.0007380073800738	mat	8	145138636	122.5	22.638636		77.3	interior		
chr8	123500000	0.0339646229418656	2.494725	0.1857529917674624	-0.1749153069608119	0.0009225092250922	mat	8	145138636	123.5	21.638636		78.3	interior		
chr8	124500000	0.0398485165335784	2.335641	0.2061068861343135	-0.0638168929121539	0.0012915129151291	mat	8	145138636	124.5	20.638636		79.3	interior		
chr8	125500000	0.04226619041458	2.376978	0.21660432165832	-0.0431974665074188	0.0015375153751537	mat	8	145138636	125.5	19.638636		80.3	end_q	19.0	chr8q
chr8	126500000	0.0271828550434783	3.227951	0.1732904401739132	-0.3943441033364727	0.0012915129151291	mat	8	145138636	126.5	18.638636		81.3	end_q	18.0	chr8q
chr8	127500000	0.016333264233255	2.88597	0.12305245693302	-0.5480793042778873	0.0008610086100861	mat	8	145138636	127.5	17.638636		82.3	end_q	17.0	chr8q
chr8	128500000	0.0135450299280675	2.661189	0.1074038997122699	-0.5841107912943984	0.0006765067650676	mat	8	145138636	128.5	16.638636		83.3	end_q	16.0	chr8q
chr8	129500000	0.0146494288006121	1.663465	0.0918670152024484	-0.3752794153125698	0.0007995079950799	mat	8	145138636	129.5	15.638636		84.3	end_q	15.0	chr8q
chr8	130500000	0.0174439590555257	1.532653	0.1004288962221028	-0.2601847400422576	0.0008610086100861	mat	8	145138636	130.5	14.638636		85.3	end_q	14.0	chr8q
chr8	131500000	0.017708225950665	1.600943	0.10285176380266	-0.273446350933923	0.0010455104551045	mat	8	145138636	131.5	13.638636		86.3	end_q	13.0	chr8q
chr8	132500000	0.0184352279262071	2.478305	0.1233070117048284	-0.4454094196677122	0.0011685116851168	mat	8	145138636	132.5	12.638636		87.3	end_q	12.0	chr8q
chr8	133500000	0.0261812688193762	2.573677	0.1561986152775047	-0.3117194921420572	0.0014760147601476	mat	8	145138636	133.5	11.638636		88.3	end_q	11.0	chr8q
chr8	134500000	0.0271197160906516	2.431666	0.1571121843626064	-0.2696264602230702	0.0014145141451414	mat	8	145138636	134.5	10.638636		89.3	end_q	10.0	chr8q
chr8	135500000	0.0235085215255777	1.420919	0.1224524661023108	-0.0791079346522008	0.0010455104551045	mat	8	145138636	135.5	9.638636		90.3	end_q	9.0	chr8q
chr8	136500000	0.0084911867786489	1.233614	0.0586370271145956	-0.475971483286815	0.000430504305043	mat	8	145138636	136.5	8.638636		91.3	end_q	8.0	chr8q
chr8	137500000	0.0215954658837217	2.329883	0.1329795235348868	-0.3530908719783458	0.0011070110701107	mat	8	145138636	137.5	7.638636		92.3	end_q	7.0	chr8q
chr8	138500000	0.034208447998639	2.882916	0.194492111994556	-0.2406537797651274	0.0015375153751537	mat	8	145138636	138.5	6.638636		93.3	end_q	6.0	chr8q
chr8	139500000	0.0497297990153742	2.811755	0.2551542960614968	-0.0458731797773017	0.0019065190651906	mat	8	145138636	139.5	5.638636		94.3	end_q	5.0	chr8q
chr8	140500000	0.048108091038114	1.821441	0.228861184152456	0.1533878393525041	0.0012915129151291	mat	8	145138636	140.5	4.638636		95.3	end_q	4.0	chr8q
chr8	141500000	0.0576415820741164	1.272286	0.2560120482964655	0.400640217039347	0.0013530135301353	mat	8	145138636	141.5	3.638636		96.3	end_q	3.0	chr8q
chr8	142500000	0.0674810292806549	1.095446	0.2918330371226196	0.5212389066792988	0.0017220172201722	mat	8	145138636	142.5	2.638636		97.3	end_q	2.0	chr8q
chr8	143500000	0.06127585374938	0.584608	0.25679557499752	0.6878147916092336	0.0014760147601476	mat	8	145138636	143.5	1.638636		98.3	end_q	1.0	chr8q
chr8	144500000	0.046000071519051	0.238949	0.188779266076204	0.8170142792859413	0.0008610086100861	mat	8	145138636	144.5	0.638636		99.3	end_q	0.0	chr8q
chr9	500000	0.0503109375745321	0.814361	0.2175309702981284	0.522290193941425	0.0020295202952029	mat	9	138394717	0.5	137.894717		42.5	end_p	0.0	chr9p
chr9	1500000	0.0641366587675234	1.128877	0.2791241750700936	0.4911639791524028	0.0040590405904059	mat	9	138394717	1.5	136.894717		41.5	end_p	1.0	chr9p
chr9	2500000	0.0694276985031867	1.190008	0.3015109540127468	0.5011643318131368	0.0044895448954489	mat	9	138394717	2.5	135.894717		40.5	end_p	2.0	chr9p
chr9	3500000	0.0845020565619369	1.74047	0.3728176262477476	0.4292747051621043	0.0051045510455104	mat	9	138394717	3.5	134.894717		39.5	end_p	3.0	chr9p
chr9	4500000	0.0708332164659497	1.413984	0.3116125458637988	0.4419529912759636	0.003690036900369	mat	9	138394717	4.5	133.894717		38.5	end_p	4.0	chr9p
chr9	5500000	0.072279171267482	1.28737	0.3148640850699279	0.4866521623255832	0.0035670356703567	mat	9	138394717	5.5	132.894717		37.5	end_p	5.0	chr9p
chr9	6500000	0.0563325084907751	1.530754	0.2559451139631004	0.3099160509774151	0.0028290282902829	mat	9	138394717	6.5	131.894717		36.5	end_p	6.0	chr9p
chr9	7500000	0.0643181466998221	2.118643	0.2996454467992884	0.2205459206868863	0.0031980319803198	mat	9	138394717	7.5	130.894717		35.5	end_p	7.0	chr9p
chr9	8500000	0.0530778501541429	2.553394	0.2633792806165716	0.0348508639723842	0.0031365313653136	mat	9	138394717	8.5	129.894717		34.5	end_p	8.0	chr9p
chr9	9500000	0.0522904908977746	2.278495	0.2547318635910984	0.0841471015803083	0.0030750307503075	mat	9	138394717	9.5	128.894717		33.5	end_p	9.0	chr9p
chr9	10500000	0.0347946215331081	1.563212	0.1704427261324324	0.0689473638962448	0.002460024600246	mat	9	138394717	10.5	127.894717		32.5	end_p	10.0	chr9p
chr9	11500000	0.0240558433324829	1.55572	0.1273377733299316	-0.1126038274759778	0.0019680196801968	mat	9	138394717	11.5	126.894717		31.5	end_p	11.0	chr9p
chr9	12500000	0.0397267522765513	1.609939	0.1911057891062052	0.1200296618700999	0.0021525215252152	mat	9	138394717	12.5	125.894717		30.5	end_p	12.0	chr9p
chr9	13500000	0.059373031428606	3.206044	0.3016130057144239	-0.0228979745390719	0.0030135301353013	mat	9	138394717	13.5	124.894717		29.5	end_p	13.0	chr9p
chr9	14500000	0.0816124139289105	3.125793	0.388965515715642	0.1477540177078385	0.0032595325953259	mat	9	138394717	14.5	123.894717		28.5	end_p	14.0	chr9p
chr9	15500000	0.0795136343236564	3.034956	0.3787536572946256	0.1494351638810171	0.0030750307503075	mat	9	138394717	15.5	122.894717		27.5	end_p	15.0	chr9p
chr9	16500000	0.0615581531609838	1.634841	0.2789294326439352	0.3202406503832585	0.0022755227552275	mat	9	138394717	16.5	121.894717		26.5	end_p	16.0	chr9p
chr9	17500000	0.0459094191215622	1.746147	0.2185606164862488	0.1511588656362537	0.0022140221402214	mat	9	138394717	17.5	120.894717		25.5	end_p	17.0	chr9p
chr9	18500000	0.0382167204320482	1.671631	0.1862995017281928	0.0822473098208536	0.0019680196801968	mat	9	138394717	18.5	119.894717		24.5	end_p	18.0	chr9p
chr9	19500000	0.0538387582437808	1.902682	0.2534086729751232	0.1868405634542313	0.0023985239852398	mat	9	138394717	19.5	118.894717		23.5	end_p	19.0	chr9p
chr9	20500000	0.0570539810196456	1.691209	0.2620401040785824	0.2701021021915869	0.0021525215252152	mat	9	138394717	20.5	117.894717		22.5	interior		
chr9	21500000	0.0533583020490532	1.606848	0.2455701681962128	0.2627633530502574	0.0020295202952029	mat	9	138394717	21.5	116.894717		21.5	interior		
chr9	22500000	0.0483679676910345	1.908013	0.231632130764138	0.1332867329864351	0.0017835178351783	mat	9	138394717	22.5	115.894717		20.5	interior		
chr9	23500000	0.0596408517533506	1.871542	0.2759942470134024	0.243494857770495	0.0020295202952029	mat	9	138394717	23.5	114.894717		19.5	interior		
chr9	24500000	0.0555298474909962	2.216213	0.2664436499639848	0.1275585736751647	0.0019065190651906	mat	9	138394717	24.5	113.894717		18.5	interior		
chr9	25500000	0.0434947109405011	1.633875	0.2066563437620044	0.1572242230439045	0.0015990159901599	mat	9	138394717	25.5	112.894717		17.5	interior		
chr9	26500000	0.0340564153382476	2.757034	0.1913663413529904	-0.2216319027164301	0.0015990159901599	mat	9	138394717	26.5	111.894717		16.5	interior		
chr9	27500000	0.0252038065099507	2.318368	0.1471825860398027	-0.281432736578718	0.0012915129151291	mat	9	138394717	27.5	110.894717		15.5	interior		
chr9	28500000	0.020445765232206	2.334951	0.128482080928824	-0.3777312833627056	0.0013530135301353	mat	9	138394717	28.5	109.894717		14.5	interior		
chr9	29500000	0.0108468968429787	0.898767	0.0613629273719148	-0.2326581408797936	0.0006765067650676	mat	9	138394717	29.5	108.894717		13.5	interior		
chr9	30500000	0.0088136137032721	0.687745	0.0490093548130884	-0.2040796196991893	0.0006150061500615	mat	9	138394717	30.5	107.894717		12.5	interior		
chr9	31500000	0.0227261228539922	1.105245	0.1130093914159688	0.0294123819025849	0.0010455104551045	mat	9	138394717	31.5	106.894717		11.5	interior		
chr9	32500000	0.0372089993142937	1.530469	0.1794453772571748	0.1127042016189577	0.001230012300123	mat	9	138394717	32.5	105.894717		10.5	interior		
chr9	33500000	0.051175629723748	1.445806	0.233618638894992	0.2922230015920731	0.0014145141451414	mat	9	138394717	33.5	104.894717		9.5	other		
chr9	34500000	0.0534344019190147	1.154397	0.2368255476760588	0.4096039004740865	0.0009840098400984	mat	9	138394717	34.5	103.894717		8.5	other		
chr9	35500000	0.0424938653043817	1.477956	0.1995345812175268	0.1945354169436151	0.0011685116851168	mat	9	138394717	35.5	102.894717		7.5	other		
chr9	36500000	0.0306092238729664	1.648404	0.1554049754918656	-0.02155287867732	0.0008610086100861	mat	9	138394717	36.5	101.894717		6.5	other		
chr9	37500000	0.0383296291990269	2.896382	0.2112461567961076	-0.1886362518629119	0.001230012300123	mat	9	138394717	37.5	100.894717		5.5	other		
chr9	38500000	0.040960387785528	2.346477	0.210771091142112	-0.0524098794972438	0.0007995079950799	mat	9	138394717	38.5	99.894717		4.5	other		
chr9	39500000	0.0568069709903882	2.182592	0.2708797239615528	0.146214275056325	0.0007380073800738	mat	9	138394717	39.5	98.894717		3.5	other		
chr9	40500000	0.0286802153462905	0.587019	0.126461241385162	0.4318346274278912	0.0	mat	9	138394717	40.5	97.894717		2.5	other		
chr9	41500000	0.0286802153462905	0.276864	0.120258141385162	0.6847031577591886	0.0	mat	9	138394717	41.5	96.894717		1.5	other		
chr9	42500000	0.0286802153462905	0.010128	0.114923421385162	0.9864005836798534	0.0	mat	9	138394717	42.5	95.894717		0.5	other		
chr9	43500000	0.0286802153462905	0.009736	0.114915581385162	0.9869235019243432	0.0	mat	9	138394717	43.5	94.894717		0.5	other		
chr9	44500000	0.0286802153462905	0.001083	0.114742521385162	0.998536912254394	0.0	mat	9	138394717	44.5	93.894717		1.5	other		
chr9	45500000	0.0286802153462905	0.001243	0.114745721385162	0.9983209404073248	0.0	mat	9	138394717	45.5	92.894717		2.5	other		
chr9	46500000	0.0286802153462905	0.001305	0.114746961385162	0.9982372638644158	0.0	mat	9	138394717	46.5	91.894717		3.5	other		
chr9	47500000	0.0286802153462905	0.001315	0.114747161385162	0.998223768304096	0.0	mat	9	138394717	47.5	90.894717		4.5	other		
chr9	48500000	0.0286802153462905	0.001315	0.114747161385162	0.998223768304096	0.0	mat	9	138394717	48.5	89.894717		5.5	other		
chr9	49500000	0.0286802153462905	0.001315	0.114747161385162	0.998223768304096	0.0	mat	9	138394717	49.5	88.894717		6.5	other		
chr9	50500000	0.0286802153462905	0.001315	0.114747161385162	0.998223768304096	0.0	mat	9	138394717	50.5	87.894717		7.5	other		
chr9	51500000	0.0286802153462905	0.001315	0.114747161385162	0.998223768304096	0.0	mat	9	138394717	51.5	86.894717		8.5	other		
chr9	52500000	0.0286802153462905	0.001315	0.114747161385162	0.998223768304096	0.0	mat	9	138394717	52.5	85.894717		9.5	other		
chr9	53500000	0.0286802153462905	0.001315	0.114747161385162	0.998223768304096	0.0	mat	9	138394717	53.5	84.894717		10.5	interior		
chr9	54500000	0.0286802153462905	0.001315	0.114747161385162	0.998223768304096	0.0	mat	9	138394717	54.5	83.894717		11.5	interior		
chr9	55500000	0.0286802153462905	0.001315	0.114747161385162	0.998223768304096	0.0	mat	9	138394717	55.5	82.894717		12.5	interior		
chr9	56500000	0.0286802153462905	0.001315	0.114747161385162	0.998223768304096	0.0	mat	9	138394717	56.5	81.894717		13.5	interior		
chr9	57500000	0.0286802153462905	0.001315	0.114747161385162	0.998223768304096	0.0	mat	9	138394717	57.5	80.894717		14.5	interior		
chr9	58500000	0.0286802153462905	0.001315	0.114747161385162	0.998223768304096	0.0	mat	9	138394717	58.5	79.894717		15.5	interior		
chr9	59500000	0.0286802153462905	0.001263	0.114746121385162	0.9982939472084428	0.0	mat	9	138394717	59.5	78.894717		16.5	interior		
chr9	60500000	0.0286802153462905	0.045504	0.115630941385162	0.940316818594384	0.0	mat	9	138394717	60.5	77.894717		17.5	interior		
chr9	61500000	0.0286802153462905	0.045065	0.115622161385162	0.9408755905655442	0.0	mat	9	138394717	61.5	76.894717		18.5	interior		
chr9	62500000	0.0286802153462905	0.045775	0.115636361385162	0.9399720424911464	0.0	mat	9	138394717	62.5	75.894717		19.5	interior		
chr9	63500000	0.0286802153462905	0.00796	0.114880061385162	0.9892960951438724	0.0	mat	9	138394717	63.5	74.894717		20.5	interior		
chr9	64500000	0.0286802153462905	0.034531	0.115411481385162	0.9543807568731668	0.0	mat	9	138394717	64.5	73.894717		21.5	interior		
chr9	65500000	0.0286802153462905	0.227885	0.119278561385162	0.7330358053661971	0.0	mat	9	138394717	65.5	72.894717		22.5	interior		
chr9	66500000	0.0286802153462905	0.375565	0.122232161385162	0.595059107493703	0.0	mat	9	138394717	66.5	71.894717		23.5	interior		
chr9	67500000	0.0233025818940392	0.721571	0.1076417475761568	0.249745337583805	0.0001230012300123	mat	9	138394717	67.5	70.894717		24.5	interior		
chr9	68500000	0.0213993198173555	1.03543	0.106305879269422	0.031957141434669	0.0003075030750307	mat	9	138394717	68.5	69.894717		25.5	interior		
chr9	69500000	0.0151632116821425	1.059562	0.0818440867285699	-0.1506396215160477	0.0003690036900369	mat	9	138394717	69.5	68.894717		26.5	interior		
chr9	70500000	0.0142072576948691	1.173157	0.0802921707794764	-0.2310286799281332	0.000430504305043	mat	9	138394717	70.5	67.894717		27.5	interior		
chr9	71500000	0.009539945014345	0.862594	0.05541166005738	-0.2735099922721445	0.0003075030750307	mat	9	138394717	71.5	66.894717		28.5	interior		
chr9	72500000	0.0093818186730428	0.956948	0.0566662346921712	-0.3282924295338257	0.0003075030750307	mat	9	138394717	72.5	65.894717		29.5	interior		
chr9	73500000	0.0147698791838462	1.03585	0.0797965167353847	-0.1524222392368987	0.0003075030750307	mat	9	138394717	73.5	64.894717		30.5	interior		
chr9	74500000	0.0221617691499019	1.73191	0.1232852765996076	-0.2047938847553603	0.0007995079950799	mat	9	138394717	74.5	63.894717		31.5	interior		
chr9	75500000	0.0249673834591298	2.963718	0.1591438938365192	-0.3941807340813957	0.0010455104551045	mat	9	138394717	75.5	62.894717		32.5	interior		
chr9	76500000	0.0226849804634558	2.892254	0.1485850018538232	-0.4239269685067918	0.0011685116851168	mat	9	138394717	76.5	61.894717		33.5	interior		
chr9	77500000	0.0260129904228009	2.655313	0.1571582216912036	-0.3286253452149963	0.0011070110701107	mat	9	138394717	77.5	60.894717		34.5	interior		
chr9	78500000	0.0296934541822466	1.966065	0.1580951167289864	-0.1242120843732019	0.001230012300123	mat	9	138394717	78.5	59.894717		35.5	interior		
chr9	79500000	0.0240408158186143	1.741862	0.1310005032744572	-0.1682877151854763	0.0011070110701107	mat	9	138394717	79.5	58.894717		36.5	interior		
chr9	80500000	0.0201334828412304	1.98484	0.1202307313649216	-0.3130111698813822	0.0008610086100861	mat	9	138394717	80.5	57.894717		37.5	interior		
chr9	81500000	0.024864515879621	1.527822	0.130014503518484	-0.0872812218469601	0.0007995079950799	mat	9	138394717	81.5	56.894717		38.5	interior		
chr9	82500000	0.0256076036904953	1.765768	0.1377457747619812	-0.1441404651276108	0.0007995079950799	mat	9	138394717	82.5	55.894717		39.5	interior		
chr9	83500000	0.0256787138837415	1.414619	0.131007235534966	-0.0328901953528205	0.0009225092250922	mat	9	138394717	83.5	54.894717		40.5	interior		
chr9	84500000	0.0185026034449402	1.662289	0.1072561937797607	-0.270538911805245	0.0006765067650676	mat	9	138394717	84.5	53.894717		41.5	interior		
chr9	85500000	0.0315508057367541	1.949822	0.1651996629470164	-0.0901273920134685	0.0008610086100861	mat	9	138394717	85.5	52.894717		42.5	interior		
chr9	86500000	0.0237074801078994	2.224902	0.1393279604315976	-0.2906391740697378	0.0007380073800738	mat	9	138394717	86.5	51.894717		43.5	interior		
chr9	87500000	0.0228397708056424	2.379847	0.1389560232225695	-0.3377667814943575	0.0008610086100861	mat	9	138394717	87.5	50.894717		44.5	interior		
chr9	88500000	0.0164316545968768	2.472366	0.1151739383875072	-0.4894114489159574	0.0007380073800738	mat	9	138394717	88.5	49.894717		45.5	interior		
chr9	89500000	0.0266822458183054	2.184616	0.1504213032732216	-0.2269997930876769	0.0009840098400984	mat	9	138394717	89.5	48.894717		46.5	interior		
chr9	90500000	0.0302298844065031	1.905938	0.1590382976260124	-0.1000390451614263	0.0011070110701107	mat	9	138394717	90.5	47.894717		47.5	interior		
chr9	91500000	0.023159888665953	1.102574	0.114691034663812	0.040062603296075	0.0008610086100861	mat	9	138394717	91.5	46.894717		48.5	interior		
chr9	92500000	0.0308514972467737	1.056815	0.1445422889870948	0.2018493116222753	0.0010455104551045	mat	9	138394717	92.5	45.894717		49.5	interior		
chr9	93500000	0.0347494355515826	0.708238	0.1531625022063304	0.4335547825695707	0.0008610086100861	mat	9	138394717	93.5	44.894717		50.5	interior		
chr9	94500000	0.042769455504218	0.877834	0.1886345020168719	0.43070166915341	0.0011070110701107	mat	9	138394717	94.5	43.894717		51.5	interior		
chr9	95500000	0.0357431095971867	0.715139	0.1572752183887467	0.4410348198052851	0.0007380073800738	mat	9	138394717	95.5	42.894717		52.5	interior		
chr9	96500000	0.0320170000095693	0.841239	0.1448927800382772	0.3250380794350052	0.0007380073800738	mat	9	138394717	96.5	41.894717		53.5	interior		
chr9	97500000	0.0334689819979854	1.459862	0.1630731679919416	0.0836395937219262	0.0009840098400984	mat	9	138394717	97.5	40.894717		54.5	interior		
chr9	98500000	0.022170491546848	1.339163	0.115465226187392	-0.0787808484080654	0.0007995079950799	mat	9	138394717	98.5	39.894717		55.5	interior		
chr9	99500000	0.0176648698276965	1.133063	0.093320739310786	-0.1085471211803929	0.0006765067650676	mat	9	138394717	99.5	38.894717		56.5	interior		
chr9	100500000	0.0083072792084323	0.842776	0.0500846368337292	-0.325878451146563	0.0003075030750307	mat	9	138394717	100.5	37.894717		57.5	interior		
chr9	101500000	0.0035912960079171	0.901713	0.0323994440316684	-0.6591545089067544	0.0003075030750307	mat	9	138394717	101.5	36.894717		58.5	interior		
chr9	102500000	0.0075306052654272	1.187377	0.0538699610617088	-0.5070039052886494	0.000430504305043	mat	9	138394717	102.5	35.894717		59.5	interior		
chr9	103500000	0.0093389520068482	1.179022	0.0609362480273928	-0.4198820027791036	0.0006765067650676	mat	9	138394717	103.5	34.894717		60.5	interior		
chr9	104500000	0.0141980210180267	1.306635	0.0829247840721068	-0.2816555932528014	0.0009840098400984	mat	9	138394717	104.5	33.894717		61.5	interior		
chr9	105500000	0.0184026405434998	1.512913	0.1038688221739991	-0.2289437698550437	0.0011070110701107	mat	9	138394717	105.5	32.894717		62.5	interior		
chr9	106500000	0.0164949592582781	2.157372	0.1091272770331124	-0.434330005141033	0.0009225092250922	mat	9	138394717	106.5	31.894717		63.5	interior		
chr9	107500000	0.0142008460638231	2.113958	0.0990825442552923	-0.4853301638767311	0.0007380073800738	mat	9	138394717	107.5	30.894717		64.5	interior		
chr9	108500000	0.0167341716375655	1.997855	0.106893786550262	-0.3966050101932323	0.0008610086100861	mat	9	138394717	108.5	29.894717		65.5	interior		
chr9	109500000	0.0180762402209988	1.269849	0.0977019408839952	-0.1532363620127086	0.0009225092250922	mat	9	138394717	109.5	28.894717		66.5	interior		
chr9	110500000	0.0244404962810622	1.210901	0.1219800051242488	0.020132502100197	0.0010455104551045	mat	9	138394717	110.5	27.894717		67.5	interior		
chr9	111500000	0.0146567616799993	1.27943	0.0842156467199972	-0.2571550335916066	0.0006150061500615	mat	9	138394717	111.5	26.894717		68.5	interior		
chr9	112500000	0.0228482105340294	2.008386	0.1315605621361176	-0.2603953331714934	0.0007995079950799	mat	9	138394717	112.5	25.894717		69.5	interior		
chr9	113500000	0.0324491069989731	2.820524	0.1862069079958924	-0.2551633378326464	0.0009840098400984	mat	9	138394717	113.5	24.894717		70.5	interior		
chr9	114500000	0.0322241494646673	2.636807	0.1816327378586691	-0.2267203950647	0.0010455104551045	mat	9	138394717	114.5	23.894717		71.5	interior		
chr9	115500000	0.0226372746914998	1.771317	0.1259754387659992	-0.2054018455975542	0.0007995079950799	mat	9	138394717	115.5	22.894717		72.5	interior		
chr9	116500000	0.0133196423332727	1.051847	0.0743155093330908	-0.2097951626726157	0.0003690036900369	mat	9	138394717	116.5	21.894717		73.5	interior		
chr9	117500000	0.0190994378394348	1.042285	0.0972434513577392	-0.0281739420469638	0.0005535055350553	mat	9	138394717	117.5	20.894717		74.5	interior		
chr9	118500000	0.0183034683743736	1.607496	0.1053637934974944	-0.2599890855365835	0.0005535055350553	mat	9	138394717	118.5	19.894717		75.5	end_q	19.0	chr9q
chr9	119500000	0.0186859260262153	1.541905	0.1055818041048612	-0.230698554114524	0.0005535055350553	mat	9	138394717	119.5	18.894717		76.5	end_q	18.0	chr9q
chr9	120500000	0.0219963098942902	1.620522	0.1203956795771608	-0.1763760999008385	0.0005535055350553	mat	9	138394717	120.5	17.894717		77.5	end_q	17.0	chr9q
chr9	121500000	0.0255079522569458	1.375324	0.1295382890277832	-0.022149060458156	0.0007380073800738	mat	9	138394717	121.5	16.894717		78.5	end_q	16.0	chr9q
chr9	122500000	0.0380400115176201	1.343033	0.1790207060704804	0.1873128837669314	0.0011070110701107	mat	9	138394717	122.5	15.894717		79.5	end_q	15.0	chr9q
chr9	123500000	0.0436300147453466	1.517345	0.2048669589813864	0.1945756157030339	0.001230012300123	mat	9	138394717	123.5	14.894717		80.5	end_q	14.0	chr9q
chr9	124500000	0.0475495872743025	0.915748	0.20851330909721	0.4562700140247487	0.0010455104551045	mat	9	138394717	124.5	13.894717		81.5	end_q	13.0	chr9q
chr9	125500000	0.0361376882178726	1.431179	0.1731743328714904	0.1313523807168863	0.0009225092250922	mat	9	138394717	125.5	12.894717		82.5	end_q	12.0	chr9q
chr9	126500000	0.0315553517486292	1.159763	0.1494166669945168	0.1678569129620853	0.0008610086100861	mat	9	138394717	126.5	11.894717		83.5	end_q	11.0	chr9q
chr9	127500000	0.0255125241454751	1.483987	0.1317298365819004	-0.0600123963166683	0.0008610086100861	mat	9	138394717	127.5	10.894717		84.5	end_q	10.0	chr9q
chr9	128500000	0.0370344600004974	1.910447	0.1863467800019896	-4.734977222541951e-05	0.0010455104551045	mat	9	138394717	128.5	9.894717		85.5	end_q	9.0	chr9q
chr9	129500000	0.0482610762140233	2.785685	0.2487580048560932	-0.0561781523968384	0.0014760147601476	mat	9	138394717	129.5	8.894717		86.5	end_q	8.0	chr9q
chr9	130500000	0.0559829831345754	3.033795	0.2846078325383016	-0.024681398003524	0.0019680196801968	mat	9	138394717	130.5	7.894717		87.5	end_q	7.0	chr9q
chr9	131500000	0.053752446272685	2.736431	0.26973840509074	0.0065640944233929	0.0018450184501845	mat	9	138394717	131.5	6.894717		88.5	end_q	6.0	chr9q
chr9	132500000	0.0633694665452725	2.496847	0.3034148061810899	0.133865236320307	0.0022140221402214	mat	9	138394717	132.5	5.894717		89.5	end_q	5.0	chr9q
chr9	133500000	0.0698174478809207	3.466421	0.3485982115236828	0.0190751931913282	0.002460024600246	mat	9	138394717	133.5	4.894717		90.5	end_q	4.0	chr9q
chr9	134500000	0.0847867091135705	3.684576	0.412838356454282	0.0854794189679661	0.0034440344403444	mat	9	138394717	134.5	3.894717		91.5	end_q	3.0	chr9q
chr9	135500000	0.075889992056533	3.069756	0.364955088226132	0.1209452775828177	0.0028290282902829	mat	9	138394717	135.5	2.894717		92.5	end_q	2.0	chr9q
chr9	136500000	0.0714551699788335	1.668783	0.319196339915334	0.3766797020574379	0.0023985239852398	mat	9	138394717	136.5	1.894717		93.5	end_q	1.0	chr9q
chr9	137500000	0.0577672863527698	0.597334	0.2430158254110792	0.6660154075572546	0.0010455104551045	mat	9	138394717	137.5	0.894717		94.5	end_q	0.0	chr9q
